Concurso,R1,R2,R3,R4,R5,Fecha,Sorteo
1369,7,11,13,18,22,07/04/2005,Clasico
1370,1,3,6,14,24,08/04/2005,Clasico
1371,8,18,20,22,25,09/04/2005,Clasico
1372,4,9,16,21,25,10/04/2005,Clasico
1373,6,12,18,20,28,11/04/2005,Clasico
1374,4,6,19,21,23,12/04/2005,Clasico
1375,15,20,21,25,27,13/04/2005,Clasico
1376,5,6,10,19,23,14/04/2005,Clasico
1377,15,16,21,24,28,15/04/2005,Clasico
1378,5,14,22,26,28,16/04/2005,Clasico
1379,9,14,20,21,23,17/04/2005,Clasico
1380,2,6,9,12,19,18/04/2005,Clasico
1381,5,8,15,17,26,19/04/2005,Clasico
1382,4,15,16,17,19,20/04/2005,Clasico
1383,3,9,13,14,23,21/04/2005,Clasico
1384,1,6,14,19,24,22/04/2005,Clasico
1385,2,8,11,17,26,23/04/2005,Clasico
1386,4,15,21,25,28,24/04/2005,Clasico
1387,6,8,21,22,28,25/04/2005,Clasico
1388,5,8,16,17,23,26/04/2005,Clasico
1389,14,17,22,27,28,27/04/2005,Clasico
1390,1,9,13,20,27,28/04/2005,Clasico
1391,4,13,18,21,24,29/04/2005,Clasico
1392,10,18,20,23,24,30/04/2005,Clasico
1393,11,13,20,23,26,01/05/2005,Clasico
1394,1,2,4,7,10,02/05/2005,Clasico
1395,4,9,19,22,25,03/05/2005,Clasico
1396,3,11,17,22,23,04/05/2005,Clasico
1397,1,9,15,22,24,05/05/2005,Clasico
1398,2,16,17,21,28,06/05/2005,Clasico
1399,8,13,16,23,24,07/05/2005,Clasico
1400,15,16,19,25,28,08/05/2005,Clasico
1401,2,15,17,18,24,09/05/2005,Clasico
1402,6,11,15,19,23,10/05/2005,Clasico
1403,5,7,23,24,25,11/05/2005,Clasico
1404,8,10,12,17,23,12/05/2005,Clasico
1405,5,9,10,24,26,13/05/2005,Clasico
1406,9,15,16,24,27,14/05/2005,Clasico
1407,2,4,7,11,25,15/05/2005,Clasico
1408,5,6,12,18,24,16/05/2005,Clasico
1409,1,2,22,26,28,17/05/2005,Clasico
1410,2,13,23,26,28,18/05/2005,Clasico
1411,5,10,12,20,23,19/05/2005,Clasico
1412,8,13,14,15,19,20/05/2005,Clasico
1413,8,9,13,15,27,21/05/2005,Clasico
1414,6,19,21,22,25,22/05/2005,Clasico
1415,4,5,6,12,27,23/05/2005,Clasico
1416,3,5,7,14,18,24/05/2005,Clasico
1417,5,11,16,25,26,25/05/2005,Clasico
1418,5,8,21,22,26,26/05/2005,Clasico
1419,2,7,9,17,24,27/05/2005,Clasico
1420,5,10,12,15,21,28/05/2005,Clasico
1421,4,6,7,12,24,29/05/2005,Clasico
1422,4,8,11,17,26,30/05/2005,Clasico
1423,7,10,15,19,25,31/05/2005,Clasico
1424,4,7,12,20,22,01/06/2005,Clasico
1425,11,12,13,21,28,02/06/2005,Clasico
1426,8,12,15,21,24,03/06/2005,Clasico
1427,5,6,7,23,28,04/06/2005,Clasico
1428,5,17,20,22,23,05/06/2005,Clasico
1429,4,14,21,24,28,06/06/2005,Clasico
1430,9,11,12,19,20,07/06/2005,Clasico
1431,5,7,12,15,18,08/06/2005,Clasico
1432,10,15,16,23,26,09/06/2005,Clasico
1433,13,17,24,26,27,10/06/2005,Clasico
1434,2,4,9,14,26,11/06/2005,Clasico
1435,4,9,14,16,28,12/06/2005,Clasico
1436,3,8,14,17,27,13/06/2005,Clasico
1437,1,4,9,11,16,14/06/2005,Clasico
1438,1,13,16,19,23,15/06/2005,Clasico
1439,5,7,14,18,26,16/06/2005,Clasico
1440,1,5,21,24,25,17/06/2005,Clasico
1441,6,10,14,18,24,18/06/2005,Clasico
1442,1,7,10,15,17,19/06/2005,Clasico
1443,8,11,13,20,27,20/06/2005,Clasico
1444,7,9,18,26,27,21/06/2005,Clasico
1445,1,3,16,25,28,22/06/2005,Clasico
1446,12,13,18,26,27,23/06/2005,Clasico
1447,6,8,14,19,24,24/06/2005,Clasico
1448,1,4,10,24,25,25/06/2005,Clasico
1449,9,14,16,17,22,26/06/2005,Clasico
1450,1,3,9,21,26,27/06/2005,Clasico
1451,7,8,10,25,27,28/06/2005,Clasico
1452,2,3,8,13,18,29/06/2005,Clasico
1453,5,17,18,19,24,30/06/2005,Clasico
1454,1,13,17,18,21,01/07/2005,Clasico
1455,1,3,8,23,28,02/07/2005,Clasico
1456,4,6,8,9,12,03/07/2005,Clasico
1457,1,9,10,22,25,04/07/2005,Clasico
1458,10,17,23,27,28,05/07/2005,Clasico
1459,1,12,16,18,28,06/07/2005,Clasico
1460,4,7,13,18,21,07/07/2005,Clasico
1461,7,10,14,16,25,08/07/2005,Clasico
1462,5,15,17,20,21,09/07/2005,Clasico
1463,20,21,24,27,28,10/07/2005,Clasico
1464,5,7,12,13,22,11/07/2005,Clasico
1465,11,19,20,23,24,12/07/2005,Clasico
1466,2,4,11,16,20,13/07/2005,Clasico
1467,11,14,16,19,28,14/07/2005,Clasico
1468,2,11,15,17,18,15/07/2005,Clasico
1469,3,8,11,17,18,16/07/2005,Clasico
1470,1,13,15,23,27,17/07/2005,Clasico
1471,5,7,17,18,20,18/07/2005,Clasico
1472,5,11,12,18,28,19/07/2005,Clasico
1473,2,12,14,22,26,20/07/2005,Clasico
1474,3,10,14,16,23,21/07/2005,Clasico
1475,5,6,9,12,25,22/07/2005,Clasico
1476,4,7,13,22,23,23/07/2005,Clasico
1477,1,15,20,25,27,24/07/2005,Clasico
1478,9,13,14,17,26,25/07/2005,Clasico
1479,1,6,8,14,18,26/07/2005,Clasico
1480,3,7,11,15,28,27/07/2005,Clasico
1481,3,13,16,19,27,28/07/2005,Clasico
1482,3,10,15,22,26,29/07/2005,Clasico
1483,4,8,18,20,27,30/07/2005,Clasico
1484,2,6,11,18,28,31/07/2005,Clasico
1485,8,17,19,21,25,01/08/2005,Clasico
1486,1,11,16,19,26,02/08/2005,Clasico
1487,13,19,21,22,26,03/08/2005,Clasico
1488,2,17,18,19,23,04/08/2005,Clasico
1489,6,7,17,18,24,05/08/2005,Clasico
1490,1,4,18,21,28,06/08/2005,Clasico
1491,8,12,20,21,26,07/08/2005,Clasico
1492,9,13,20,25,26,08/08/2005,Clasico
1493,3,4,6,17,21,09/08/2005,Clasico
1494,6,7,8,24,27,10/08/2005,Clasico
1495,4,7,8,9,13,11/08/2005,Clasico
1496,4,12,14,23,26,12/08/2005,Clasico
1497,4,16,17,23,24,13/08/2005,Clasico
1498,2,3,4,18,22,14/08/2005,Clasico
1499,7,9,12,17,24,15/08/2005,Clasico
1500,5,13,15,25,28,16/08/2005,Clasico
1501,7,21,22,24,25,17/08/2005,Clasico
1502,1,5,7,14,27,18/08/2005,Clasico
1503,5,14,16,21,28,19/08/2005,Clasico
1504,3,5,17,23,26,20/08/2005,Clasico
1505,5,9,11,14,16,21/08/2005,Clasico
1506,13,22,23,24,25,22/08/2005,Clasico
1507,5,6,12,15,19,23/08/2005,Clasico
1508,4,5,15,19,21,24/08/2005,Clasico
1509,2,12,13,18,28,25/08/2005,Clasico
1510,10,11,12,16,24,26/08/2005,Clasico
1511,11,18,19,20,21,27/08/2005,Clasico
1512,5,6,14,21,23,28/08/2005,Clasico
1513,1,6,9,13,25,29/08/2005,Clasico
1514,1,4,10,15,22,30/08/2005,Clasico
1515,11,18,19,24,25,31/08/2005,Clasico
1516,3,9,14,20,27,01/09/2005,Clasico
1517,1,3,6,12,17,02/09/2005,Clasico
1518,10,11,15,17,22,03/09/2005,Clasico
1519,1,2,7,9,10,04/09/2005,Clasico
1520,5,15,17,18,22,05/09/2005,Clasico
1521,13,14,15,18,25,06/09/2005,Clasico
1522,10,17,22,27,28,07/09/2005,Clasico
1523,3,6,8,13,22,08/09/2005,Clasico
1524,2,15,16,18,26,09/09/2005,Clasico
1525,2,11,15,26,27,10/09/2005,Clasico
1526,2,5,15,25,28,11/09/2005,Clasico
1527,5,6,15,16,20,12/09/2005,Clasico
1528,1,7,10,13,25,13/09/2005,Clasico
1529,2,5,16,21,27,14/09/2005,Clasico
1530,2,4,14,17,21,15/09/2005,Clasico
1531,8,9,10,16,19,16/09/2005,Clasico
1532,8,14,21,23,26,17/09/2005,Clasico
1533,2,6,16,20,24,18/09/2005,Clasico
1534,1,2,3,5,13,19/09/2005,Clasico
1535,2,5,7,15,24,20/09/2005,Clasico
1536,1,7,11,18,26,21/09/2005,Clasico
1537,16,17,22,23,25,22/09/2005,Clasico
1538,5,7,8,13,15,23/09/2005,Clasico
1539,9,13,15,19,28,24/09/2005,Clasico
1540,3,14,15,19,26,25/09/2005,Clasico
1541,6,12,21,22,23,26/09/2005,Clasico
1542,2,7,8,15,18,27/09/2005,Clasico
1543,3,11,12,18,20,28/09/2005,Clasico
1544,2,7,15,26,27,29/09/2005,Clasico
1545,4,5,19,24,25,30/09/2005,Clasico
1546,2,3,10,18,23,01/10/2005,Clasico
1547,9,10,20,21,22,02/10/2005,Clasico
1548,5,15,18,19,22,03/10/2005,Clasico
1549,2,3,6,17,18,04/10/2005,Clasico
1550,2,9,14,21,28,05/10/2005,Clasico
1551,4,7,12,13,27,06/10/2005,Clasico
1552,1,2,17,19,27,07/10/2005,Clasico
1553,1,10,14,20,23,08/10/2005,Clasico
1554,9,13,22,23,24,09/10/2005,Clasico
1555,8,10,11,17,24,10/10/2005,Clasico
1556,2,15,17,20,27,11/10/2005,Clasico
1557,10,11,13,20,23,12/10/2005,Clasico
1558,4,6,19,24,27,13/10/2005,Clasico
1559,3,4,6,23,28,14/10/2005,Clasico
1560,2,4,6,12,22,15/10/2005,Clasico
1561,2,5,7,15,24,16/10/2005,Clasico
1562,2,10,12,16,28,17/10/2005,Clasico
1563,5,6,9,11,27,18/10/2005,Clasico
1564,2,15,16,26,28,19/10/2005,Clasico
1565,3,6,8,10,18,20/10/2005,Clasico
1566,3,4,17,25,27,21/10/2005,Clasico
1567,4,9,17,18,24,22/10/2005,Clasico
1568,4,5,9,16,25,23/10/2005,Clasico
1569,3,5,9,15,18,24/10/2005,Clasico
1570,5,8,16,18,28,25/10/2005,Clasico
1571,6,15,18,25,27,26/10/2005,Clasico
1572,9,10,12,18,23,27/10/2005,Clasico
1573,2,18,19,21,28,28/10/2005,Clasico
1574,2,5,12,19,22,29/10/2005,Clasico
1575,2,7,8,10,28,30/10/2005,Clasico
1576,5,7,11,17,23,31/10/2005,Clasico
1577,7,12,19,22,23,01/11/2005,Clasico
1578,9,13,17,24,26,02/11/2005,Clasico
1579,4,6,7,8,24,03/11/2005,Clasico
1580,7,9,15,22,23,04/11/2005,Clasico
1581,14,23,24,25,28,05/11/2005,Clasico
1582,5,12,22,23,25,06/11/2005,Clasico
1583,10,12,15,22,23,07/11/2005,Clasico
1584,11,13,19,20,28,08/11/2005,Clasico
1585,3,4,8,12,22,09/11/2005,Clasico
1586,7,15,16,17,23,10/11/2005,Clasico
1587,5,6,13,15,18,11/11/2005,Clasico
1588,13,23,24,25,27,12/11/2005,Clasico
1589,1,7,17,21,28,13/11/2005,Clasico
1590,3,14,16,20,23,14/11/2005,Clasico
1591,9,11,13,20,25,15/11/2005,Clasico
1592,6,14,16,17,21,16/11/2005,Clasico
1593,4,11,18,24,28,17/11/2005,Clasico
1594,4,15,21,22,24,18/11/2005,Clasico
1595,14,15,16,17,25,19/11/2005,Clasico
1596,8,14,15,19,22,20/11/2005,Clasico
1597,5,7,12,18,24,21/11/2005,Clasico
1598,2,7,13,17,24,22/11/2005,Clasico
1599,2,14,19,22,26,23/11/2005,Clasico
1600,5,8,9,16,22,24/11/2005,Clasico
1601,13,15,20,21,22,25/11/2005,Clasico
1602,15,16,19,25,26,26/11/2005,Clasico
1603,1,3,4,6,8,27/11/2005,Clasico
1604,2,4,5,18,26,28/11/2005,Clasico
1605,10,16,19,27,28,29/11/2005,Clasico
1606,6,12,15,27,28,30/11/2005,Clasico
1607,4,5,7,12,27,01/12/2005,Clasico
1608,3,8,20,25,28,02/12/2005,Clasico
1609,3,11,12,15,19,03/12/2005,Clasico
1610,16,17,25,26,28,04/12/2005,Clasico
1611,6,8,11,15,16,05/12/2005,Clasico
1612,2,14,21,25,26,06/12/2005,Clasico
1613,3,7,16,25,28,07/12/2005,Clasico
1614,8,11,13,23,25,08/12/2005,Clasico
1615,4,6,11,14,17,09/12/2005,Clasico
1616,4,21,22,25,27,10/12/2005,Clasico
1617,7,8,12,15,19,11/12/2005,Clasico
1618,2,5,16,17,28,12/12/2005,Clasico
1619,1,5,14,24,25,13/12/2005,Clasico
1620,1,13,19,23,24,14/12/2005,Clasico
1621,3,12,16,23,28,15/12/2005,Clasico
1622,8,11,13,19,26,16/12/2005,Clasico
1623,1,2,11,21,22,17/12/2005,Clasico
1624,4,15,18,23,26,18/12/2005,Clasico
1625,5,13,18,19,24,19/12/2005,Clasico
1626,3,8,10,13,25,20/12/2005,Clasico
1627,3,20,24,27,28,21/12/2005,Clasico
1628,2,3,14,15,17,22/12/2005,Clasico
1629,5,9,12,27,28,23/12/2005,Clasico
1630,5,8,9,12,28,24/12/2005,Clasico
1631,5,15,18,26,27,25/12/2005,Clasico
1632,2,17,18,24,27,26/12/2005,Clasico
1633,1,5,13,18,27,27/12/2005,Clasico
1634,1,13,20,26,28,28/12/2005,Clasico
1635,7,19,20,21,25,29/12/2005,Clasico
1636,1,2,7,18,23,30/12/2005,Clasico
1637,6,12,13,21,27,31/12/2005,Clasico
1638,3,7,12,14,21,01/01/2006,Clasico
1639,3,5,17,19,28,02/01/2006,Clasico
1640,5,11,18,20,21,03/01/2006,Clasico
1641,3,6,11,22,25,04/01/2006,Clasico
1642,4,6,9,11,26,05/01/2006,Clasico
1643,7,9,17,18,22,06/01/2006,Clasico
1644,6,7,9,16,25,07/01/2006,Clasico
1645,4,9,10,22,27,08/01/2006,Clasico
1646,5,12,23,25,27,09/01/2006,Clasico
1647,11,14,21,22,28,10/01/2006,Clasico
1648,10,11,13,16,21,11/01/2006,Clasico
1649,6,13,15,19,24,12/01/2006,Clasico
1650,6,16,23,25,26,13/01/2006,Clasico
1651,9,10,21,27,28,14/01/2006,Clasico
1652,1,7,20,21,24,15/01/2006,Clasico
1653,2,5,7,12,14,16/01/2006,Clasico
1654,1,7,16,20,23,17/01/2006,Clasico
1655,1,6,24,27,28,18/01/2006,Clasico
1656,12,16,21,22,28,19/01/2006,Clasico
1657,1,2,8,15,24,20/01/2006,Clasico
1658,5,7,18,23,28,21/01/2006,Clasico
1659,4,10,17,19,28,22/01/2006,Clasico
1660,10,11,18,20,24,23/01/2006,Clasico
1661,4,7,15,16,23,24/01/2006,Clasico
1662,4,10,14,17,19,25/01/2006,Clasico
1663,9,12,13,24,26,26/01/2006,Clasico
1664,6,7,11,26,27,27/01/2006,Clasico
1665,2,7,9,12,22,28/01/2006,Clasico
1666,1,11,13,17,28,29/01/2006,Clasico
1667,4,8,13,25,28,30/01/2006,Clasico
1668,11,18,19,20,21,31/01/2006,Clasico
1669,2,10,20,22,25,01/02/2006,Clasico
1670,1,11,12,16,25,02/02/2006,Clasico
1671,5,11,14,18,26,03/02/2006,Clasico
1672,1,4,18,23,25,04/02/2006,Clasico
1673,2,3,7,20,24,05/02/2006,Clasico
1674,11,18,21,26,28,06/02/2006,Clasico
1675,3,4,7,15,21,07/02/2006,Clasico
1676,13,15,16,25,28,08/02/2006,Clasico
1677,5,10,11,17,18,09/02/2006,Clasico
1678,5,8,11,13,14,10/02/2006,Clasico
1679,8,10,19,20,23,11/02/2006,Clasico
1680,1,11,12,16,19,12/02/2006,Clasico
1681,4,7,9,12,15,13/02/2006,Clasico
1682,16,20,21,24,25,14/02/2006,Clasico
1683,1,3,5,8,18,15/02/2006,Clasico
1684,5,6,11,21,25,16/02/2006,Clasico
1685,4,6,12,27,28,17/02/2006,Clasico
1686,4,5,9,23,26,18/02/2006,Clasico
1687,4,6,22,24,28,19/02/2006,Clasico
1688,2,6,22,23,27,20/02/2006,Clasico
1689,4,11,14,21,27,21/02/2006,Clasico
1690,2,12,18,20,21,22/02/2006,Clasico
1691,2,7,12,14,17,23/02/2006,Clasico
1692,6,21,22,24,27,24/02/2006,Clasico
1693,4,10,15,19,28,25/02/2006,Clasico
1694,13,19,21,22,25,26/02/2006,Clasico
1695,16,19,20,22,23,27/02/2006,Clasico
1696,9,16,20,25,26,28/02/2006,Clasico
1697,14,17,21,25,28,01/03/2006,Clasico
1698,5,11,15,17,27,02/03/2006,Clasico
1699,4,6,13,15,22,03/03/2006,Clasico
1700,4,13,14,15,22,04/03/2006,Clasico
1701,7,11,14,18,19,05/03/2006,Clasico
1702,13,17,18,23,28,06/03/2006,Clasico
1703,4,17,19,26,28,07/03/2006,Clasico
1704,1,15,25,27,28,08/03/2006,Clasico
1705,1,7,15,19,24,09/03/2006,Clasico
1706,6,8,15,18,28,10/03/2006,Clasico
1707,8,10,18,24,27,11/03/2006,Clasico
1708,1,2,3,5,6,12/03/2006,Clasico
1709,3,11,13,16,25,13/03/2006,Clasico
1710,6,8,16,23,27,14/03/2006,Clasico
1711,13,16,18,19,27,15/03/2006,Clasico
1712,13,14,21,23,26,16/03/2006,Clasico
1713,3,10,11,22,26,17/03/2006,Clasico
1714,2,11,17,23,27,18/03/2006,Clasico
1715,3,4,6,20,28,19/03/2006,Clasico
1716,1,2,12,19,27,20/03/2006,Clasico
1717,2,16,21,25,26,21/03/2006,Clasico
1718,2,5,11,13,25,22/03/2006,Clasico
1719,2,4,6,13,24,23/03/2006,Clasico
1720,5,10,15,21,23,24/03/2006,Clasico
1721,4,12,16,19,27,25/03/2006,Clasico
1722,8,9,11,15,18,26/03/2006,Clasico
1723,1,14,22,25,26,27/03/2006,Clasico
1724,3,11,12,15,26,28/03/2006,Clasico
1725,8,12,13,14,18,29/03/2006,Clasico
1726,5,11,24,26,28,30/03/2006,Clasico
1727,4,6,8,9,13,31/03/2006,Clasico
1728,4,14,18,22,25,01/04/2006,Clasico
1729,2,9,18,19,25,02/04/2006,Clasico
1730,3,11,18,20,25,03/04/2006,Clasico
1731,3,5,6,24,26,04/04/2006,Clasico
1732,3,4,5,6,20,05/04/2006,Clasico
1733,1,6,15,20,21,06/04/2006,Clasico
1734,1,14,15,17,25,07/04/2006,Clasico
1735,8,15,17,27,28,08/04/2006,Clasico
1736,12,15,17,19,23,09/04/2006,Clasico
1737,2,6,11,12,27,10/04/2006,Clasico
1738,9,14,16,18,28,11/04/2006,Clasico
1739,1,11,21,23,26,12/04/2006,Clasico
1740,1,17,19,20,22,13/04/2006,Clasico
1741,11,16,18,22,26,14/04/2006,Clasico
1742,4,6,10,11,26,15/04/2006,Clasico
1743,5,8,15,22,25,16/04/2006,Clasico
1744,1,6,25,26,27,17/04/2006,Clasico
1745,6,10,19,22,25,18/04/2006,Clasico
1746,8,13,20,23,28,19/04/2006,Clasico
1747,1,8,10,12,14,20/04/2006,Clasico
1748,4,21,23,26,28,21/04/2006,Clasico
1749,1,2,5,8,17,22/04/2006,Clasico
1750,12,14,16,20,24,23/04/2006,Clasico
1751,10,20,22,27,28,24/04/2006,Clasico
1752,4,18,23,27,28,25/04/2006,Clasico
1753,1,8,13,14,17,26/04/2006,Clasico
1754,7,8,11,15,18,27/04/2006,Clasico
1755,4,12,17,19,21,28/04/2006,Clasico
1756,10,16,17,20,28,29/04/2006,Clasico
1757,10,11,16,20,24,30/04/2006,Clasico
1758,11,17,18,21,23,01/05/2006,Clasico
1759,2,14,19,24,25,02/05/2006,Clasico
1760,2,10,12,15,22,03/05/2006,Clasico
1761,6,19,22,25,28,04/05/2006,Clasico
1762,5,9,25,26,27,05/05/2006,Clasico
1763,3,5,7,20,25,06/05/2006,Clasico
1764,5,7,15,20,23,07/05/2006,Clasico
1765,5,9,10,21,28,08/05/2006,Clasico
1766,1,4,12,17,22,09/05/2006,Clasico
1767,10,12,14,15,26,10/05/2006,Clasico
1768,6,7,8,16,28,11/05/2006,Clasico
1769,10,15,18,25,26,12/05/2006,Clasico
1770,3,13,17,19,24,13/05/2006,Clasico
1771,11,15,17,22,27,14/05/2006,Clasico
1772,9,12,14,22,23,15/05/2006,Clasico
1773,1,15,17,21,23,16/05/2006,Clasico
1774,1,3,7,19,26,17/05/2006,Clasico
1775,1,6,8,11,17,18/05/2006,Clasico
1776,3,13,16,22,27,19/05/2006,Clasico
1777,3,15,16,17,23,20/05/2006,Clasico
1778,3,12,15,17,25,21/05/2006,Clasico
1779,10,11,12,20,22,22/05/2006,Clasico
1780,2,4,6,9,17,23/05/2006,Clasico
1781,3,7,10,23,27,24/05/2006,Clasico
1782,4,10,12,14,21,25/05/2006,Clasico
1783,1,8,11,15,26,26/05/2006,Clasico
1784,2,4,19,22,27,27/05/2006,Clasico
1785,4,15,16,18,25,28/05/2006,Clasico
1786,3,5,13,19,28,29/05/2006,Clasico
1787,3,6,18,19,25,30/05/2006,Clasico
1788,3,9,13,17,18,31/05/2006,Clasico
1789,15,19,20,23,26,01/06/2006,Clasico
1790,6,16,18,20,27,02/06/2006,Clasico
1791,1,9,12,17,20,03/06/2006,Clasico
1792,1,3,13,14,20,04/06/2006,Clasico
1793,3,8,11,20,22,05/06/2006,Clasico
1794,1,4,13,21,23,06/06/2006,Clasico
1795,4,7,17,21,24,07/06/2006,Clasico
1796,2,3,6,13,21,08/06/2006,Clasico
1797,2,3,10,19,20,09/06/2006,Clasico
1798,3,8,10,21,24,10/06/2006,Clasico
1799,2,9,20,25,27,11/06/2006,Clasico
1800,1,4,12,13,18,12/06/2006,Clasico
1801,1,17,18,25,26,13/06/2006,Clasico
1802,1,10,14,18,25,14/06/2006,Clasico
1803,6,14,15,19,24,15/06/2006,Clasico
1804,2,9,13,16,23,16/06/2006,Clasico
1805,1,9,21,26,28,17/06/2006,Clasico
1806,11,12,13,22,23,18/06/2006,Clasico
1807,1,5,9,11,26,19/06/2006,Clasico
1808,4,6,17,22,28,20/06/2006,Clasico
1809,4,6,11,19,27,21/06/2006,Clasico
1810,9,13,17,23,24,22/06/2006,Clasico
1811,4,6,7,18,24,23/06/2006,Clasico
1812,7,11,12,18,27,24/06/2006,Clasico
1813,7,10,17,22,25,25/06/2006,Clasico
1814,14,22,23,27,28,26/06/2006,Clasico
1815,10,11,20,21,25,27/06/2006,Clasico
1816,12,15,16,18,25,28/06/2006,Clasico
1817,5,16,18,22,28,29/06/2006,Clasico
1818,10,11,12,21,27,30/06/2006,Clasico
1819,1,11,14,17,27,01/07/2006,Clasico
1820,8,11,12,17,22,02/07/2006,Clasico
1821,9,11,20,26,28,03/07/2006,Clasico
1822,8,15,17,23,27,04/07/2006,Clasico
1823,3,9,11,17,19,05/07/2006,Clasico
1824,9,11,16,19,25,06/07/2006,Clasico
1825,5,9,16,20,27,07/07/2006,Clasico
1826,15,17,18,25,27,08/07/2006,Clasico
1827,2,5,8,10,18,09/07/2006,Clasico
1828,4,6,13,14,28,10/07/2006,Clasico
1829,1,13,15,17,26,11/07/2006,Clasico
1830,13,19,25,26,28,12/07/2006,Clasico
1831,3,9,16,24,27,13/07/2006,Clasico
1832,6,8,11,16,23,14/07/2006,Clasico
1833,5,6,15,17,23,15/07/2006,Clasico
1834,3,13,19,24,27,16/07/2006,Clasico
1835,3,6,12,24,27,17/07/2006,Clasico
1836,2,3,7,21,28,18/07/2006,Clasico
1837,5,14,15,18,27,19/07/2006,Clasico
1838,4,8,10,24,27,20/07/2006,Clasico
1839,3,7,12,13,18,21/07/2006,Clasico
1840,1,15,18,22,23,22/07/2006,Clasico
1841,8,13,24,26,27,23/07/2006,Clasico
1842,1,8,12,13,16,24/07/2006,Clasico
1843,5,9,11,14,20,25/07/2006,Clasico
1844,10,11,18,22,24,26/07/2006,Clasico
1845,2,4,11,22,25,27/07/2006,Clasico
1846,2,15,16,25,26,28/07/2006,Clasico
1847,1,5,7,18,19,29/07/2006,Clasico
1848,7,8,13,19,26,30/07/2006,Clasico
1849,1,8,19,20,21,31/07/2006,Clasico
1850,4,7,11,13,24,01/08/2006,Clasico
1851,5,6,10,18,28,02/08/2006,Clasico
1852,12,14,15,18,22,03/08/2006,Clasico
1853,3,9,11,12,28,04/08/2006,Clasico
1854,3,6,12,20,27,05/08/2006,Clasico
1855,8,10,21,26,27,06/08/2006,Clasico
1856,7,14,20,26,27,07/08/2006,Clasico
1857,5,9,12,15,22,08/08/2006,Clasico
1858,1,20,24,25,26,09/08/2006,Clasico
1859,1,4,10,11,22,10/08/2006,Clasico
1860,3,4,18,27,28,11/08/2006,Clasico
1861,4,20,23,24,26,12/08/2006,Clasico
1862,4,9,14,16,20,13/08/2006,Clasico
1863,1,7,11,15,28,14/08/2006,Clasico
1864,6,8,15,21,28,15/08/2006,Clasico
1865,9,22,23,25,27,16/08/2006,Clasico
1866,2,5,11,13,22,17/08/2006,Clasico
1867,3,6,8,9,12,18/08/2006,Clasico
1868,9,18,20,21,25,19/08/2006,Clasico
1869,8,9,13,14,24,20/08/2006,Clasico
1870,10,17,19,23,25,21/08/2006,Clasico
1871,1,13,18,19,27,22/08/2006,Clasico
1872,2,4,11,14,21,23/08/2006,Clasico
1873,11,17,22,24,28,24/08/2006,Clasico
1874,3,7,8,15,16,25/08/2006,Clasico
1875,2,6,8,14,26,26/08/2006,Clasico
1876,2,10,20,22,23,27/08/2006,Clasico
1877,4,5,8,18,26,28/08/2006,Clasico
1878,3,13,16,18,28,29/08/2006,Clasico
1879,1,8,12,14,28,30/08/2006,Clasico
1880,3,10,12,17,28,31/08/2006,Clasico
1881,5,7,21,24,28,01/09/2006,Clasico
1882,9,15,20,23,26,02/09/2006,Clasico
1883,5,14,17,19,28,03/09/2006,Clasico
1884,1,3,22,25,27,04/09/2006,Clasico
1885,5,12,17,18,21,05/09/2006,Clasico
1886,4,6,12,20,26,06/09/2006,Clasico
1887,4,7,15,18,20,07/09/2006,Clasico
1888,1,5,16,20,21,08/09/2006,Clasico
1889,1,10,16,18,25,09/09/2006,Clasico
1890,8,11,17,18,23,10/09/2006,Clasico
1891,2,6,16,19,22,11/09/2006,Clasico
1892,3,11,12,17,18,12/09/2006,Clasico
1893,2,13,17,19,27,13/09/2006,Clasico
1894,2,11,17,23,27,14/09/2006,Clasico
1895,7,8,18,20,23,15/09/2006,Clasico
1896,2,3,5,6,10,16/09/2006,Clasico
1897,1,11,13,27,28,17/09/2006,Clasico
1898,4,5,14,18,23,18/09/2006,Clasico
1899,1,6,14,24,25,19/09/2006,Clasico
1900,7,13,20,23,24,20/09/2006,Clasico
1901,1,6,9,22,23,21/09/2006,Clasico
1902,3,10,13,16,26,22/09/2006,Clasico
1903,2,4,16,21,26,23/09/2006,Clasico
1904,1,2,8,13,16,24/09/2006,Clasico
1905,13,20,24,26,27,25/09/2006,Clasico
1906,2,3,17,20,24,26/09/2006,Clasico
1907,4,10,12,18,28,27/09/2006,Clasico
1908,2,13,14,23,28,28/09/2006,Clasico
1909,3,5,6,17,23,29/09/2006,Clasico
1910,7,15,18,20,24,30/09/2006,Clasico
1911,3,10,18,22,28,01/10/2006,Clasico
1912,3,9,10,12,19,02/10/2006,Clasico
1913,1,10,14,18,22,03/10/2006,Clasico
1914,4,17,22,26,28,04/10/2006,Clasico
1915,6,10,16,20,27,05/10/2006,Clasico
1916,1,6,11,16,26,06/10/2006,Clasico
1917,1,2,5,7,14,07/10/2006,Clasico
1918,1,7,9,13,25,08/10/2006,Clasico
1919,17,19,21,23,27,09/10/2006,Clasico
1920,1,2,5,24,25,10/10/2006,Clasico
1921,1,4,15,23,25,11/10/2006,Clasico
1922,1,8,10,17,26,12/10/2006,Clasico
1923,4,8,10,11,21,13/10/2006,Clasico
1924,6,7,8,21,28,14/10/2006,Clasico
1925,3,7,9,22,28,15/10/2006,Clasico
1926,2,6,14,17,21,16/10/2006,Clasico
1927,2,12,13,17,18,17/10/2006,Clasico
1928,13,17,18,21,27,18/10/2006,Clasico
1929,3,12,18,23,28,19/10/2006,Clasico
1930,1,11,19,20,24,20/10/2006,Clasico
1931,10,12,15,25,28,21/10/2006,Clasico
1932,10,13,16,23,25,22/10/2006,Clasico
1933,7,15,18,22,25,23/10/2006,Clasico
1934,3,9,16,20,27,24/10/2006,Clasico
1935,8,17,22,24,27,25/10/2006,Clasico
1936,5,9,12,17,24,26/10/2006,Clasico
1937,10,12,13,17,28,27/10/2006,Clasico
1938,1,4,14,21,27,28/10/2006,Clasico
1939,1,8,10,12,20,29/10/2006,Clasico
1940,3,4,12,26,28,30/10/2006,Clasico
1941,4,8,10,20,26,31/10/2006,Clasico
1942,4,6,7,11,14,01/11/2006,Clasico
1943,3,8,23,24,26,02/11/2006,Clasico
1944,2,11,12,15,22,03/11/2006,Clasico
1945,2,7,12,13,23,04/11/2006,Clasico
1946,8,10,13,15,17,05/11/2006,Clasico
1947,3,5,8,23,24,06/11/2006,Clasico
1948,2,5,8,15,27,07/11/2006,Clasico
1949,11,13,22,26,27,08/11/2006,Clasico
1950,3,5,10,16,25,09/11/2006,Clasico
1951,4,5,10,19,22,10/11/2006,Clasico
1952,6,9,10,12,14,11/11/2006,Clasico
1953,2,4,7,16,23,12/11/2006,Clasico
1954,6,10,11,19,22,13/11/2006,Clasico
1955,6,14,19,22,28,14/11/2006,Clasico
1956,2,7,11,12,18,15/11/2006,Clasico
1957,4,6,10,12,16,16/11/2006,Clasico
1958,1,2,5,17,24,17/11/2006,Clasico
1959,5,8,11,21,25,18/11/2006,Clasico
1960,11,14,17,24,27,19/11/2006,Clasico
1961,2,8,13,17,21,20/11/2006,Clasico
1962,1,12,17,24,28,21/11/2006,Clasico
1963,9,11,15,19,24,22/11/2006,Clasico
1964,1,2,6,7,13,23/11/2006,Clasico
1965,10,18,19,20,23,24/11/2006,Clasico
1966,9,16,18,20,23,25/11/2006,Clasico
1967,3,8,10,20,21,26/11/2006,Clasico
1968,6,10,16,18,19,27/11/2006,Clasico
1969,8,12,13,14,26,28/11/2006,Clasico
1970,1,14,16,18,25,29/11/2006,Clasico
1971,2,4,12,19,27,30/11/2006,Clasico
1972,3,4,6,17,28,01/12/2006,Clasico
1973,2,10,11,14,27,02/12/2006,Clasico
1974,1,11,18,20,24,03/12/2006,Clasico
1975,7,12,13,25,27,04/12/2006,Clasico
1976,8,16,17,24,25,05/12/2006,Clasico
1977,3,6,7,8,19,06/12/2006,Clasico
1978,2,11,19,25,26,07/12/2006,Clasico
1979,5,10,13,17,22,08/12/2006,Clasico
1980,7,11,19,20,23,09/12/2006,Clasico
1981,2,3,16,20,25,10/12/2006,Clasico
1982,13,16,18,22,23,11/12/2006,Clasico
1983,2,3,8,10,26,12/12/2006,Clasico
1984,5,6,7,12,17,13/12/2006,Clasico
1985,4,5,7,8,23,14/12/2006,Clasico
1986,20,22,23,24,26,15/12/2006,Clasico
1987,2,5,10,16,20,16/12/2006,Clasico
1988,1,14,19,20,24,17/12/2006,Clasico
1989,3,7,8,21,28,18/12/2006,Clasico
1990,6,18,21,24,28,19/12/2006,Clasico
1991,9,15,21,27,28,20/12/2006,Clasico
1992,1,10,13,17,19,21/12/2006,Clasico
1993,1,2,6,7,10,22/12/2006,Clasico
1994,13,14,15,25,27,23/12/2006,Clasico
1995,7,12,13,15,19,24/12/2006,Clasico
1996,10,16,18,20,25,25/12/2006,Clasico
1997,2,4,14,17,20,26/12/2006,Clasico
1998,2,8,9,11,17,27/12/2006,Clasico
1999,1,12,17,20,26,28/12/2006,Clasico
2000,14,16,19,20,22,29/12/2006,Clasico
2001,2,3,12,19,25,30/12/2006,Clasico
2002,7,8,10,11,23,31/12/2006,Clasico
2003,1,4,6,18,25,01/01/2007,Clasico
2004,1,13,16,25,28,02/01/2007,Clasico
2005,2,11,12,20,25,03/01/2007,Clasico
2006,5,16,23,26,27,04/01/2007,Clasico
2007,3,8,11,13,25,05/01/2007,Clasico
2008,4,5,11,16,23,06/01/2007,Clasico
2009,11,20,21,22,23,07/01/2007,Clasico
2010,1,9,11,21,27,08/01/2007,Clasico
2011,10,12,15,16,26,09/01/2007,Clasico
2012,1,2,11,16,27,10/01/2007,Clasico
2013,1,13,14,19,26,11/01/2007,Clasico
2014,4,5,7,9,24,12/01/2007,Clasico
2015,11,16,25,27,28,13/01/2007,Clasico
2016,9,11,15,19,25,14/01/2007,Clasico
2017,7,9,16,27,28,15/01/2007,Clasico
2018,5,7,17,18,19,16/01/2007,Clasico
2019,1,11,22,23,25,17/01/2007,Clasico
2020,6,15,21,24,27,18/01/2007,Clasico
2021,8,15,17,24,28,19/01/2007,Clasico
2022,7,9,18,20,25,20/01/2007,Clasico
2023,3,4,6,7,25,21/01/2007,Clasico
2024,6,8,9,10,13,22/01/2007,Clasico
2025,4,11,17,18,22,23/01/2007,Clasico
2026,6,9,14,16,21,24/01/2007,Clasico
2027,5,12,13,25,28,25/01/2007,Clasico
2028,1,5,6,12,21,26/01/2007,Clasico
2029,6,11,18,19,25,27/01/2007,Clasico
2030,4,6,16,22,28,28/01/2007,Clasico
2031,1,4,6,11,23,29/01/2007,Clasico
2032,9,12,17,22,25,30/01/2007,Clasico
2033,9,12,13,23,24,31/01/2007,Clasico
2034,3,4,6,18,28,01/02/2007,Clasico
2035,3,6,21,24,27,02/02/2007,Clasico
2036,9,12,15,18,19,03/02/2007,Clasico
2037,11,13,15,18,23,04/02/2007,Clasico
2038,2,4,5,7,23,05/02/2007,Clasico
2039,3,7,16,20,23,06/02/2007,Clasico
2040,1,3,11,17,21,07/02/2007,Clasico
2041,1,10,16,18,22,08/02/2007,Clasico
2042,3,7,8,16,20,09/02/2007,Clasico
2043,10,11,18,22,24,10/02/2007,Clasico
2044,1,10,13,15,21,11/02/2007,Clasico
2045,6,7,9,23,24,12/02/2007,Clasico
2046,2,6,10,18,28,13/02/2007,Clasico
2047,5,9,10,14,21,14/02/2007,Clasico
2048,4,10,16,17,18,15/02/2007,Clasico
2049,3,5,7,17,27,16/02/2007,Clasico
2050,5,9,12,17,19,17/02/2007,Clasico
2051,4,7,10,13,18,18/02/2007,Clasico
2052,3,6,7,11,22,19/02/2007,Clasico
2053,12,15,19,22,26,20/02/2007,Clasico
2054,1,9,23,27,28,21/02/2007,Clasico
2055,3,5,17,19,26,22/02/2007,Clasico
2056,3,12,20,23,24,23/02/2007,Clasico
2057,2,9,14,22,23,24/02/2007,Clasico
2058,2,7,18,21,24,25/02/2007,Clasico
2059,2,7,9,10,16,26/02/2007,Clasico
2060,11,14,16,19,27,27/02/2007,Clasico
2061,3,14,21,22,26,28/02/2007,Clasico
2062,3,12,14,19,27,01/03/2007,Clasico
2063,10,18,19,23,25,02/03/2007,Clasico
2064,4,11,15,24,28,03/03/2007,Clasico
2065,5,10,12,24,26,04/03/2007,Clasico
2066,4,5,7,9,14,05/03/2007,Clasico
2067,7,13,14,24,25,06/03/2007,Clasico
2068,1,2,12,19,26,07/03/2007,Clasico
2069,6,15,17,19,26,08/03/2007,Clasico
2070,2,11,15,19,21,09/03/2007,Clasico
2071,5,6,9,21,26,10/03/2007,Clasico
2072,5,18,21,25,26,11/03/2007,Clasico
2073,2,14,17,20,27,12/03/2007,Clasico
2074,6,9,13,17,20,13/03/2007,Clasico
2075,9,10,11,21,23,14/03/2007,Clasico
2076,6,11,20,23,25,15/03/2007,Clasico
2077,1,2,3,17,22,16/03/2007,Clasico
2078,10,15,18,22,28,17/03/2007,Clasico
2079,6,7,9,10,15,18/03/2007,Clasico
2080,13,15,17,22,26,19/03/2007,Clasico
2081,1,8,18,20,23,20/03/2007,Clasico
2082,2,5,9,21,23,21/03/2007,Clasico
2083,8,11,13,16,23,22/03/2007,Clasico
2084,4,7,8,15,20,23/03/2007,Clasico
2085,1,7,18,19,23,24/03/2007,Clasico
2086,6,18,19,22,26,25/03/2007,Clasico
2087,3,6,22,23,28,26/03/2007,Clasico
2088,11,15,18,21,23,27/03/2007,Clasico
2089,7,12,13,21,22,28/03/2007,Clasico
2090,3,5,14,16,22,29/03/2007,Clasico
2091,4,16,21,23,27,30/03/2007,Clasico
2092,2,9,19,25,26,31/03/2007,Clasico
2093,4,8,12,18,26,01/04/2007,Clasico
2094,3,8,14,20,23,02/04/2007,Clasico
2095,5,10,14,16,25,03/04/2007,Clasico
2096,6,14,17,18,27,04/04/2007,Clasico
2097,6,7,11,12,21,05/04/2007,Clasico
2098,6,8,17,24,26,06/04/2007,Clasico
2099,5,10,13,23,24,07/04/2007,Clasico
2100,1,14,19,21,27,08/04/2007,Clasico
2101,2,14,15,18,23,09/04/2007,Clasico
2102,12,13,18,19,28,10/04/2007,Clasico
2103,1,3,12,16,21,11/04/2007,Clasico
2104,3,4,5,22,28,12/04/2007,Clasico
2105,2,18,19,25,28,13/04/2007,Clasico
2106,6,7,9,10,15,14/04/2007,Clasico
2107,8,9,10,11,14,15/04/2007,Clasico
2108,9,10,19,21,22,16/04/2007,Clasico
2109,2,5,11,14,27,17/04/2007,Clasico
2110,6,8,21,24,26,18/04/2007,Clasico
2111,6,7,12,13,16,19/04/2007,Clasico
2112,2,9,11,12,13,20/04/2007,Clasico
2113,11,14,16,24,27,21/04/2007,Clasico
2114,13,14,15,17,28,22/04/2007,Clasico
2115,2,6,14,17,28,23/04/2007,Clasico
2116,4,5,6,15,28,24/04/2007,Clasico
2117,4,22,23,26,28,25/04/2007,Clasico
2118,18,19,24,26,28,26/04/2007,Clasico
2119,1,13,16,26,27,27/04/2007,Clasico
2120,1,5,6,17,22,28/04/2007,Clasico
2121,3,6,10,16,21,29/04/2007,Clasico
2122,12,19,23,24,26,30/04/2007,Clasico
2123,5,9,10,20,26,01/05/2007,Clasico
2124,3,6,9,20,28,02/05/2007,Clasico
2125,6,8,12,22,26,03/05/2007,Clasico
2126,1,5,7,17,26,04/05/2007,Clasico
2127,4,7,16,22,23,05/05/2007,Clasico
2128,3,5,15,21,28,06/05/2007,Clasico
2129,10,11,16,17,28,07/05/2007,Clasico
2130,1,2,8,9,28,08/05/2007,Clasico
2131,3,9,10,17,26,09/05/2007,Clasico
2132,5,10,14,15,26,10/05/2007,Clasico
2133,1,4,13,14,28,11/05/2007,Clasico
2134,6,8,9,18,23,12/05/2007,Clasico
2135,7,9,14,18,22,13/05/2007,Clasico
2136,1,11,13,22,28,14/05/2007,Clasico
2137,1,13,15,16,25,15/05/2007,Clasico
2138,3,10,15,19,20,16/05/2007,Clasico
2139,9,13,16,24,25,17/05/2007,Clasico
2140,4,14,17,23,27,18/05/2007,Clasico
2141,2,4,14,17,19,19/05/2007,Clasico
2142,11,13,19,22,26,20/05/2007,Clasico
2143,5,9,15,17,18,21/05/2007,Clasico
2144,1,5,6,12,27,22/05/2007,Clasico
2145,6,9,15,24,25,23/05/2007,Clasico
2146,8,13,19,23,25,24/05/2007,Clasico
2147,2,6,9,14,27,25/05/2007,Clasico
2148,1,2,6,13,27,26/05/2007,Clasico
2149,4,9,18,20,25,27/05/2007,Clasico
2150,4,6,15,16,20,28/05/2007,Clasico
2151,3,9,19,26,28,29/05/2007,Clasico
2152,4,12,19,22,26,30/05/2007,Clasico
2153,13,14,15,22,23,31/05/2007,Clasico
2154,6,9,15,20,23,01/06/2007,Clasico
2155,1,6,7,22,28,02/06/2007,Clasico
2156,2,10,12,19,28,03/06/2007,Clasico
2157,2,8,13,15,24,04/06/2007,Clasico
2158,1,7,16,19,26,05/06/2007,Clasico
2159,6,8,19,26,28,06/06/2007,Clasico
2160,7,11,13,22,25,07/06/2007,Clasico
2161,1,12,15,19,23,08/06/2007,Clasico
2162,4,10,11,17,20,09/06/2007,Clasico
2163,2,8,11,23,26,10/06/2007,Clasico
2164,2,3,12,14,17,11/06/2007,Clasico
2165,2,3,14,23,24,12/06/2007,Clasico
2166,8,9,10,16,25,13/06/2007,Clasico
2167,1,2,5,13,23,14/06/2007,Clasico
2168,12,14,15,18,21,15/06/2007,Clasico
2169,10,12,17,25,26,16/06/2007,Clasico
2170,5,11,13,20,27,17/06/2007,Clasico
2171,1,8,14,20,26,18/06/2007,Clasico
2172,7,16,18,27,28,19/06/2007,Clasico
2173,4,9,15,18,28,20/06/2007,Clasico
2174,4,12,18,19,27,21/06/2007,Clasico
2175,7,14,15,18,26,22/06/2007,Clasico
2176,6,7,16,23,28,23/06/2007,Clasico
2177,18,22,24,25,28,24/06/2007,Clasico
2178,5,6,16,18,25,25/06/2007,Clasico
2179,1,4,8,15,19,26/06/2007,Clasico
2180,15,19,20,22,25,27/06/2007,Clasico
2181,6,10,16,17,21,28/06/2007,Clasico
2182,4,7,14,24,27,29/06/2007,Clasico
2183,4,7,11,17,23,30/06/2007,Clasico
2184,2,7,11,14,22,01/07/2007,Clasico
2185,2,8,11,21,26,02/07/2007,Clasico
2186,4,8,12,17,22,03/07/2007,Clasico
2187,5,11,12,15,28,04/07/2007,Clasico
2188,5,10,20,24,26,05/07/2007,Clasico
2189,6,12,14,15,23,06/07/2007,Clasico
2190,2,3,5,21,22,07/07/2007,Clasico
2191,2,6,11,14,18,08/07/2007,Clasico
2192,4,19,21,22,26,09/07/2007,Clasico
2193,4,11,12,16,19,10/07/2007,Clasico
2194,3,4,10,12,28,11/07/2007,Clasico
2195,1,2,11,13,16,12/07/2007,Clasico
2196,2,6,9,18,24,13/07/2007,Clasico
2197,4,6,7,15,19,14/07/2007,Clasico
2198,5,6,12,13,16,15/07/2007,Clasico
2199,4,5,8,19,24,16/07/2007,Clasico
2200,3,4,9,14,23,17/07/2007,Clasico
2201,12,16,18,22,24,18/07/2007,Clasico
2202,4,15,16,17,27,19/07/2007,Clasico
2203,3,15,18,19,28,20/07/2007,Clasico
2204,3,4,6,8,23,21/07/2007,Clasico
2205,12,16,17,26,28,22/07/2007,Clasico
2206,2,6,14,18,22,23/07/2007,Clasico
2207,3,8,12,16,18,24/07/2007,Clasico
2208,2,16,21,22,27,25/07/2007,Clasico
2209,1,14,15,19,25,26/07/2007,Clasico
2210,1,6,13,16,24,27/07/2007,Clasico
2211,7,15,20,24,25,28/07/2007,Clasico
2212,6,14,18,24,28,29/07/2007,Clasico
2213,5,11,12,15,19,30/07/2007,Clasico
2214,10,11,20,24,27,31/07/2007,Clasico
2215,10,12,14,19,23,01/08/2007,Clasico
2216,1,5,8,21,22,02/08/2007,Clasico
2217,3,11,12,16,20,03/08/2007,Clasico
2218,3,7,10,11,26,04/08/2007,Clasico
2219,1,8,11,24,25,05/08/2007,Clasico
2220,11,17,20,21,27,06/08/2007,Clasico
2221,4,11,21,23,27,07/08/2007,Clasico
2222,12,18,19,24,27,08/08/2007,Clasico
2223,3,8,10,14,19,09/08/2007,Clasico
2224,7,15,16,18,28,10/08/2007,Clasico
2225,1,2,3,9,24,11/08/2007,Clasico
2226,6,20,22,25,27,12/08/2007,Clasico
2227,12,19,21,24,25,13/08/2007,Clasico
2228,5,6,13,18,21,14/08/2007,Clasico
2229,7,13,15,17,28,15/08/2007,Clasico
2230,1,5,7,25,27,16/08/2007,Clasico
2231,1,5,6,21,22,17/08/2007,Clasico
2232,3,6,10,15,21,18/08/2007,Clasico
2233,5,13,16,19,21,19/08/2007,Clasico
2234,2,15,18,25,27,20/08/2007,Clasico
2235,7,14,18,19,24,21/08/2007,Clasico
2236,5,9,13,21,27,22/08/2007,Clasico
2237,8,10,11,14,20,23/08/2007,Clasico
2238,14,15,18,22,24,24/08/2007,Clasico
2239,7,8,19,20,28,25/08/2007,Clasico
2240,2,4,11,13,20,26/08/2007,Clasico
2241,1,4,8,9,12,27/08/2007,Clasico
2242,11,12,14,23,28,28/08/2007,Clasico
2243,4,15,18,21,25,29/08/2007,Clasico
2244,6,7,12,17,21,30/08/2007,Clasico
2245,9,11,13,20,25,31/08/2007,Clasico
2246,4,5,6,11,20,01/09/2007,Clasico
2247,2,11,16,23,26,02/09/2007,Clasico
2248,3,4,10,16,23,03/09/2007,Clasico
2249,7,10,11,17,18,04/09/2007,Clasico
2250,9,12,16,20,21,05/09/2007,Clasico
2251,14,15,19,25,26,06/09/2007,Clasico
2252,8,11,20,22,23,07/09/2007,Clasico
2253,5,7,12,18,26,08/09/2007,Clasico
2254,3,7,11,24,27,09/09/2007,Clasico
2255,6,16,18,22,27,10/09/2007,Clasico
2256,3,11,17,21,26,11/09/2007,Clasico
2257,4,14,18,27,28,12/09/2007,Clasico
2258,1,13,20,24,27,13/09/2007,Clasico
2259,12,17,18,20,21,14/09/2007,Clasico
2260,2,9,15,18,20,15/09/2007,Clasico
2261,1,6,9,15,18,16/09/2007,Clasico
2262,5,16,17,20,27,17/09/2007,Clasico
2263,6,20,22,26,27,18/09/2007,Clasico
2264,3,14,15,19,26,19/09/2007,Clasico
2265,3,9,14,26,27,20/09/2007,Clasico
2266,4,6,10,17,27,21/09/2007,Clasico
2267,2,10,24,26,28,22/09/2007,Clasico
2268,2,11,13,17,26,23/09/2007,Clasico
2269,2,5,6,9,25,24/09/2007,Clasico
2270,5,14,15,23,28,25/09/2007,Clasico
2271,1,8,17,21,25,26/09/2007,Clasico
2272,2,3,5,14,21,27/09/2007,Clasico
2273,4,16,17,24,28,28/09/2007,Clasico
2274,2,3,10,11,17,29/09/2007,Clasico
2275,4,9,13,19,26,30/09/2007,Clasico
2276,5,9,11,13,26,01/10/2007,Clasico
2277,1,9,11,20,26,02/10/2007,Clasico
2278,11,13,15,20,21,03/10/2007,Clasico
2279,4,6,18,23,26,04/10/2007,Clasico
2280,9,11,16,20,24,05/10/2007,Clasico
2281,6,11,16,17,25,06/10/2007,Clasico
2282,1,6,11,19,23,07/10/2007,Clasico
2283,4,8,12,24,26,08/10/2007,Clasico
2284,10,11,20,22,27,09/10/2007,Clasico
2285,6,13,19,23,28,10/10/2007,Clasico
2286,13,15,25,26,28,11/10/2007,Clasico
2287,1,3,15,16,17,12/10/2007,Clasico
2288,8,11,15,23,26,13/10/2007,Clasico
2289,8,9,22,24,25,14/10/2007,Clasico
2290,4,12,20,24,28,15/10/2007,Clasico
2291,9,11,18,23,27,16/10/2007,Clasico
2292,1,5,15,23,28,17/10/2007,Clasico
2293,2,22,23,25,28,18/10/2007,Clasico
2294,5,14,15,23,28,19/10/2007,Clasico
2295,4,10,15,17,25,20/10/2007,Clasico
2296,15,16,24,26,28,21/10/2007,Clasico
2297,2,8,14,16,24,22/10/2007,Clasico
2298,3,7,8,15,17,23/10/2007,Clasico
2299,3,9,14,21,22,24/10/2007,Clasico
2300,5,21,22,27,28,25/10/2007,Clasico
2301,19,23,24,26,28,26/10/2007,Clasico
2302,10,19,21,22,27,27/10/2007,Clasico
2303,1,4,6,10,25,28/10/2007,Clasico
2304,6,7,20,21,23,29/10/2007,Clasico
2305,3,8,14,16,24,30/10/2007,Clasico
2306,4,11,12,17,25,31/10/2007,Clasico
2307,8,12,17,22,24,01/11/2007,Clasico
2308,11,12,15,16,24,02/11/2007,Clasico
2309,3,15,18,24,28,03/11/2007,Clasico
2310,1,3,6,17,27,04/11/2007,Clasico
2311,3,10,11,17,21,05/11/2007,Clasico
2312,4,9,19,25,26,06/11/2007,Clasico
2313,10,12,15,24,27,07/11/2007,Clasico
2314,3,10,14,20,28,08/11/2007,Clasico
2315,6,9,16,17,27,09/11/2007,Clasico
2316,1,9,14,19,22,10/11/2007,Clasico
2317,13,15,20,23,27,11/11/2007,Clasico
2318,1,4,15,17,26,12/11/2007,Clasico
2319,5,8,9,11,17,13/11/2007,Clasico
2320,6,8,15,18,19,14/11/2007,Clasico
2321,8,10,12,20,23,15/11/2007,Clasico
2322,1,12,13,22,27,16/11/2007,Clasico
2323,6,9,14,18,19,17/11/2007,Clasico
2324,5,18,19,22,27,18/11/2007,Clasico
2325,1,14,21,24,27,19/11/2007,Clasico
2326,2,3,8,15,22,20/11/2007,Clasico
2327,4,5,6,13,24,21/11/2007,Clasico
2328,1,5,23,26,27,22/11/2007,Clasico
2329,11,17,20,21,28,23/11/2007,Clasico
2330,5,9,12,13,14,24/11/2007,Clasico
2331,5,11,18,20,27,25/11/2007,Clasico
2332,2,10,17,22,24,26/11/2007,Clasico
2333,8,15,19,20,24,27/11/2007,Clasico
2334,1,10,13,23,25,28/11/2007,Clasico
2335,3,8,10,18,25,29/11/2007,Clasico
2336,2,22,24,26,27,30/11/2007,Clasico
2337,15,18,19,24,25,01/12/2007,Clasico
2338,5,9,13,15,23,02/12/2007,Clasico
2339,4,5,18,24,27,03/12/2007,Clasico
2340,7,15,16,20,24,04/12/2007,Clasico
2341,2,5,18,20,23,05/12/2007,Clasico
2342,5,17,24,26,27,06/12/2007,Clasico
2343,3,15,17,23,24,07/12/2007,Clasico
2344,2,5,7,14,20,08/12/2007,Clasico
2345,7,8,14,22,26,09/12/2007,Clasico
2346,2,3,7,19,24,10/12/2007,Clasico
2347,4,9,15,27,28,11/12/2007,Clasico
2348,1,8,9,12,27,12/12/2007,Clasico
2349,11,14,15,22,24,13/12/2007,Clasico
2350,2,13,16,23,24,14/12/2007,Clasico
2351,10,12,21,24,26,15/12/2007,Clasico
2352,2,5,8,17,27,16/12/2007,Clasico
2353,17,18,21,24,25,17/12/2007,Clasico
2354,3,9,17,25,27,18/12/2007,Clasico
2355,8,13,17,18,19,19/12/2007,Clasico
2356,3,6,9,22,27,20/12/2007,Clasico
2357,1,3,6,10,20,21/12/2007,Clasico
2358,3,8,13,20,25,22/12/2007,Clasico
2359,4,12,20,22,26,23/12/2007,Clasico
2360,8,17,21,22,28,24/12/2007,Clasico
2361,5,10,12,13,24,25/12/2007,Clasico
2362,4,6,10,16,17,26/12/2007,Clasico
2363,3,6,8,20,24,27/12/2007,Clasico
2364,9,12,16,22,23,28/12/2007,Clasico
2365,1,3,8,25,28,29/12/2007,Clasico
2366,1,8,15,18,25,30/12/2007,Clasico
2367,2,8,10,12,19,31/12/2007,Clasico
2368,2,7,8,23,27,01/01/2008,Clasico
2369,5,9,21,23,28,02/01/2008,Clasico
2370,4,8,13,15,18,03/01/2008,Clasico
2371,1,5,13,16,27,04/01/2008,Clasico
2372,6,7,17,19,28,05/01/2008,Clasico
2373,1,4,7,8,25,06/01/2008,Clasico
2374,2,7,14,18,28,07/01/2008,Clasico
2375,5,7,9,14,20,08/01/2008,Clasico
2376,3,10,16,20,21,09/01/2008,Clasico
2377,8,10,15,22,26,10/01/2008,Clasico
2378,3,8,13,18,28,11/01/2008,Clasico
2379,4,13,15,25,28,12/01/2008,Clasico
2380,13,14,15,19,27,13/01/2008,Clasico
2381,1,4,8,22,25,14/01/2008,Clasico
2382,12,17,21,23,26,15/01/2008,Clasico
2383,2,3,20,23,25,16/01/2008,Clasico
2384,7,8,11,25,28,17/01/2008,Clasico
2385,1,4,5,24,25,18/01/2008,Clasico
2386,1,4,13,14,23,19/01/2008,Clasico
2387,4,8,10,15,26,20/01/2008,Clasico
2388,13,21,22,24,26,21/01/2008,Clasico
2389,9,14,20,24,28,22/01/2008,Clasico
2390,4,11,15,27,28,23/01/2008,Clasico
2391,9,13,19,20,25,24/01/2008,Clasico
2392,18,19,21,24,27,25/01/2008,Clasico
2393,1,15,20,21,27,26/01/2008,Clasico
2394,6,8,12,15,24,27/01/2008,Clasico
2395,4,8,19,22,23,28/01/2008,Clasico
2396,6,15,20,23,26,29/01/2008,Clasico
2397,8,10,12,17,19,30/01/2008,Clasico
2398,2,4,16,19,22,31/01/2008,Clasico
2399,2,3,8,14,15,01/02/2008,Clasico
2400,7,17,20,25,27,02/02/2008,Clasico
2401,7,13,19,24,25,03/02/2008,Clasico
2402,8,12,17,23,27,04/02/2008,Clasico
2403,10,11,15,16,20,05/02/2008,Clasico
2404,2,8,11,27,28,06/02/2008,Clasico
2405,2,4,8,17,22,07/02/2008,Clasico
2406,9,10,11,15,26,08/02/2008,Clasico
2407,1,3,7,11,24,09/02/2008,Clasico
2408,4,13,19,20,27,10/02/2008,Clasico
2409,1,5,17,18,19,11/02/2008,Clasico
2410,1,6,14,17,27,12/02/2008,Clasico
2411,15,16,21,24,25,13/02/2008,Clasico
2412,20,23,24,25,26,14/02/2008,Clasico
2413,4,21,25,26,28,15/02/2008,Clasico
2414,2,11,14,19,25,16/02/2008,Clasico
2415,3,12,14,15,21,17/02/2008,Clasico
2416,4,8,19,21,28,18/02/2008,Clasico
2417,4,7,14,20,24,19/02/2008,Clasico
2418,3,4,10,12,14,20/02/2008,Clasico
2419,5,14,18,24,27,21/02/2008,Clasico
2420,17,19,21,23,28,22/02/2008,Clasico
2421,1,6,16,18,20,23/02/2008,Clasico
2422,1,11,13,17,22,24/02/2008,Clasico
2423,9,13,24,25,28,25/02/2008,Clasico
2424,3,8,12,14,23,26/02/2008,Clasico
2425,1,15,18,21,22,27/02/2008,Clasico
2426,12,17,18,19,25,28/02/2008,Clasico
2427,3,6,14,16,18,29/02/2008,Clasico
2428,6,14,15,17,18,01/03/2008,Clasico
2429,5,9,13,17,19,02/03/2008,Clasico
2430,3,10,14,15,17,03/03/2008,Clasico
2431,3,6,22,25,27,04/03/2008,Clasico
2432,2,12,20,24,25,05/03/2008,Clasico
2433,8,13,14,20,21,06/03/2008,Clasico
2434,2,7,13,23,26,07/03/2008,Clasico
2435,4,8,11,13,26,08/03/2008,Clasico
2436,8,11,20,27,28,09/03/2008,Clasico
2437,8,9,13,15,22,10/03/2008,Clasico
2438,5,6,10,14,18,11/03/2008,Clasico
2439,3,9,16,21,28,12/03/2008,Clasico
2440,4,6,12,18,23,13/03/2008,Clasico
2441,1,14,15,21,26,14/03/2008,Clasico
2442,11,12,15,20,23,15/03/2008,Clasico
2443,2,7,22,23,28,16/03/2008,Clasico
2444,3,10,14,15,26,17/03/2008,Clasico
2445,21,23,24,27,28,18/03/2008,Clasico
2446,1,16,18,21,26,19/03/2008,Clasico
2447,1,20,24,25,28,20/03/2008,Clasico
2448,7,12,13,14,18,21/03/2008,Clasico
2449,5,8,14,26,28,22/03/2008,Clasico
2450,7,10,15,18,26,23/03/2008,Clasico
2451,7,12,19,21,26,24/03/2008,Clasico
2452,3,12,17,21,26,25/03/2008,Clasico
2453,9,18,24,25,26,26/03/2008,Clasico
2454,3,10,13,21,27,27/03/2008,Clasico
2455,8,11,13,18,23,28/03/2008,Clasico
2456,5,20,24,26,28,29/03/2008,Clasico
2457,8,10,11,17,20,30/03/2008,Clasico
2458,13,14,22,27,28,31/03/2008,Clasico
2459,2,5,14,15,25,01/04/2008,Clasico
2460,3,8,11,23,24,02/04/2008,Clasico
2461,7,8,19,22,25,03/04/2008,Clasico
2462,2,7,14,16,21,04/04/2008,Clasico
2463,7,9,12,16,25,05/04/2008,Clasico
2464,17,18,20,24,25,06/04/2008,Clasico
2465,14,15,18,23,27,07/04/2008,Clasico
2466,6,7,18,20,28,08/04/2008,Clasico
2467,5,14,21,24,25,09/04/2008,Clasico
2468,2,7,9,18,19,10/04/2008,Clasico
2469,7,10,13,15,25,11/04/2008,Clasico
2470,10,17,18,19,20,12/04/2008,Clasico
2471,2,4,7,20,23,13/04/2008,Clasico
2472,6,7,13,14,21,14/04/2008,Clasico
2473,1,9,13,18,23,15/04/2008,Clasico
2474,11,15,21,22,27,16/04/2008,Clasico
2475,4,13,14,21,22,17/04/2008,Clasico
2476,6,7,19,22,23,18/04/2008,Clasico
2477,4,6,18,19,22,19/04/2008,Clasico
2478,3,4,5,10,18,20/04/2008,Clasico
2479,4,7,11,22,28,21/04/2008,Clasico
2480,2,6,8,25,28,22/04/2008,Clasico
2481,1,11,18,22,27,23/04/2008,Clasico
2482,7,17,22,26,27,24/04/2008,Clasico
2483,2,10,11,14,26,25/04/2008,Clasico
2484,2,10,18,19,21,26/04/2008,Clasico
2485,4,11,20,21,26,27/04/2008,Clasico
2486,2,5,9,19,27,28/04/2008,Clasico
2487,7,12,13,23,26,29/04/2008,Clasico
2488,5,12,15,22,27,30/04/2008,Clasico
2489,6,9,22,23,27,01/05/2008,Clasico
2490,12,15,18,20,24,02/05/2008,Clasico
2491,5,9,16,19,25,03/05/2008,Clasico
2492,9,11,14,16,17,04/05/2008,Clasico
2493,13,15,19,20,25,05/05/2008,Clasico
2494,8,12,13,21,24,06/05/2008,Clasico
2495,13,20,24,27,28,07/05/2008,Clasico
2496,4,6,7,25,28,08/05/2008,Clasico
2497,3,7,13,17,21,09/05/2008,Clasico
2498,3,11,14,21,24,10/05/2008,Clasico
2499,2,5,11,16,27,11/05/2008,Clasico
2500,8,10,13,23,25,12/05/2008,Clasico
2501,15,19,23,25,26,13/05/2008,Clasico
2502,4,7,13,14,24,14/05/2008,Clasico
2503,13,15,21,26,28,15/05/2008,Clasico
2504,2,10,14,23,27,16/05/2008,Clasico
2505,4,10,22,23,25,17/05/2008,Clasico
2506,2,5,9,10,28,18/05/2008,Clasico
2507,3,9,14,21,24,19/05/2008,Clasico
2508,2,5,6,10,22,20/05/2008,Clasico
2509,4,5,8,10,12,21/05/2008,Clasico
2510,10,19,22,24,26,22/05/2008,Clasico
2511,1,3,5,15,26,23/05/2008,Clasico
2512,4,18,22,23,27,24/05/2008,Clasico
2513,6,8,12,21,22,25/05/2008,Clasico
2514,1,9,13,15,18,26/05/2008,Clasico
2515,6,16,18,19,28,27/05/2008,Clasico
2516,2,14,17,20,23,28/05/2008,Clasico
2517,1,2,5,12,20,29/05/2008,Clasico
2518,10,11,20,22,26,30/05/2008,Clasico
2519,4,9,11,13,18,31/05/2008,Clasico
2520,7,8,12,16,28,01/06/2008,Clasico
2521,4,5,6,15,22,02/06/2008,Clasico
2522,4,9,16,21,22,03/06/2008,Clasico
2523,10,14,19,24,28,04/06/2008,Clasico
2524,9,14,15,16,25,05/06/2008,Clasico
2525,16,17,20,23,25,06/06/2008,Clasico
2526,1,8,14,18,22,07/06/2008,Clasico
2527,1,4,10,14,17,08/06/2008,Clasico
2528,8,10,22,25,26,09/06/2008,Clasico
2529,11,14,19,26,28,10/06/2008,Clasico
2530,2,13,15,26,27,11/06/2008,Clasico
2531,4,8,10,19,26,12/06/2008,Clasico
2532,7,13,17,20,24,13/06/2008,Clasico
2533,2,9,13,16,17,14/06/2008,Clasico
2534,2,3,13,14,26,15/06/2008,Clasico
2535,10,12,14,18,24,16/06/2008,Clasico
2536,2,7,15,22,28,17/06/2008,Clasico
2537,15,16,23,26,27,18/06/2008,Clasico
2538,1,3,7,9,10,19/06/2008,Clasico
2539,6,7,13,25,27,20/06/2008,Clasico
2540,3,8,9,18,19,21/06/2008,Clasico
2541,1,6,7,16,19,22/06/2008,Clasico
2542,4,5,14,19,25,23/06/2008,Clasico
2543,3,6,8,10,24,24/06/2008,Clasico
2544,3,6,8,20,27,25/06/2008,Clasico
2545,8,9,12,25,26,26/06/2008,Clasico
2546,1,2,5,14,15,27/06/2008,Clasico
2547,2,5,7,9,16,28/06/2008,Clasico
2548,9,11,12,18,23,29/06/2008,Clasico
2549,17,18,21,23,24,30/06/2008,Clasico
2550,1,2,3,5,10,01/07/2008,Clasico
2551,1,4,8,9,27,02/07/2008,Clasico
2552,3,14,17,20,25,03/07/2008,Clasico
2553,2,6,7,16,18,04/07/2008,Clasico
2554,1,5,13,15,20,05/07/2008,Clasico
2555,3,9,11,20,21,06/07/2008,Clasico
2556,6,7,11,23,24,07/07/2008,Clasico
2557,4,9,13,16,28,08/07/2008,Clasico
2558,4,8,9,11,12,09/07/2008,Clasico
2559,1,10,19,21,24,10/07/2008,Clasico
2560,3,4,13,20,25,11/07/2008,Clasico
2561,7,14,15,17,24,12/07/2008,Clasico
2562,7,12,13,15,18,13/07/2008,Clasico
2563,10,18,19,22,27,14/07/2008,Clasico
2564,2,3,4,9,21,15/07/2008,Clasico
2565,1,9,15,19,27,16/07/2008,Clasico
2566,2,9,13,23,26,17/07/2008,Clasico
2567,1,17,24,26,28,18/07/2008,Clasico
2568,3,9,11,13,22,19/07/2008,Clasico
2569,12,13,15,18,23,20/07/2008,Clasico
2570,5,10,13,24,27,21/07/2008,Clasico
2571,1,4,16,20,21,22/07/2008,Clasico
2572,6,12,14,27,28,23/07/2008,Clasico
2573,14,22,23,24,26,24/07/2008,Clasico
2574,3,9,14,23,27,25/07/2008,Clasico
2575,8,15,21,22,24,26/07/2008,Clasico
2576,16,17,18,21,27,27/07/2008,Clasico
2577,13,15,16,18,20,28/07/2008,Clasico
2578,9,12,14,24,25,29/07/2008,Clasico
2579,1,9,12,18,26,30/07/2008,Clasico
2580,1,6,7,9,20,31/07/2008,Clasico
2581,5,8,11,21,28,01/08/2008,Clasico
2582,4,10,11,23,26,02/08/2008,Clasico
2583,8,9,24,26,28,03/08/2008,Clasico
2584,2,3,6,19,27,04/08/2008,Clasico
2585,6,10,17,21,27,05/08/2008,Clasico
2586,7,11,14,24,25,06/08/2008,Clasico
2587,3,11,18,23,25,07/08/2008,Clasico
2588,7,14,19,24,25,08/08/2008,Clasico
2589,16,18,20,22,28,09/08/2008,Clasico
2590,4,7,13,15,21,10/08/2008,Clasico
2591,2,5,6,8,10,11/08/2008,Clasico
2592,2,6,10,20,28,12/08/2008,Clasico
2593,6,12,14,17,18,13/08/2008,Clasico
2594,8,11,13,22,26,14/08/2008,Clasico
2595,1,14,16,17,28,15/08/2008,Clasico
2596,2,6,11,17,23,16/08/2008,Clasico
2597,1,2,6,7,10,17/08/2008,Clasico
2598,4,7,9,21,28,18/08/2008,Clasico
2599,9,12,15,18,24,19/08/2008,Clasico
2600,3,15,19,20,24,20/08/2008,Clasico
2601,17,20,22,23,28,21/08/2008,Clasico
2602,5,9,10,17,19,22/08/2008,Clasico
2603,4,6,15,17,26,23/08/2008,Clasico
2604,1,4,6,13,22,24/08/2008,Clasico
2605,11,14,25,27,28,25/08/2008,Clasico
2606,4,6,11,18,24,26/08/2008,Clasico
2607,5,7,12,14,25,27/08/2008,Clasico
2608,4,6,11,22,27,28/08/2008,Clasico
2609,2,13,15,20,23,29/08/2008,Clasico
2610,4,5,10,26,28,30/08/2008,Clasico
2611,3,12,16,18,26,31/08/2008,Clasico
2612,6,7,16,25,26,01/09/2008,Clasico
2613,9,13,19,26,27,02/09/2008,Clasico
2614,2,5,19,20,23,03/09/2008,Clasico
2615,5,7,11,14,22,04/09/2008,Clasico
2616,7,11,13,14,24,05/09/2008,Clasico
2617,1,3,21,22,24,06/09/2008,Clasico
2618,2,12,13,19,21,07/09/2008,Clasico
2619,5,6,12,17,26,08/09/2008,Clasico
2620,3,17,21,24,27,09/09/2008,Clasico
2621,5,9,15,25,26,10/09/2008,Clasico
2622,6,18,19,20,27,11/09/2008,Clasico
2623,6,8,19,24,25,12/09/2008,Clasico
2624,3,10,16,21,25,13/09/2008,Clasico
2625,2,13,21,25,27,14/09/2008,Clasico
2626,4,6,8,17,22,15/09/2008,Clasico
2627,7,13,18,20,25,16/09/2008,Clasico
2628,5,10,15,16,22,17/09/2008,Clasico
2629,9,14,19,20,22,18/09/2008,Clasico
2630,1,4,7,16,22,19/09/2008,Clasico
2631,4,10,13,18,27,20/09/2008,Clasico
2632,10,11,19,26,28,21/09/2008,Clasico
2633,2,3,5,8,28,22/09/2008,Clasico
2634,2,15,19,23,26,23/09/2008,Clasico
2635,5,12,15,19,20,24/09/2008,Clasico
2636,1,2,5,7,12,25/09/2008,Clasico
2637,3,6,13,18,25,26/09/2008,Clasico
2638,10,18,19,20,25,27/09/2008,Clasico
2639,3,9,11,24,25,28/09/2008,Clasico
2640,3,13,14,17,18,29/09/2008,Clasico
2641,3,11,14,24,26,30/09/2008,Clasico
2642,8,10,12,24,26,01/10/2008,Clasico
2643,13,17,22,23,26,02/10/2008,Clasico
2644,13,15,17,19,24,03/10/2008,Clasico
2645,14,16,19,22,26,04/10/2008,Clasico
2646,1,7,12,15,20,05/10/2008,Clasico
2647,1,7,12,14,27,06/10/2008,Clasico
2648,1,3,4,21,23,07/10/2008,Clasico
2649,2,12,16,23,26,08/10/2008,Clasico
2650,11,13,14,19,27,09/10/2008,Clasico
2651,6,8,9,17,25,10/10/2008,Clasico
2652,2,9,17,18,20,11/10/2008,Clasico
2653,8,16,19,25,28,12/10/2008,Clasico
2654,1,2,15,21,28,13/10/2008,Clasico
2655,1,9,11,27,28,14/10/2008,Clasico
2656,3,6,9,10,16,15/10/2008,Clasico
2657,1,7,10,22,23,16/10/2008,Clasico
2658,15,16,19,22,25,17/10/2008,Clasico
2659,9,11,20,23,28,18/10/2008,Clasico
2660,7,10,23,25,28,19/10/2008,Clasico
2661,3,6,7,20,21,20/10/2008,Clasico
2662,2,11,21,23,27,21/10/2008,Clasico
2663,15,25,26,27,28,22/10/2008,Clasico
2664,6,16,20,21,22,23/10/2008,Clasico
2665,4,14,17,21,26,24/10/2008,Clasico
2666,2,6,11,13,19,25/10/2008,Clasico
2667,4,5,6,7,25,26/10/2008,Clasico
2668,8,9,18,26,28,27/10/2008,Clasico
2669,1,7,8,9,14,28/10/2008,Clasico
2670,3,8,14,19,23,29/10/2008,Clasico
2671,5,6,21,26,27,30/10/2008,Clasico
2672,4,12,15,27,28,31/10/2008,Clasico
2673,11,17,19,25,28,01/11/2008,Clasico
2674,1,9,10,12,24,02/11/2008,Clasico
2675,3,7,15,18,20,03/11/2008,Clasico
2676,3,7,11,18,27,04/11/2008,Clasico
2677,3,6,9,12,18,05/11/2008,Clasico
2678,3,11,21,22,28,06/11/2008,Clasico
2679,4,10,16,25,26,07/11/2008,Clasico
2680,3,8,9,11,27,08/11/2008,Clasico
2681,8,9,14,26,27,09/11/2008,Clasico
2682,7,9,15,23,24,10/11/2008,Clasico
2683,1,7,8,12,14,11/11/2008,Clasico
2684,8,9,11,12,19,12/11/2008,Clasico
2685,2,8,12,18,25,13/11/2008,Clasico
2686,1,10,18,25,27,14/11/2008,Clasico
2687,5,6,11,16,18,15/11/2008,Clasico
2688,7,10,12,14,27,16/11/2008,Clasico
2689,7,15,18,19,25,17/11/2008,Clasico
2690,1,4,5,15,21,18/11/2008,Clasico
2691,5,8,18,20,24,19/11/2008,Clasico
2692,1,8,13,22,28,20/11/2008,Clasico
2693,1,14,16,22,23,21/11/2008,Clasico
2694,3,8,9,24,25,22/11/2008,Clasico
2695,2,6,7,23,25,23/11/2008,Clasico
2696,8,13,20,22,23,24/11/2008,Clasico
2697,3,9,11,16,20,25/11/2008,Clasico
2698,1,2,4,16,28,26/11/2008,Clasico
2699,11,13,17,20,22,27/11/2008,Clasico
2700,12,13,16,24,27,28/11/2008,Clasico
2701,7,11,14,15,25,29/11/2008,Clasico
2702,11,17,18,20,22,30/11/2008,Clasico
2703,8,11,12,15,26,01/12/2008,Clasico
2704,6,8,13,17,25,02/12/2008,Clasico
2705,12,13,20,22,23,03/12/2008,Clasico
2706,4,5,6,9,18,04/12/2008,Clasico
2707,4,9,17,24,25,05/12/2008,Clasico
2708,5,12,16,19,27,06/12/2008,Clasico
2709,9,10,13,15,18,07/12/2008,Clasico
2710,2,4,5,6,11,08/12/2008,Clasico
2711,5,10,12,14,22,09/12/2008,Clasico
2712,6,8,23,24,25,10/12/2008,Clasico
2713,7,16,17,18,23,11/12/2008,Clasico
2714,6,8,12,14,25,12/12/2008,Clasico
2715,5,13,15,22,28,13/12/2008,Clasico
2716,5,7,10,13,16,14/12/2008,Clasico
2717,7,9,11,25,26,15/12/2008,Clasico
2718,2,8,11,12,28,16/12/2008,Clasico
2719,3,10,15,16,28,17/12/2008,Clasico
2720,14,17,20,22,24,18/12/2008,Clasico
2721,13,14,15,16,24,19/12/2008,Clasico
2722,19,21,22,27,28,20/12/2008,Clasico
2723,1,5,13,17,23,21/12/2008,Clasico
2724,2,8,12,20,23,22/12/2008,Clasico
2725,1,4,10,21,22,23/12/2008,Clasico
2726,4,9,16,19,27,24/12/2008,Clasico
2727,8,14,16,20,23,25/12/2008,Clasico
2728,18,21,23,26,28,26/12/2008,Clasico
2729,3,16,18,20,25,27/12/2008,Clasico
2730,6,7,9,10,11,28/12/2008,Clasico
2731,4,5,17,20,28,29/12/2008,Clasico
2732,1,3,9,26,28,30/12/2008,Clasico
2733,4,10,12,14,24,31/12/2008,Clasico
2734,4,10,16,20,27,01/01/2009,Clasico
2735,3,7,11,19,23,02/01/2009,Clasico
2736,12,15,17,20,22,03/01/2009,Clasico
2737,7,13,14,17,18,04/01/2009,Clasico
2738,2,5,14,25,26,05/01/2009,Clasico
2739,10,12,13,22,25,06/01/2009,Clasico
2740,9,10,12,24,25,07/01/2009,Clasico
2741,2,8,23,24,27,08/01/2009,Clasico
2742,3,17,19,24,28,09/01/2009,Clasico
2743,3,4,8,13,15,10/01/2009,Clasico
2744,2,7,16,18,22,11/01/2009,Clasico
2745,11,16,21,25,28,12/01/2009,Clasico
2746,10,14,16,19,28,13/01/2009,Clasico
2747,4,9,11,19,26,14/01/2009,Clasico
2748,9,13,20,21,28,15/01/2009,Clasico
2749,3,11,16,21,22,16/01/2009,Clasico
2750,1,10,16,18,24,17/01/2009,Clasico
2751,1,2,10,15,21,18/01/2009,Clasico
2752,5,6,19,20,22,19/01/2009,Clasico
2753,14,16,18,19,23,20/01/2009,Clasico
2754,10,11,14,18,23,21/01/2009,Clasico
2755,2,6,16,19,26,22/01/2009,Clasico
2756,12,16,17,23,27,23/01/2009,Clasico
2757,3,5,13,24,26,24/01/2009,Clasico
2758,8,12,17,18,24,25/01/2009,Clasico
2759,2,9,15,21,24,26/01/2009,Clasico
2760,2,7,14,16,22,27/01/2009,Clasico
2761,2,5,6,8,25,28/01/2009,Clasico
2762,7,12,19,20,26,29/01/2009,Clasico
2763,1,8,12,13,25,30/01/2009,Clasico
2764,7,15,19,23,27,31/01/2009,Clasico
2765,2,7,8,19,27,01/02/2009,Clasico
2766,8,9,16,18,22,02/02/2009,Clasico
2767,7,9,18,22,28,03/02/2009,Clasico
2768,1,2,16,17,25,04/02/2009,Clasico
2769,11,15,23,25,27,05/02/2009,Clasico
2770,9,11,18,19,28,06/02/2009,Clasico
2771,3,4,14,17,19,07/02/2009,Clasico
2772,1,9,10,24,25,08/02/2009,Clasico
2773,1,15,20,26,27,09/02/2009,Clasico
2774,8,13,14,15,19,10/02/2009,Clasico
2775,1,15,18,25,28,11/02/2009,Clasico
2776,8,10,15,20,27,12/02/2009,Clasico
2777,5,10,11,12,25,13/02/2009,Clasico
2778,9,10,21,27,28,14/02/2009,Clasico
2779,5,12,23,25,26,15/02/2009,Clasico
2780,1,6,14,17,18,16/02/2009,Clasico
2781,2,18,20,22,28,17/02/2009,Clasico
2782,3,7,11,13,21,18/02/2009,Clasico
2783,9,11,13,19,28,19/02/2009,Clasico
2784,2,4,10,17,26,20/02/2009,Clasico
2785,2,5,12,16,26,21/02/2009,Clasico
2786,2,10,12,23,26,22/02/2009,Clasico
2787,8,11,19,22,23,23/02/2009,Clasico
2788,4,6,8,20,21,24/02/2009,Clasico
2789,2,15,18,24,26,25/02/2009,Clasico
2790,3,8,10,13,24,26/02/2009,Clasico
2791,2,3,20,26,27,27/02/2009,Clasico
2792,4,5,10,18,20,28/02/2009,Clasico
2793,9,13,17,19,25,01/03/2009,Clasico
2794,13,15,19,21,26,02/03/2009,Clasico
2795,1,10,11,15,25,03/03/2009,Clasico
2796,6,7,20,23,25,04/03/2009,Clasico
2797,5,9,13,14,21,05/03/2009,Clasico
2798,3,10,15,16,23,06/03/2009,Clasico
2799,1,7,9,25,26,07/03/2009,Clasico
2800,2,3,4,22,25,08/03/2009,Clasico
2801,8,10,18,23,27,09/03/2009,Clasico
2802,3,4,17,19,22,10/03/2009,Clasico
2803,3,12,14,20,21,11/03/2009,Clasico
2804,7,10,11,14,17,12/03/2009,Clasico
2805,3,4,9,25,26,13/03/2009,Clasico
2806,3,8,11,14,22,14/03/2009,Clasico
2807,3,5,11,14,24,15/03/2009,Clasico
2808,2,7,10,13,24,16/03/2009,Clasico
2809,1,2,5,19,28,17/03/2009,Clasico
2810,2,11,15,20,24,18/03/2009,Clasico
2811,1,9,10,16,27,19/03/2009,Clasico
2812,1,10,12,16,28,20/03/2009,Clasico
2813,2,5,8,13,16,21/03/2009,Clasico
2814,1,3,4,6,23,22/03/2009,Clasico
2815,11,14,22,24,25,23/03/2009,Clasico
2816,4,5,21,24,25,24/03/2009,Clasico
2817,3,12,15,20,27,25/03/2009,Clasico
2818,2,6,9,20,21,26/03/2009,Clasico
2819,3,9,18,20,24,27/03/2009,Clasico
2820,3,7,15,23,25,28/03/2009,Clasico
2821,1,2,6,10,17,29/03/2009,Clasico
2822,10,11,13,20,27,30/03/2009,Clasico
2823,9,11,17,24,27,31/03/2009,Clasico
2824,4,12,20,22,23,01/04/2009,Clasico
2825,4,5,7,10,17,02/04/2009,Clasico
2826,1,3,20,21,27,03/04/2009,Clasico
2827,15,17,18,20,24,04/04/2009,Clasico
2828,2,9,15,22,25,05/04/2009,Clasico
2829,6,8,14,24,27,06/04/2009,Clasico
2830,4,5,13,17,28,07/04/2009,Clasico
2831,5,7,17,22,27,08/04/2009,Clasico
2832,1,2,10,23,27,09/04/2009,Clasico
2833,6,7,13,15,18,10/04/2009,Clasico
2834,10,14,16,18,19,11/04/2009,Clasico
2835,7,13,17,21,22,12/04/2009,Clasico
2836,1,15,16,20,28,13/04/2009,Clasico
2837,7,13,19,21,27,14/04/2009,Clasico
2838,4,6,9,13,24,15/04/2009,Clasico
2839,1,8,11,24,27,16/04/2009,Clasico
2840,4,5,8,10,13,17/04/2009,Clasico
2841,6,16,20,21,24,18/04/2009,Clasico
2842,7,16,23,26,27,19/04/2009,Clasico
2843,1,2,8,17,22,20/04/2009,Clasico
2844,5,8,9,21,24,21/04/2009,Clasico
2845,7,12,18,24,28,22/04/2009,Clasico
2846,7,14,21,24,27,23/04/2009,Clasico
2847,3,7,13,23,26,24/04/2009,Clasico
2848,2,7,14,17,18,25/04/2009,Clasico
2849,5,7,11,23,24,26/04/2009,Clasico
2850,1,5,9,10,22,27/04/2009,Clasico
2851,3,4,5,17,27,28/04/2009,Clasico
2852,7,8,23,24,26,29/04/2009,Clasico
2853,3,6,7,8,11,30/04/2009,Clasico
2854,2,12,13,15,26,01/05/2009,Clasico
2855,3,8,10,11,22,02/05/2009,Clasico
2856,5,6,8,10,13,03/05/2009,Clasico
2857,5,9,12,13,28,04/05/2009,Clasico
2858,6,8,9,11,23,05/05/2009,Clasico
2859,1,8,13,14,21,06/05/2009,Clasico
2860,1,8,15,19,21,07/05/2009,Clasico
2861,3,6,9,12,17,08/05/2009,Clasico
2862,4,8,19,20,27,09/05/2009,Clasico
2863,1,16,24,26,28,10/05/2009,Clasico
2864,6,15,21,24,27,11/05/2009,Clasico
2865,8,12,18,21,22,12/05/2009,Clasico
2866,2,18,19,24,28,13/05/2009,Clasico
2867,2,10,17,19,25,14/05/2009,Clasico
2868,3,8,10,22,27,15/05/2009,Clasico
2869,3,11,12,23,24,16/05/2009,Clasico
2870,6,7,8,10,20,17/05/2009,Clasico
2871,8,14,23,26,28,18/05/2009,Clasico
2872,12,13,15,21,28,19/05/2009,Clasico
2873,8,13,17,26,28,20/05/2009,Clasico
2874,1,16,19,20,21,21/05/2009,Clasico
2875,1,10,14,15,18,22/05/2009,Clasico
2876,5,14,21,25,28,23/05/2009,Clasico
2877,1,4,15,19,22,24/05/2009,Clasico
2878,7,12,16,18,23,25/05/2009,Clasico
2879,1,13,14,23,28,26/05/2009,Clasico
2880,12,19,20,23,27,27/05/2009,Clasico
2881,6,13,14,26,28,28/05/2009,Clasico
2882,1,9,18,25,26,29/05/2009,Clasico
2883,3,4,6,17,22,30/05/2009,Clasico
2884,2,5,7,15,20,31/05/2009,Clasico
2885,3,4,16,18,24,01/06/2009,Clasico
2886,4,8,17,21,25,02/06/2009,Clasico
2887,2,5,7,21,26,03/06/2009,Clasico
2888,7,9,11,20,26,04/06/2009,Clasico
2889,5,9,13,24,28,05/06/2009,Clasico
2890,4,8,10,11,19,06/06/2009,Clasico
2891,3,9,12,20,27,07/06/2009,Clasico
2892,7,11,18,20,25,08/06/2009,Clasico
2893,12,14,17,18,21,09/06/2009,Clasico
2894,19,21,22,24,28,10/06/2009,Clasico
2895,10,12,23,26,27,11/06/2009,Clasico
2896,8,14,17,19,28,12/06/2009,Clasico
2897,6,7,9,14,22,13/06/2009,Clasico
2898,1,4,9,20,26,14/06/2009,Clasico
2899,2,6,7,20,28,15/06/2009,Clasico
2900,11,13,17,18,25,16/06/2009,Clasico
2901,2,11,17,18,25,17/06/2009,Clasico
2902,7,10,17,26,28,18/06/2009,Clasico
2903,1,12,13,14,21,19/06/2009,Clasico
2904,3,10,11,24,25,20/06/2009,Clasico
2905,7,11,14,19,25,21/06/2009,Clasico
2906,9,12,14,17,24,22/06/2009,Clasico
2907,14,15,19,22,26,23/06/2009,Clasico
2908,8,10,12,20,24,24/06/2009,Clasico
2909,2,5,6,9,27,25/06/2009,Clasico
2910,6,17,18,23,25,26/06/2009,Clasico
2911,12,15,24,25,26,27/06/2009,Clasico
2912,7,11,12,15,25,28/06/2009,Clasico
2913,3,7,13,16,20,29/06/2009,Clasico
2914,1,14,16,23,28,30/06/2009,Clasico
2915,13,17,21,22,27,01/07/2009,Clasico
2916,5,7,14,19,20,02/07/2009,Clasico
2917,1,3,9,10,19,03/07/2009,Clasico
2918,6,9,13,24,25,04/07/2009,Clasico
2919,1,3,14,17,22,05/07/2009,Clasico
2920,5,9,11,14,24,06/07/2009,Clasico
2921,9,13,18,22,27,07/07/2009,Clasico
2922,7,19,24,25,27,08/07/2009,Clasico
2923,7,18,19,23,25,09/07/2009,Clasico
2924,6,8,12,14,18,10/07/2009,Clasico
2925,1,6,8,17,19,11/07/2009,Clasico
2926,1,2,4,15,21,12/07/2009,Clasico
2927,1,2,3,15,16,13/07/2009,Clasico
2928,1,7,16,18,23,14/07/2009,Clasico
2929,2,7,8,10,18,15/07/2009,Clasico
2930,3,14,23,24,27,16/07/2009,Clasico
2931,16,17,18,21,25,17/07/2009,Clasico
2932,1,2,3,7,25,18/07/2009,Clasico
2933,1,11,13,17,18,19/07/2009,Clasico
2934,6,8,11,17,25,20/07/2009,Clasico
2935,2,3,16,17,27,21/07/2009,Clasico
2936,4,17,18,19,27,22/07/2009,Clasico
2937,10,17,21,22,27,23/07/2009,Clasico
2938,10,15,22,25,27,24/07/2009,Clasico
2939,2,11,23,27,28,25/07/2009,Clasico
2940,7,8,13,14,27,26/07/2009,Clasico
2941,4,7,17,19,27,27/07/2009,Clasico
2942,2,4,18,20,22,28/07/2009,Clasico
2943,4,8,10,18,21,29/07/2009,Clasico
2944,2,3,6,13,27,30/07/2009,Clasico
2945,10,19,24,25,26,31/07/2009,Clasico
2946,1,7,9,27,28,01/08/2009,Clasico
2947,2,6,13,20,27,02/08/2009,Clasico
2948,7,12,22,23,26,03/08/2009,Clasico
2949,9,15,16,18,27,04/08/2009,Clasico
2950,11,15,21,25,28,05/08/2009,Clasico
2951,4,15,18,24,25,06/08/2009,Clasico
2952,9,15,18,19,23,07/08/2009,Clasico
2953,7,9,15,18,27,08/08/2009,Clasico
2954,5,7,11,20,21,09/08/2009,Clasico
2955,5,11,12,22,24,10/08/2009,Clasico
2956,14,16,17,22,25,11/08/2009,Clasico
2957,3,6,7,15,18,12/08/2009,Clasico
2958,3,8,9,22,24,13/08/2009,Clasico
2959,5,6,7,27,28,14/08/2009,Clasico
2960,2,8,16,20,28,15/08/2009,Clasico
2961,10,11,21,25,26,16/08/2009,Clasico
2962,9,12,13,22,23,17/08/2009,Clasico
2963,2,18,19,23,24,18/08/2009,Clasico
2964,7,10,23,25,28,19/08/2009,Clasico
2965,4,9,14,21,24,20/08/2009,Clasico
2966,10,13,15,17,20,21/08/2009,Clasico
2967,6,7,8,15,16,22/08/2009,Clasico
2968,4,6,8,9,21,23/08/2009,Clasico
2969,1,6,13,16,28,24/08/2009,Clasico
2970,14,16,22,24,28,25/08/2009,Clasico
2971,14,18,21,22,28,26/08/2009,Clasico
2972,4,14,16,21,24,27/08/2009,Clasico
2973,3,8,10,27,28,28/08/2009,Clasico
2974,8,9,14,20,23,29/08/2009,Clasico
2975,7,17,22,25,28,30/08/2009,Clasico
2976,4,13,18,20,23,31/08/2009,Clasico
2977,4,12,16,18,20,01/09/2009,Clasico
2978,3,9,15,17,21,02/09/2009,Clasico
2979,1,5,12,23,25,03/09/2009,Clasico
2980,3,13,15,17,24,04/09/2009,Clasico
2981,1,6,13,16,27,05/09/2009,Clasico
2982,3,4,6,16,20,06/09/2009,Clasico
2983,2,3,17,24,28,07/09/2009,Clasico
2984,5,8,14,17,18,08/09/2009,Clasico
2985,4,16,25,26,28,09/09/2009,Clasico
2986,7,10,13,20,22,10/09/2009,Clasico
2987,4,8,11,17,20,11/09/2009,Clasico
2988,4,11,19,21,27,12/09/2009,Clasico
2989,4,13,20,23,24,13/09/2009,Clasico
2990,1,15,16,17,28,14/09/2009,Clasico
2991,12,18,20,23,28,15/09/2009,Clasico
2992,1,14,17,19,24,16/09/2009,Clasico
2993,2,7,8,15,26,17/09/2009,Clasico
2994,3,8,18,19,28,18/09/2009,Clasico
2995,4,12,16,18,25,19/09/2009,Clasico
2996,1,6,8,14,26,20/09/2009,Clasico
2997,1,4,8,23,27,21/09/2009,Clasico
2998,7,16,17,23,24,22/09/2009,Clasico
2999,4,7,21,23,26,23/09/2009,Clasico
3000,2,12,14,17,21,24/09/2009,Clasico
3001,4,8,15,17,18,25/09/2009,Clasico
3002,1,5,12,14,23,26/09/2009,Clasico
3003,1,2,5,13,15,27/09/2009,Clasico
3004,4,6,16,22,23,28/09/2009,Clasico
3005,7,17,22,23,26,29/09/2009,Clasico
3006,5,6,24,26,28,30/09/2009,Clasico
3007,5,7,16,26,28,01/10/2009,Clasico
3008,3,4,16,19,21,02/10/2009,Clasico
3009,3,8,15,23,28,03/10/2009,Clasico
3010,10,16,18,19,20,04/10/2009,Clasico
3011,3,12,19,25,28,05/10/2009,Clasico
3012,2,6,12,16,24,06/10/2009,Clasico
3013,1,2,11,16,21,07/10/2009,Clasico
3014,4,18,21,27,28,08/10/2009,Clasico
3015,10,25,26,27,28,09/10/2009,Clasico
3016,7,10,18,27,28,10/10/2009,Clasico
3017,2,16,21,25,28,11/10/2009,Clasico
3018,10,11,14,19,28,12/10/2009,Clasico
3019,1,4,16,17,19,13/10/2009,Clasico
3020,1,14,15,16,24,14/10/2009,Clasico
3021,7,14,17,18,28,15/10/2009,Clasico
3022,7,8,18,26,28,16/10/2009,Clasico
3023,3,8,17,22,26,17/10/2009,Clasico
3024,14,17,20,21,25,18/10/2009,Clasico
3025,2,3,10,21,23,19/10/2009,Clasico
3026,10,17,24,26,27,20/10/2009,Clasico
3027,3,11,17,24,28,21/10/2009,Clasico
3028,13,14,17,24,27,22/10/2009,Clasico
3029,4,10,11,22,26,23/10/2009,Clasico
3030,3,4,17,25,27,24/10/2009,Clasico
3031,5,19,20,22,23,25/10/2009,Clasico
3032,1,17,19,21,27,26/10/2009,Clasico
3033,3,8,11,19,26,27/10/2009,Clasico
3034,2,4,8,21,22,28/10/2009,Clasico
3035,5,6,8,21,23,29/10/2009,Clasico
3036,1,3,10,25,26,30/10/2009,Clasico
3037,4,5,9,16,28,31/10/2009,Clasico
3038,2,14,15,17,22,01/11/2009,Clasico
3039,2,5,10,12,13,02/11/2009,Clasico
3040,9,20,24,25,26,03/11/2009,Clasico
3041,4,7,9,23,28,04/11/2009,Clasico
3042,3,9,15,18,19,05/11/2009,Clasico
3043,13,19,20,23,28,06/11/2009,Clasico
3044,11,13,17,22,23,07/11/2009,Clasico
3045,4,6,20,24,26,08/11/2009,Clasico
3046,4,8,12,21,27,09/11/2009,Clasico
3047,2,5,7,17,27,10/11/2009,Clasico
3048,8,12,13,20,26,11/11/2009,Clasico
3049,3,4,11,16,21,12/11/2009,Clasico
3050,8,11,18,19,20,13/11/2009,Clasico
3051,4,8,14,20,28,14/11/2009,Clasico
3052,5,15,16,19,25,15/11/2009,Clasico
3053,7,9,15,18,26,16/11/2009,Clasico
3054,4,8,17,24,28,17/11/2009,Clasico
3055,1,7,17,19,20,18/11/2009,Clasico
3056,1,4,20,25,27,19/11/2009,Clasico
3057,5,20,22,25,28,20/11/2009,Clasico
3058,7,11,18,25,28,21/11/2009,Clasico
3059,8,11,14,16,21,22/11/2009,Clasico
3060,4,10,17,19,27,23/11/2009,Clasico
3061,1,7,8,9,23,24/11/2009,Clasico
3062,2,8,22,23,26,25/11/2009,Clasico
3063,3,11,15,21,24,26/11/2009,Clasico
3064,2,12,18,22,23,27/11/2009,Clasico
3065,5,7,19,21,23,28/11/2009,Clasico
3066,1,2,6,12,22,29/11/2009,Clasico
3067,8,17,20,21,25,30/11/2009,Clasico
3068,12,16,21,23,24,01/12/2009,Clasico
3069,4,9,10,11,27,02/12/2009,Clasico
3070,1,9,16,19,21,03/12/2009,Clasico
3071,3,5,6,10,18,04/12/2009,Clasico
3072,2,7,13,24,26,05/12/2009,Clasico
3073,7,11,17,20,25,06/12/2009,Clasico
3074,1,6,16,23,27,07/12/2009,Clasico
3075,7,8,12,14,20,08/12/2009,Clasico
3076,9,10,11,17,19,09/12/2009,Clasico
3077,3,4,13,22,25,10/12/2009,Clasico
3078,3,5,16,19,25,11/12/2009,Clasico
3079,6,8,13,20,26,12/12/2009,Clasico
3080,2,6,15,19,21,13/12/2009,Clasico
3081,1,6,15,22,26,14/12/2009,Clasico
3082,9,14,16,24,28,15/12/2009,Clasico
3083,2,15,19,22,26,16/12/2009,Clasico
3084,1,5,12,13,23,17/12/2009,Clasico
3085,3,9,13,18,20,18/12/2009,Clasico
3086,8,10,14,26,27,19/12/2009,Clasico
3087,9,13,17,22,25,20/12/2009,Clasico
3088,11,17,19,20,22,21/12/2009,Clasico
3089,9,11,13,18,20,22/12/2009,Clasico
3090,9,11,19,22,24,23/12/2009,Clasico
3091,13,15,16,19,20,24/12/2009,Clasico
3092,3,12,18,19,24,25/12/2009,Clasico
3093,3,4,13,22,24,26/12/2009,Clasico
3094,7,17,18,19,28,27/12/2009,Clasico
3095,14,16,22,24,26,28/12/2009,Clasico
3096,9,16,19,20,22,29/12/2009,Clasico
3097,1,3,9,11,25,30/12/2009,Clasico
3098,2,11,12,16,26,31/12/2009,Clasico
3099,5,7,10,18,27,01/01/2010,Clasico
3100,3,5,11,16,26,02/01/2010,Clasico
3101,5,8,20,26,27,03/01/2010,Clasico
3102,2,8,9,17,21,04/01/2010,Clasico
3103,12,17,19,23,27,05/01/2010,Clasico
3104,6,10,17,26,27,06/01/2010,Clasico
3105,9,19,20,23,26,07/01/2010,Clasico
3106,8,10,15,18,27,08/01/2010,Clasico
3107,2,8,12,20,21,09/01/2010,Clasico
3108,3,5,17,20,27,10/01/2010,Clasico
3109,6,13,18,19,22,11/01/2010,Clasico
3110,15,16,19,26,27,12/01/2010,Clasico
3111,1,2,11,12,24,13/01/2010,Clasico
3112,8,12,16,19,26,14/01/2010,Clasico
3113,2,8,12,15,21,15/01/2010,Clasico
3114,3,17,24,25,27,16/01/2010,Clasico
3115,4,5,6,13,24,17/01/2010,Clasico
3116,4,17,20,23,24,18/01/2010,Clasico
3117,8,9,14,22,24,19/01/2010,Clasico
3118,2,6,13,21,27,20/01/2010,Clasico
3119,1,2,18,23,27,21/01/2010,Clasico
3120,9,19,23,25,27,22/01/2010,Clasico
3121,2,3,13,19,27,23/01/2010,Clasico
3122,5,11,16,24,26,24/01/2010,Clasico
3123,1,4,7,8,22,25/01/2010,Clasico
3124,3,11,13,21,24,26/01/2010,Clasico
3125,5,6,8,13,17,27/01/2010,Clasico
3126,2,6,9,13,17,28/01/2010,Clasico
3127,6,9,19,21,24,29/01/2010,Clasico
3128,9,11,15,22,26,30/01/2010,Clasico
3129,5,10,18,20,28,31/01/2010,Clasico
3130,5,10,12,21,28,01/02/2010,Clasico
3131,3,4,17,19,22,02/02/2010,Clasico
3132,1,6,19,20,28,03/02/2010,Clasico
3133,4,5,8,16,20,04/02/2010,Clasico
3134,1,2,7,15,23,05/02/2010,Clasico
3135,7,11,12,18,27,06/02/2010,Clasico
3136,1,9,18,20,24,07/02/2010,Clasico
3137,4,6,10,15,25,08/02/2010,Clasico
3138,8,15,22,23,26,09/02/2010,Clasico
3139,1,6,9,16,27,10/02/2010,Clasico
3140,13,14,16,20,25,11/02/2010,Clasico
3141,3,7,15,21,26,12/02/2010,Clasico
3142,1,7,13,15,21,13/02/2010,Clasico
3143,1,13,15,18,22,14/02/2010,Clasico
3144,1,4,12,13,20,15/02/2010,Clasico
3145,3,7,15,24,28,16/02/2010,Clasico
3146,5,10,11,13,19,17/02/2010,Clasico
3147,7,10,16,17,24,18/02/2010,Clasico
3148,5,6,15,19,27,19/02/2010,Clasico
3149,5,6,9,12,23,20/02/2010,Clasico
3150,10,18,19,26,27,21/02/2010,Clasico
3151,4,16,17,23,25,22/02/2010,Clasico
3152,7,8,12,13,18,23/02/2010,Clasico
3153,4,6,16,17,19,24/02/2010,Clasico
3154,1,6,11,12,19,25/02/2010,Clasico
3155,3,4,7,19,24,26/02/2010,Clasico
3156,5,16,18,19,23,27/02/2010,Clasico
3157,12,13,23,25,28,28/02/2010,Clasico
3158,4,9,10,22,28,01/03/2010,Clasico
3159,2,6,8,10,11,02/03/2010,Clasico
3160,3,4,12,19,27,03/03/2010,Clasico
3161,2,10,14,18,27,04/03/2010,Clasico
3162,4,8,15,17,20,05/03/2010,Clasico
3163,5,7,9,13,17,06/03/2010,Clasico
3164,7,8,14,17,27,07/03/2010,Clasico
3165,8,10,15,16,28,08/03/2010,Clasico
3166,4,19,20,25,26,09/03/2010,Clasico
3167,6,10,21,25,26,10/03/2010,Clasico
3168,2,10,12,21,24,11/03/2010,Clasico
3169,3,5,11,20,22,12/03/2010,Clasico
3170,1,3,16,23,25,13/03/2010,Clasico
3171,4,12,16,23,25,14/03/2010,Clasico
3172,4,15,16,21,25,15/03/2010,Clasico
3173,3,11,22,25,27,16/03/2010,Clasico
3174,1,6,11,14,20,17/03/2010,Clasico
3175,1,7,16,23,27,18/03/2010,Clasico
3176,7,16,19,20,28,19/03/2010,Clasico
3177,6,7,11,17,22,20/03/2010,Clasico
3178,3,5,9,16,21,21/03/2010,Clasico
3179,4,8,12,13,17,22/03/2010,Clasico
3180,3,8,16,23,26,23/03/2010,Clasico
3181,9,12,14,25,28,24/03/2010,Clasico
3182,9,10,21,27,28,25/03/2010,Clasico
3183,5,14,16,24,28,26/03/2010,Clasico
3184,2,12,16,19,24,27/03/2010,Clasico
3185,3,10,13,14,20,28/03/2010,Clasico
3186,3,7,13,18,21,29/03/2010,Clasico
3187,13,18,20,22,24,30/03/2010,Clasico
3188,5,6,15,24,28,31/03/2010,Clasico
3189,3,9,10,12,22,01/04/2010,Clasico
3190,9,10,15,24,27,02/04/2010,Clasico
3191,3,12,18,23,28,03/04/2010,Clasico
3192,14,15,17,21,26,04/04/2010,Clasico
3193,3,5,14,20,22,05/04/2010,Clasico
3194,1,13,18,22,24,06/04/2010,Clasico
3195,3,5,14,18,26,07/04/2010,Clasico
3196,6,7,11,16,22,08/04/2010,Clasico
3197,6,7,17,20,28,09/04/2010,Clasico
3198,11,18,19,23,27,10/04/2010,Clasico
3199,1,6,9,22,28,11/04/2010,Clasico
3200,5,6,13,15,18,12/04/2010,Clasico
3201,2,10,14,21,25,13/04/2010,Clasico
3202,12,17,19,25,28,14/04/2010,Clasico
3203,3,8,18,20,26,15/04/2010,Clasico
3204,5,7,11,13,28,16/04/2010,Clasico
3205,13,21,23,25,27,17/04/2010,Clasico
3206,2,3,8,16,25,18/04/2010,Clasico
3207,6,13,17,21,28,19/04/2010,Clasico
3208,4,9,16,20,21,20/04/2010,Clasico
3209,8,9,22,23,24,21/04/2010,Clasico
3210,12,14,17,20,25,22/04/2010,Clasico
3211,7,14,15,25,26,23/04/2010,Clasico
3212,1,9,10,19,27,24/04/2010,Clasico
3213,3,9,18,19,27,25/04/2010,Clasico
3214,1,12,17,27,28,26/04/2010,Clasico
3215,7,14,16,21,24,27/04/2010,Clasico
3216,14,15,18,22,24,28/04/2010,Clasico
3217,10,12,18,25,26,29/04/2010,Clasico
3218,12,14,18,19,27,30/04/2010,Clasico
3219,8,11,19,21,25,01/05/2010,Clasico
3220,4,9,11,15,19,02/05/2010,Clasico
3221,5,8,12,24,26,03/05/2010,Clasico
3222,4,6,20,26,27,04/05/2010,Clasico
3223,9,14,17,24,27,05/05/2010,Clasico
3224,1,3,4,19,22,06/05/2010,Clasico
3225,5,6,24,26,27,07/05/2010,Clasico
3226,7,15,21,22,28,08/05/2010,Clasico
3227,1,4,16,23,24,09/05/2010,Clasico
3228,1,7,8,19,25,10/05/2010,Clasico
3229,10,14,19,26,28,11/05/2010,Clasico
3230,1,6,10,21,22,12/05/2010,Clasico
3231,4,18,24,27,28,13/05/2010,Clasico
3232,10,11,16,17,18,14/05/2010,Clasico
3233,1,8,13,17,18,15/05/2010,Clasico
3234,8,16,22,23,26,16/05/2010,Clasico
3235,1,2,3,8,23,17/05/2010,Clasico
3236,9,20,22,25,26,18/05/2010,Clasico
3237,13,15,17,24,26,19/05/2010,Clasico
3238,1,3,17,19,21,20/05/2010,Clasico
3239,1,11,17,18,28,21/05/2010,Clasico
3240,4,12,14,17,28,22/05/2010,Clasico
3241,10,15,16,19,21,23/05/2010,Clasico
3242,1,6,23,24,25,24/05/2010,Clasico
3243,10,13,16,24,25,25/05/2010,Clasico
3244,1,5,6,21,23,26/05/2010,Clasico
3245,1,8,22,26,28,27/05/2010,Clasico
3246,7,12,22,24,28,28/05/2010,Clasico
3247,6,10,11,18,19,29/05/2010,Clasico
3248,5,6,12,24,28,30/05/2010,Clasico
3249,3,11,14,16,27,31/05/2010,Clasico
3250,5,8,19,21,23,01/06/2010,Clasico
3251,2,13,15,22,28,02/06/2010,Clasico
3252,1,4,11,13,19,03/06/2010,Clasico
3253,11,15,16,17,25,04/06/2010,Clasico
3254,2,16,18,26,28,05/06/2010,Clasico
3255,4,7,16,26,27,06/06/2010,Clasico
3256,3,11,19,24,27,07/06/2010,Clasico
3257,9,11,16,18,21,08/06/2010,Clasico
3258,7,17,20,21,23,09/06/2010,Clasico
3259,8,12,19,23,28,10/06/2010,Clasico
3260,4,10,19,21,23,11/06/2010,Clasico
3261,2,7,9,15,17,12/06/2010,Clasico
3262,2,16,19,20,24,13/06/2010,Clasico
3263,3,5,9,13,27,14/06/2010,Clasico
3264,2,7,11,22,26,15/06/2010,Clasico
3265,2,4,7,15,25,16/06/2010,Clasico
3266,3,6,12,15,19,17/06/2010,Clasico
3267,4,10,12,15,22,18/06/2010,Clasico
3268,9,18,22,26,28,19/06/2010,Clasico
3269,7,13,17,19,25,20/06/2010,Clasico
3270,7,8,10,11,27,21/06/2010,Clasico
3271,3,10,11,25,27,22/06/2010,Clasico
3272,1,7,22,26,27,23/06/2010,Clasico
3273,4,7,9,19,25,24/06/2010,Clasico
3274,1,7,11,25,28,25/06/2010,Clasico
3275,13,15,17,23,27,26/06/2010,Clasico
3276,1,3,10,12,13,27/06/2010,Clasico
3277,5,10,11,19,23,28/06/2010,Clasico
3278,2,3,6,7,22,29/06/2010,Clasico
3279,12,15,17,18,23,30/06/2010,Clasico
3280,2,5,15,20,21,01/07/2010,Clasico
3281,12,15,16,22,24,02/07/2010,Clasico
3282,3,14,17,26,28,03/07/2010,Clasico
3283,2,10,18,24,27,04/07/2010,Clasico
3284,1,6,7,18,22,05/07/2010,Clasico
3285,3,9,17,20,27,06/07/2010,Clasico
3286,4,6,12,13,28,07/07/2010,Clasico
3287,2,3,6,10,23,08/07/2010,Clasico
3288,7,11,17,20,26,09/07/2010,Clasico
3289,8,15,21,23,24,10/07/2010,Clasico
3290,3,5,10,25,26,11/07/2010,Clasico
3291,4,7,16,18,19,12/07/2010,Clasico
3292,7,11,12,14,28,13/07/2010,Clasico
3293,4,9,15,19,21,14/07/2010,Clasico
3294,1,2,16,20,23,15/07/2010,Clasico
3295,6,10,15,18,26,16/07/2010,Clasico
3296,8,12,14,19,26,17/07/2010,Clasico
3297,3,12,14,18,19,18/07/2010,Clasico
3298,4,6,8,11,18,19/07/2010,Clasico
3299,5,13,18,20,28,20/07/2010,Clasico
3300,5,7,15,18,28,21/07/2010,Clasico
3301,7,11,18,21,22,22/07/2010,Clasico
3302,5,15,17,19,23,23/07/2010,Clasico
3303,1,12,16,18,19,24/07/2010,Clasico
3304,5,6,15,21,24,25/07/2010,Clasico
3305,6,8,11,14,26,26/07/2010,Clasico
3306,2,3,23,24,27,27/07/2010,Clasico
3307,2,8,15,23,28,28/07/2010,Clasico
3308,6,14,17,20,27,29/07/2010,Clasico
3309,4,8,9,11,15,30/07/2010,Clasico
3310,4,5,14,17,21,31/07/2010,Clasico
3311,5,10,16,21,22,01/08/2010,Clasico
3312,12,16,20,22,27,02/08/2010,Clasico
3313,2,6,13,14,21,03/08/2010,Clasico
3314,5,7,18,20,25,04/08/2010,Clasico
3315,6,8,20,27,28,05/08/2010,Clasico
3316,4,6,15,18,27,06/08/2010,Clasico
3317,2,9,14,21,25,07/08/2010,Clasico
3318,4,9,19,23,28,08/08/2010,Clasico
3319,2,12,18,25,27,09/08/2010,Clasico
3320,14,17,23,24,27,10/08/2010,Clasico
3321,1,16,17,18,19,11/08/2010,Clasico
3322,1,5,16,24,25,12/08/2010,Clasico
3323,1,4,6,13,23,13/08/2010,Clasico
3324,3,11,13,18,19,14/08/2010,Clasico
3325,1,11,18,20,23,15/08/2010,Clasico
3326,2,4,12,14,20,16/08/2010,Clasico
3327,1,9,12,13,26,17/08/2010,Clasico
3328,5,6,9,20,21,18/08/2010,Clasico
3329,2,12,15,21,26,19/08/2010,Clasico
3330,1,11,12,18,26,20/08/2010,Clasico
3331,10,14,17,20,21,21/08/2010,Clasico
3332,2,4,10,12,22,22/08/2010,Clasico
3333,4,6,20,24,26,23/08/2010,Clasico
3334,6,10,18,22,26,24/08/2010,Clasico
3335,17,21,23,25,26,25/08/2010,Clasico
3336,2,18,19,24,27,26/08/2010,Clasico
3337,1,8,14,17,23,27/08/2010,Clasico
3338,3,6,17,19,27,28/08/2010,Clasico
3339,1,7,8,11,26,29/08/2010,Clasico
3340,7,10,18,19,21,30/08/2010,Clasico
3341,9,11,14,15,26,31/08/2010,Clasico
3342,7,9,15,17,26,01/09/2010,Clasico
3343,3,7,10,11,27,02/09/2010,Clasico
3344,4,8,10,19,20,03/09/2010,Clasico
3345,6,14,16,27,28,04/09/2010,Clasico
3346,7,8,16,20,22,05/09/2010,Clasico
3347,1,12,25,27,28,06/09/2010,Clasico
3348,2,8,10,13,19,07/09/2010,Clasico
3349,5,11,12,17,27,08/09/2010,Clasico
3350,6,14,15,17,27,09/09/2010,Clasico
3351,8,12,19,20,26,10/09/2010,Clasico
3352,9,15,16,18,23,11/09/2010,Clasico
3353,13,16,19,20,25,12/09/2010,Clasico
3354,6,13,15,21,25,13/09/2010,Clasico
3355,3,6,11,17,24,14/09/2010,Clasico
3356,2,13,15,18,22,15/09/2010,Clasico
3357,10,13,15,24,26,16/09/2010,Clasico
3358,2,5,8,20,25,17/09/2010,Clasico
3359,8,11,17,18,20,18/09/2010,Clasico
3360,1,4,7,14,27,19/09/2010,Clasico
3361,2,10,14,23,26,20/09/2010,Clasico
3362,13,15,18,20,21,21/09/2010,Clasico
3363,1,2,14,15,23,22/09/2010,Clasico
3364,8,14,16,25,28,23/09/2010,Clasico
3365,4,5,6,17,27,24/09/2010,Clasico
3366,2,7,10,16,28,25/09/2010,Clasico
3367,7,8,14,18,26,26/09/2010,Clasico
3368,10,12,23,24,25,27/09/2010,Clasico
3369,5,6,13,17,18,28/09/2010,Clasico
3370,4,9,15,16,19,29/09/2010,Clasico
3371,10,13,18,20,25,30/09/2010,Clasico
3372,4,7,10,19,28,01/10/2010,Clasico
3373,7,9,16,20,24,02/10/2010,Clasico
3374,4,8,9,16,28,03/10/2010,Clasico
3375,8,15,16,18,26,04/10/2010,Clasico
3376,11,16,25,26,27,05/10/2010,Clasico
3377,7,10,16,25,27,06/10/2010,Clasico
3378,11,18,20,21,28,07/10/2010,Clasico
3379,7,10,13,16,26,08/10/2010,Clasico
3380,1,16,19,25,28,09/10/2010,Clasico
3381,10,11,14,19,21,10/10/2010,Clasico
3382,4,7,8,13,23,11/10/2010,Clasico
3383,2,10,13,19,28,12/10/2010,Clasico
3384,4,9,12,14,16,13/10/2010,Clasico
3385,1,13,19,20,26,14/10/2010,Clasico
3386,7,12,13,24,27,15/10/2010,Clasico
3387,1,10,21,23,28,16/10/2010,Clasico
3388,8,13,16,18,22,17/10/2010,Clasico
3389,11,15,21,24,28,18/10/2010,Clasico
3390,1,2,10,23,24,19/10/2010,Clasico
3391,3,6,11,15,22,20/10/2010,Clasico
3392,13,19,20,21,24,21/10/2010,Clasico
3393,12,16,22,23,28,22/10/2010,Clasico
3394,3,14,20,22,23,23/10/2010,Clasico
3395,12,15,16,23,26,24/10/2010,Clasico
3396,2,4,14,25,28,25/10/2010,Clasico
3397,2,4,6,10,24,26/10/2010,Clasico
3398,4,11,19,24,28,27/10/2010,Clasico
3399,3,5,12,17,22,28/10/2010,Clasico
3400,13,15,20,24,26,29/10/2010,Clasico
3401,1,7,22,23,26,30/10/2010,Clasico
3402,5,6,12,21,28,31/10/2010,Clasico
3403,3,5,9,21,26,01/11/2010,Clasico
3404,4,9,10,11,14,02/11/2010,Clasico
3405,9,11,16,23,25,03/11/2010,Clasico
3406,5,18,23,24,25,04/11/2010,Clasico
3407,18,22,23,25,28,05/11/2010,Clasico
3408,9,10,14,18,22,06/11/2010,Clasico
3409,3,8,9,12,22,07/11/2010,Clasico
3410,1,12,15,18,27,08/11/2010,Clasico
3411,9,10,12,25,28,09/11/2010,Clasico
3412,3,4,10,12,25,10/11/2010,Clasico
3413,12,13,19,20,26,11/11/2010,Clasico
3414,5,7,12,17,22,12/11/2010,Clasico
3415,1,4,8,18,21,13/11/2010,Clasico
3416,4,17,18,20,27,14/11/2010,Clasico
3417,7,13,20,22,24,15/11/2010,Clasico
3418,2,5,12,14,27,16/11/2010,Clasico
3419,1,12,15,26,27,17/11/2010,Clasico
3420,10,16,20,21,28,18/11/2010,Clasico
3421,2,4,23,24,28,19/11/2010,Clasico
3422,6,11,14,16,19,20/11/2010,Clasico
3423,8,9,16,25,26,21/11/2010,Clasico
3424,7,8,15,19,23,22/11/2010,Clasico
3425,4,5,11,13,22,23/11/2010,Clasico
3426,5,14,18,21,26,24/11/2010,Clasico
3427,5,7,13,23,24,25/11/2010,Clasico
3428,11,13,17,23,28,26/11/2010,Clasico
3429,1,4,9,12,27,27/11/2010,Clasico
3430,1,2,19,22,24,28/11/2010,Clasico
3431,19,20,24,25,28,29/11/2010,Clasico
3432,8,11,12,18,20,30/11/2010,Clasico
3433,4,7,10,17,25,01/12/2010,Clasico
3434,6,17,20,21,25,02/12/2010,Clasico
3435,3,4,12,18,23,03/12/2010,Clasico
3436,16,17,19,22,27,04/12/2010,Clasico
3437,4,6,16,19,20,05/12/2010,Clasico
3438,2,6,12,16,22,06/12/2010,Clasico
3439,8,13,21,23,25,07/12/2010,Clasico
3440,8,14,16,21,25,08/12/2010,Clasico
3441,6,8,14,19,28,09/12/2010,Clasico
3442,1,7,8,16,18,10/12/2010,Clasico
3443,13,15,17,18,21,11/12/2010,Clasico
3444,2,9,17,25,28,12/12/2010,Clasico
3445,6,7,11,19,22,13/12/2010,Clasico
3446,11,12,16,19,25,14/12/2010,Clasico
3447,3,6,9,10,11,15/12/2010,Clasico
3448,4,9,20,21,26,16/12/2010,Clasico
3449,1,9,17,20,24,17/12/2010,Clasico
3450,1,2,11,20,28,18/12/2010,Clasico
3451,4,5,9,23,26,19/12/2010,Clasico
3452,1,5,12,17,28,20/12/2010,Clasico
3453,3,11,16,18,22,21/12/2010,Clasico
3454,3,9,18,22,25,22/12/2010,Clasico
3455,3,6,10,19,24,23/12/2010,Clasico
3456,7,12,17,23,27,24/12/2010,Clasico
3457,1,10,15,21,22,25/12/2010,Clasico
3458,4,5,6,11,19,26/12/2010,Clasico
3459,1,8,9,20,25,27/12/2010,Clasico
3460,2,3,16,24,26,28/12/2010,Clasico
3461,9,10,17,20,26,29/12/2010,Clasico
3462,4,7,21,22,24,30/12/2010,Clasico
3463,4,7,13,14,15,31/12/2010,Clasico
3464,16,20,24,26,28,01/01/2011,Clasico
3465,4,17,19,21,25,02/01/2011,Clasico
3466,3,5,7,24,28,03/01/2011,Clasico
3467,2,15,21,22,26,04/01/2011,Clasico
3468,8,12,15,17,24,05/01/2011,Clasico
3469,8,16,25,26,27,06/01/2011,Clasico
3470,4,5,6,27,28,07/01/2011,Clasico
3471,4,5,10,19,20,08/01/2011,Clasico
3472,6,11,16,23,28,09/01/2011,Clasico
3473,6,7,24,26,27,10/01/2011,Clasico
3474,2,5,17,21,24,11/01/2011,Clasico
3475,1,3,8,18,21,12/01/2011,Clasico
3476,12,13,17,21,24,13/01/2011,Clasico
3477,5,8,12,19,25,14/01/2011,Clasico
3478,1,6,21,22,27,15/01/2011,Clasico
3479,12,13,15,17,23,16/01/2011,Clasico
3480,1,6,7,17,28,17/01/2011,Clasico
3481,12,13,15,21,24,18/01/2011,Clasico
3482,1,5,8,12,13,19/01/2011,Clasico
3483,1,9,13,19,23,20/01/2011,Clasico
3484,5,16,22,24,26,21/01/2011,Clasico
3485,2,4,5,21,26,22/01/2011,Clasico
3486,3,4,19,21,23,23/01/2011,Clasico
3487,2,5,6,15,22,24/01/2011,Clasico
3488,2,4,17,24,26,25/01/2011,Clasico
3489,2,6,14,20,28,26/01/2011,Clasico
3490,2,9,10,14,24,27/01/2011,Clasico
3491,2,6,8,19,22,28/01/2011,Clasico
3492,1,13,18,19,25,29/01/2011,Clasico
3493,4,10,15,18,19,30/01/2011,Clasico
3494,9,14,15,23,28,31/01/2011,Clasico
3495,1,4,10,18,22,01/02/2011,Clasico
3496,5,7,13,24,25,02/02/2011,Clasico
3497,2,5,7,13,18,03/02/2011,Clasico
3498,12,17,21,25,28,04/02/2011,Clasico
3499,3,9,23,25,27,05/02/2011,Clasico
3500,1,16,19,20,26,06/02/2011,Clasico
3501,2,9,22,25,28,07/02/2011,Clasico
3502,1,7,15,21,28,08/02/2011,Clasico
3503,3,6,20,23,27,09/02/2011,Clasico
3504,7,9,18,20,22,10/02/2011,Clasico
3505,11,17,21,27,28,11/02/2011,Clasico
3506,7,15,24,26,27,12/02/2011,Clasico
3507,5,13,19,21,27,13/02/2011,Clasico
3508,4,6,13,22,23,14/02/2011,Clasico
3509,1,3,7,20,21,15/02/2011,Clasico
3510,3,10,22,24,28,16/02/2011,Clasico
3511,8,9,15,19,24,17/02/2011,Clasico
3512,1,4,19,23,28,18/02/2011,Clasico
3513,2,11,19,20,28,19/02/2011,Clasico
3514,2,4,5,14,20,20/02/2011,Clasico
3515,2,15,18,19,20,21/02/2011,Clasico
3516,6,10,17,19,27,22/02/2011,Clasico
3517,5,14,16,26,28,23/02/2011,Clasico
3518,5,6,12,13,28,24/02/2011,Clasico
3519,8,17,18,19,26,25/02/2011,Clasico
3520,1,10,17,21,27,26/02/2011,Clasico
3521,1,5,15,17,23,27/02/2011,Clasico
3522,4,8,9,13,26,28/02/2011,Clasico
3523,8,18,22,25,26,01/03/2011,Clasico
3524,3,6,8,12,21,02/03/2011,Clasico
3525,8,10,24,25,26,03/03/2011,Clasico
3526,6,8,14,21,22,04/03/2011,Clasico
3527,7,9,12,27,28,05/03/2011,Clasico
3528,12,14,19,23,25,06/03/2011,Clasico
3529,3,7,10,11,21,07/03/2011,Clasico
3530,5,8,11,13,25,08/03/2011,Clasico
3531,13,15,21,25,27,09/03/2011,Clasico
3532,5,6,9,17,18,10/03/2011,Clasico
3533,2,8,9,23,25,11/03/2011,Clasico
3534,3,4,12,19,20,12/03/2011,Clasico
3535,6,8,15,26,28,13/03/2011,Clasico
3536,1,2,5,7,28,14/03/2011,Clasico
3537,2,9,11,21,22,15/03/2011,Clasico
3538,3,7,19,26,27,16/03/2011,Clasico
3539,3,7,19,22,24,17/03/2011,Clasico
3540,6,8,12,14,21,18/03/2011,Clasico
3541,16,18,20,22,25,19/03/2011,Clasico
3542,11,14,17,22,23,20/03/2011,Clasico
3543,1,3,5,7,16,21/03/2011,Clasico
3544,7,9,13,15,22,22/03/2011,Clasico
3545,13,16,17,18,28,23/03/2011,Clasico
3546,1,3,4,16,20,24/03/2011,Clasico
3547,1,5,10,12,15,25/03/2011,Clasico
3548,3,5,9,21,28,26/03/2011,Clasico
3549,9,11,15,18,21,27/03/2011,Clasico
3550,2,5,8,15,26,28/03/2011,Clasico
3551,1,3,8,13,26,29/03/2011,Clasico
3552,3,6,8,21,28,30/03/2011,Clasico
3553,7,15,16,23,25,31/03/2011,Clasico
3554,6,14,15,17,25,01/04/2011,Clasico
3555,10,19,26,27,28,02/04/2011,Clasico
3556,1,4,14,21,24,03/04/2011,Clasico
3557,8,9,19,20,22,04/04/2011,Clasico
3558,1,3,6,13,20,05/04/2011,Clasico
3559,2,3,7,11,26,06/04/2011,Clasico
3560,2,6,14,17,28,07/04/2011,Clasico
3561,10,13,16,21,28,08/04/2011,Clasico
3562,7,14,16,22,25,09/04/2011,Clasico
3563,6,8,13,15,24,10/04/2011,Clasico
3564,15,16,18,27,28,11/04/2011,Clasico
3565,3,4,20,21,27,12/04/2011,Clasico
3566,4,14,16,21,28,13/04/2011,Clasico
3567,1,7,22,26,27,14/04/2011,Clasico
3568,3,8,16,26,27,15/04/2011,Clasico
3569,1,7,13,14,17,16/04/2011,Clasico
3570,5,7,17,20,24,17/04/2011,Clasico
3571,2,3,19,23,27,18/04/2011,Clasico
3572,5,6,11,12,22,19/04/2011,Clasico
3573,4,8,12,18,26,20/04/2011,Clasico
3574,1,10,18,21,25,21/04/2011,Clasico
3575,1,13,18,22,23,22/04/2011,Clasico
3576,4,8,10,21,22,23/04/2011,Clasico
3577,5,10,15,17,18,24/04/2011,Clasico
3578,2,13,19,24,27,25/04/2011,Clasico
3579,15,20,23,26,27,26/04/2011,Clasico
3580,9,10,14,19,23,27/04/2011,Clasico
3581,11,13,15,23,27,28/04/2011,Clasico
3582,6,8,9,22,27,29/04/2011,Clasico
3583,6,18,20,24,28,30/04/2011,Clasico
3584,9,13,22,26,28,01/05/2011,Clasico
3585,9,17,18,23,27,02/05/2011,Clasico
3586,10,11,12,17,28,03/05/2011,Clasico
3587,4,5,7,14,23,04/05/2011,Clasico
3588,4,15,19,22,25,05/05/2011,Clasico
3589,1,9,10,13,14,06/05/2011,Clasico
3590,2,7,13,15,19,07/05/2011,Clasico
3591,3,4,13,17,26,08/05/2011,Clasico
3592,9,17,20,24,27,09/05/2011,Clasico
3593,1,17,19,27,28,10/05/2011,Clasico
3594,7,9,10,12,17,11/05/2011,Clasico
3595,1,7,9,13,25,12/05/2011,Clasico
3596,3,6,15,16,22,13/05/2011,Clasico
3597,3,4,5,9,20,14/05/2011,Clasico
3598,1,3,7,8,14,15/05/2011,Clasico
3599,1,3,12,16,17,16/05/2011,Clasico
3600,2,4,7,8,21,17/05/2011,Clasico
3601,3,4,12,17,22,18/05/2011,Clasico
3602,9,15,17,21,24,19/05/2011,Clasico
3603,5,9,13,19,20,20/05/2011,Clasico
3604,6,16,17,20,23,21/05/2011,Clasico
3605,12,18,20,25,27,22/05/2011,Clasico
3606,4,11,17,22,24,23/05/2011,Clasico
3607,3,7,9,10,22,24/05/2011,Clasico
3608,4,7,16,18,23,25/05/2011,Clasico
3609,2,14,17,21,26,26/05/2011,Clasico
3610,1,6,8,16,24,27/05/2011,Clasico
3611,1,2,3,9,10,28/05/2011,Clasico
3612,6,12,13,23,26,29/05/2011,Clasico
3613,4,6,15,18,27,30/05/2011,Clasico
3614,11,12,17,18,24,31/05/2011,Clasico
3615,3,12,14,16,25,01/06/2011,Clasico
3616,8,13,14,20,22,02/06/2011,Clasico
3617,2,5,9,14,18,03/06/2011,Clasico
3618,2,4,6,10,13,04/06/2011,Clasico
3619,6,10,12,14,24,05/06/2011,Clasico
3620,3,12,13,19,23,06/06/2011,Clasico
3621,1,2,9,22,24,07/06/2011,Clasico
3622,1,3,8,12,24,08/06/2011,Clasico
3623,4,12,13,19,21,09/06/2011,Clasico
3624,3,10,13,19,22,10/06/2011,Clasico
3625,4,6,7,9,19,11/06/2011,Clasico
3626,3,10,11,19,23,12/06/2011,Clasico
3627,2,4,6,22,24,13/06/2011,Clasico
3628,1,2,6,8,24,14/06/2011,Clasico
3629,3,4,20,21,25,15/06/2011,Clasico
3630,13,19,20,24,27,16/06/2011,Clasico
3631,12,15,17,18,22,17/06/2011,Clasico
3632,12,13,16,25,28,18/06/2011,Clasico
3633,2,14,18,24,25,19/06/2011,Clasico
3634,6,14,20,25,26,20/06/2011,Clasico
3635,3,17,22,23,24,21/06/2011,Clasico
3636,5,11,20,21,23,22/06/2011,Clasico
3637,2,10,15,21,26,23/06/2011,Clasico
3638,3,6,15,16,26,24/06/2011,Clasico
3639,2,9,13,15,28,25/06/2011,Clasico
3640,7,13,23,25,26,26/06/2011,Clasico
3641,3,6,9,10,28,27/06/2011,Clasico
3642,14,20,23,24,28,28/06/2011,Clasico
3643,9,13,15,18,25,29/06/2011,Clasico
3644,2,6,18,20,24,30/06/2011,Clasico
3645,1,8,11,14,18,01/07/2011,Clasico
3646,6,11,16,18,19,02/07/2011,Clasico
3647,4,13,17,18,21,03/07/2011,Clasico
3648,4,17,21,23,26,04/07/2011,Clasico
3649,3,7,14,25,26,05/07/2011,Clasico
3650,3,4,14,24,25,06/07/2011,Clasico
3651,1,12,15,19,23,07/07/2011,Clasico
3652,9,13,22,24,25,08/07/2011,Clasico
3653,1,2,10,23,28,09/07/2011,Clasico
3654,5,6,11,15,20,10/07/2011,Clasico
3655,7,9,15,18,28,11/07/2011,Clasico
3656,4,10,22,24,27,12/07/2011,Clasico
3657,2,5,17,20,27,13/07/2011,Clasico
3658,2,12,19,25,27,14/07/2011,Clasico
3659,13,14,18,20,24,15/07/2011,Clasico
3660,9,11,16,17,19,16/07/2011,Clasico
3661,12,15,19,25,28,17/07/2011,Clasico
3662,1,7,10,24,27,18/07/2011,Clasico
3663,1,8,15,18,22,19/07/2011,Clasico
3664,2,5,10,16,20,20/07/2011,Clasico
3665,6,14,19,24,27,21/07/2011,Clasico
3666,3,16,22,23,28,22/07/2011,Clasico
3667,4,6,13,18,24,23/07/2011,Clasico
3668,10,16,17,21,25,24/07/2011,Clasico
3669,7,11,19,21,27,25/07/2011,Clasico
3670,2,6,7,11,14,26/07/2011,Clasico
3671,7,17,22,25,26,27/07/2011,Clasico
3672,1,7,8,14,21,28/07/2011,Clasico
3673,3,7,9,11,13,29/07/2011,Clasico
3674,2,8,20,23,24,30/07/2011,Clasico
3675,4,5,14,22,25,31/07/2011,Clasico
3676,6,17,23,24,27,01/08/2011,Clasico
3677,1,10,18,20,26,02/08/2011,Clasico
3678,1,5,10,16,20,03/08/2011,Clasico
3679,3,13,25,27,28,04/08/2011,Clasico
3680,6,11,14,15,24,05/08/2011,Clasico
3681,4,12,14,15,21,06/08/2011,Clasico
3682,5,9,18,24,25,07/08/2011,Clasico
3683,4,6,9,14,22,08/08/2011,Clasico
3684,11,14,20,25,27,09/08/2011,Clasico
3685,7,9,12,23,26,10/08/2011,Clasico
3686,4,15,18,19,26,11/08/2011,Clasico
3687,3,4,11,22,27,12/08/2011,Clasico
3688,2,8,15,19,27,13/08/2011,Clasico
3689,1,4,7,10,17,14/08/2011,Clasico
3690,12,16,20,21,26,15/08/2011,Clasico
3691,7,13,18,23,28,16/08/2011,Clasico
3692,6,8,9,12,22,17/08/2011,Clasico
3693,7,9,11,12,13,18/08/2011,Clasico
3694,1,2,17,18,19,19/08/2011,Clasico
3695,3,4,10,24,26,20/08/2011,Clasico
3696,1,2,18,20,21,21/08/2011,Clasico
3697,4,14,17,21,27,22/08/2011,Clasico
3698,4,9,11,16,19,23/08/2011,Clasico
3699,1,10,21,22,26,24/08/2011,Clasico
3700,16,17,18,21,25,25/08/2011,Clasico
3701,3,13,21,25,26,26/08/2011,Clasico
3702,1,2,16,25,26,27/08/2011,Clasico
3703,3,5,6,18,24,28/08/2011,Clasico
3704,8,16,17,24,28,29/08/2011,Clasico
3705,3,7,16,20,22,30/08/2011,Clasico
3706,3,5,17,19,25,31/08/2011,Clasico
3707,13,18,22,24,26,01/09/2011,Clasico
3708,1,5,8,12,24,02/09/2011,Clasico
3709,9,17,20,27,28,03/09/2011,Clasico
3710,16,18,19,23,28,04/09/2011,Clasico
3711,1,7,10,21,27,05/09/2011,Clasico
3712,5,6,8,12,17,06/09/2011,Clasico
3713,5,13,19,21,24,07/09/2011,Clasico
3714,6,9,14,15,21,08/09/2011,Clasico
3715,1,6,8,9,14,09/09/2011,Clasico
3716,1,13,22,24,27,10/09/2011,Clasico
3717,9,10,16,20,26,11/09/2011,Clasico
3718,1,5,8,11,21,12/09/2011,Clasico
3719,2,4,13,14,20,13/09/2011,Clasico
3720,9,10,13,14,27,14/09/2011,Clasico
3721,4,10,13,14,19,15/09/2011,Clasico
3722,6,11,23,25,26,16/09/2011,Clasico
3723,7,11,14,23,24,17/09/2011,Clasico
3724,3,11,14,16,26,18/09/2011,Clasico
3725,7,9,16,20,27,19/09/2011,Clasico
3726,3,6,8,21,24,20/09/2011,Clasico
3727,2,10,18,24,28,21/09/2011,Clasico
3728,5,14,18,25,28,22/09/2011,Clasico
3729,1,7,15,23,28,23/09/2011,Clasico
3730,2,8,12,16,27,24/09/2011,Clasico
3731,6,9,18,20,26,25/09/2011,Clasico
3732,7,12,19,24,25,26/09/2011,Clasico
3733,2,13,15,18,27,27/09/2011,Clasico
3734,11,16,22,25,26,28/09/2011,Clasico
3735,6,7,13,19,23,29/09/2011,Clasico
3736,1,5,17,18,28,30/09/2011,Clasico
3737,9,17,23,24,25,01/10/2011,Clasico
3738,5,9,14,16,20,02/10/2011,Clasico
3739,8,15,18,21,27,03/10/2011,Clasico
3740,1,8,14,15,20,04/10/2011,Clasico
3741,7,14,17,25,28,05/10/2011,Clasico
3742,2,7,12,14,21,06/10/2011,Clasico
3743,8,12,24,25,27,07/10/2011,Clasico
3744,4,6,14,16,23,08/10/2011,Clasico
3745,2,4,8,14,23,09/10/2011,Clasico
3746,2,7,16,26,27,10/10/2011,Clasico
3747,4,6,7,9,16,11/10/2011,Clasico
3748,3,8,9,18,27,12/10/2011,Clasico
3749,5,6,14,21,23,13/10/2011,Clasico
3750,1,2,13,21,24,14/10/2011,Clasico
3751,6,7,15,17,27,15/10/2011,Clasico
3752,3,6,11,15,17,16/10/2011,Clasico
3753,1,6,10,23,26,17/10/2011,Clasico
3754,2,3,11,26,27,18/10/2011,Clasico
3755,6,7,15,23,27,19/10/2011,Clasico
3756,13,18,20,26,28,20/10/2011,Clasico
3757,7,11,16,18,28,21/10/2011,Clasico
3758,11,12,15,21,24,22/10/2011,Clasico
3759,8,12,21,25,26,23/10/2011,Clasico
3760,11,20,23,25,26,24/10/2011,Clasico
3761,7,12,17,25,26,25/10/2011,Clasico
3762,4,6,9,19,24,26/10/2011,Clasico
3763,10,13,15,20,25,27/10/2011,Clasico
3764,3,11,21,25,28,28/10/2011,Clasico
3765,1,8,13,14,22,29/10/2011,Clasico
3766,5,16,20,23,27,30/10/2011,Clasico
3767,10,17,18,22,27,31/10/2011,Clasico
3768,6,10,22,25,28,01/11/2011,Clasico
3769,1,10,19,20,23,02/11/2011,Clasico
3770,8,10,15,16,28,03/11/2011,Clasico
3771,9,16,18,19,24,04/11/2011,Clasico
3772,3,5,7,12,24,05/11/2011,Clasico
3773,14,15,23,24,25,06/11/2011,Clasico
3774,3,8,13,21,24,07/11/2011,Clasico
3775,6,19,20,24,27,08/11/2011,Clasico
3776,8,9,10,19,25,09/11/2011,Clasico
3777,1,2,6,10,13,10/11/2011,Clasico
3778,1,4,9,12,20,11/11/2011,Clasico
3779,5,8,12,18,23,12/11/2011,Clasico
3780,3,10,12,16,23,13/11/2011,Clasico
3781,1,6,8,10,13,14/11/2011,Clasico
3782,5,13,19,23,26,15/11/2011,Clasico
3783,7,13,19,25,27,16/11/2011,Clasico
3784,4,10,17,22,26,17/11/2011,Clasico
3785,6,9,10,11,13,18/11/2011,Clasico
3786,3,4,5,19,21,19/11/2011,Clasico
3787,10,17,19,24,28,20/11/2011,Clasico
3788,4,5,6,17,19,21/11/2011,Clasico
3789,3,9,13,20,24,22/11/2011,Clasico
3790,2,6,12,16,18,23/11/2011,Clasico
3791,10,19,21,26,28,24/11/2011,Clasico
3792,12,13,17,19,26,25/11/2011,Clasico
3793,5,9,13,15,18,26/11/2011,Clasico
3794,3,13,20,21,23,27/11/2011,Clasico
3795,1,9,16,17,22,28/11/2011,Clasico
3796,2,10,11,24,27,29/11/2011,Clasico
3797,1,3,5,6,25,30/11/2011,Clasico
3798,6,12,22,23,28,01/12/2011,Clasico
3799,3,6,11,13,16,02/12/2011,Clasico
3800,7,14,15,16,21,03/12/2011,Clasico
3801,4,7,18,24,27,04/12/2011,Clasico
3802,8,14,15,20,22,05/12/2011,Clasico
3803,5,8,10,18,28,06/12/2011,Clasico
3804,2,5,10,22,25,07/12/2011,Clasico
3805,2,5,12,23,26,08/12/2011,Clasico
3806,5,13,18,21,22,09/12/2011,Clasico
3807,5,8,9,12,17,10/12/2011,Clasico
3808,3,16,17,18,23,11/12/2011,Clasico
3809,4,10,12,25,27,12/12/2011,Clasico
3810,8,11,14,23,25,13/12/2011,Clasico
3811,3,9,11,16,19,14/12/2011,Clasico
3812,9,14,17,19,23,15/12/2011,Clasico
3813,6,9,13,18,22,16/12/2011,Clasico
3814,6,7,11,14,22,17/12/2011,Clasico
3815,3,5,16,17,28,18/12/2011,Clasico
3816,3,12,14,16,22,19/12/2011,Clasico
3817,2,7,23,24,28,20/12/2011,Clasico
3818,2,11,17,20,25,21/12/2011,Clasico
3819,9,13,21,24,27,22/12/2011,Clasico
3820,3,14,19,21,23,23/12/2011,Clasico
3821,4,14,16,18,27,24/12/2011,Clasico
3822,5,8,15,22,23,25/12/2011,Clasico
3823,6,8,11,25,26,26/12/2011,Clasico
3824,5,6,11,23,26,27/12/2011,Clasico
3825,6,10,17,23,27,28/12/2011,Clasico
3826,1,10,13,20,24,29/12/2011,Clasico
3827,2,3,5,7,23,30/12/2011,Clasico
3828,6,7,21,22,27,31/12/2011,Clasico
3829,4,16,17,23,26,01/01/2012,Clasico
3830,6,14,26,27,28,02/01/2012,Clasico
3831,4,6,17,22,23,03/01/2012,Clasico
3832,4,6,9,12,18,04/01/2012,Clasico
3833,4,7,9,17,21,05/01/2012,Clasico
3834,7,11,19,21,28,06/01/2012,Clasico
3835,3,10,13,16,25,07/01/2012,Clasico
3836,8,12,17,24,28,08/01/2012,Clasico
3837,7,9,14,22,27,09/01/2012,Clasico
3838,4,6,10,19,22,10/01/2012,Clasico
3839,1,5,7,8,25,11/01/2012,Clasico
3840,1,5,6,13,20,12/01/2012,Clasico
3841,8,21,22,25,28,13/01/2012,Clasico
3842,6,8,9,19,22,14/01/2012,Clasico
3843,9,15,16,24,26,15/01/2012,Clasico
3844,6,14,17,20,23,16/01/2012,Clasico
3845,7,10,17,20,28,17/01/2012,Clasico
3846,6,8,13,21,25,18/01/2012,Clasico
3847,2,3,8,13,22,19/01/2012,Clasico
3848,2,8,9,24,28,20/01/2012,Clasico
3849,4,8,12,18,22,21/01/2012,Clasico
3850,8,11,17,19,22,22/01/2012,Clasico
3851,10,16,21,22,28,23/01/2012,Clasico
3852,3,12,15,23,27,24/01/2012,Clasico
3853,1,3,9,17,18,25/01/2012,Clasico
3854,6,14,15,17,18,26/01/2012,Clasico
3855,15,16,18,20,23,27/01/2012,Clasico
3856,4,7,9,15,16,28/01/2012,Clasico
3857,4,5,10,21,27,29/01/2012,Clasico
3858,10,11,12,13,28,30/01/2012,Clasico
3859,2,8,9,10,28,31/01/2012,Clasico
3860,4,5,14,20,26,01/02/2012,Clasico
3861,3,4,11,12,18,02/02/2012,Clasico
3862,3,5,6,10,20,03/02/2012,Clasico
3863,8,15,17,18,23,04/02/2012,Clasico
3864,6,18,20,25,27,05/02/2012,Clasico
3865,1,5,20,21,25,06/02/2012,Clasico
3866,6,9,18,20,27,07/02/2012,Clasico
3867,5,9,21,22,23,08/02/2012,Clasico
3868,9,11,20,22,25,09/02/2012,Clasico
3869,5,8,11,23,25,10/02/2012,Clasico
3870,15,18,20,21,26,11/02/2012,Clasico
3871,3,5,13,25,26,12/02/2012,Clasico
3872,1,7,9,14,25,13/02/2012,Clasico
3873,5,9,17,18,27,14/02/2012,Clasico
3874,6,7,8,20,21,15/02/2012,Clasico
3875,6,19,20,27,28,16/02/2012,Clasico
3876,3,7,8,19,23,17/02/2012,Clasico
3877,2,6,7,10,17,18/02/2012,Clasico
3878,7,10,13,16,21,19/02/2012,Clasico
3879,3,11,15,24,27,20/02/2012,Clasico
3880,5,8,15,24,27,21/02/2012,Clasico
3881,7,10,19,24,26,22/02/2012,Clasico
3882,4,8,9,16,27,23/02/2012,Clasico
3883,8,18,20,21,27,24/02/2012,Clasico
3884,8,10,12,14,20,25/02/2012,Clasico
3885,9,17,23,27,28,26/02/2012,Clasico
3886,2,5,10,12,25,27/02/2012,Clasico
3887,15,22,26,27,28,28/02/2012,Clasico
3888,2,3,9,14,26,29/02/2012,Clasico
3889,7,14,21,26,27,01/03/2012,Clasico
3890,10,20,23,27,28,02/03/2012,Clasico
3891,1,2,11,15,22,03/03/2012,Clasico
3892,3,5,12,13,28,04/03/2012,Clasico
3893,2,4,7,14,27,05/03/2012,Clasico
3894,6,15,18,19,21,06/03/2012,Clasico
3895,1,17,18,19,21,07/03/2012,Clasico
3896,6,8,11,19,27,08/03/2012,Clasico
3897,5,9,18,21,23,09/03/2012,Clasico
3898,5,10,11,13,27,10/03/2012,Clasico
3899,2,3,11,21,25,11/03/2012,Clasico
3900,7,11,12,15,16,12/03/2012,Clasico
3901,2,9,12,22,26,13/03/2012,Clasico
3902,15,16,17,20,25,14/03/2012,Clasico
3903,3,11,12,21,27,15/03/2012,Clasico
3904,4,6,11,16,27,16/03/2012,Clasico
3905,4,5,13,14,19,17/03/2012,Clasico
3906,4,8,10,25,28,18/03/2012,Clasico
3907,2,4,16,24,28,19/03/2012,Clasico
3908,5,10,11,15,22,20/03/2012,Clasico
3909,13,18,21,23,25,21/03/2012,Clasico
3910,10,11,12,17,23,22/03/2012,Clasico
3911,2,13,22,24,26,23/03/2012,Clasico
3912,17,20,21,24,25,24/03/2012,Clasico
3913,1,2,11,14,23,25/03/2012,Clasico
3914,2,3,8,13,18,26/03/2012,Clasico
3915,7,15,18,20,23,27/03/2012,Clasico
3916,9,10,20,24,25,28/03/2012,Clasico
3917,6,7,8,13,28,29/03/2012,Clasico
3918,3,11,18,20,24,30/03/2012,Clasico
3919,2,17,19,20,25,31/03/2012,Clasico
3920,1,2,3,19,20,01/04/2012,Clasico
3921,11,12,19,23,25,02/04/2012,Clasico
3922,2,3,7,21,24,03/04/2012,Clasico
3923,1,3,16,21,26,04/04/2012,Clasico
3924,3,15,18,19,23,05/04/2012,Clasico
3925,10,11,13,22,26,06/04/2012,Clasico
3926,2,10,17,19,27,07/04/2012,Clasico
3927,12,19,22,24,25,08/04/2012,Clasico
3928,3,8,15,19,24,09/04/2012,Clasico
3929,1,4,6,13,14,10/04/2012,Clasico
3930,1,5,6,8,23,11/04/2012,Clasico
3931,1,7,18,19,24,12/04/2012,Clasico
3932,2,4,6,7,21,13/04/2012,Clasico
3933,7,10,12,13,15,14/04/2012,Clasico
3934,3,10,18,19,22,15/04/2012,Clasico
3935,14,19,20,23,27,16/04/2012,Clasico
3936,3,12,14,16,27,17/04/2012,Clasico
3937,5,11,25,26,28,18/04/2012,Clasico
3938,8,10,15,25,26,19/04/2012,Clasico
3939,1,4,9,18,27,20/04/2012,Clasico
3940,2,16,18,23,28,21/04/2012,Clasico
3941,3,4,7,18,24,22/04/2012,Clasico
3942,7,9,18,23,28,23/04/2012,Clasico
3943,1,2,9,10,22,24/04/2012,Clasico
3944,9,14,21,22,27,25/04/2012,Clasico
3945,7,8,18,19,22,26/04/2012,Clasico
3946,3,4,12,19,21,27/04/2012,Clasico
3947,14,15,17,22,23,28/04/2012,Clasico
3948,3,12,22,25,27,29/04/2012,Clasico
3949,13,15,20,25,26,30/04/2012,Clasico
3950,2,10,19,22,25,01/05/2012,Clasico
3951,1,17,18,19,26,02/05/2012,Clasico
3952,16,19,20,21,27,03/05/2012,Clasico
3953,13,18,22,27,28,04/05/2012,Clasico
3954,2,5,12,14,28,05/05/2012,Clasico
3955,7,10,20,24,27,06/05/2012,Clasico
3956,5,11,13,17,24,07/05/2012,Clasico
3957,3,5,13,25,27,08/05/2012,Clasico
3958,9,16,18,27,28,09/05/2012,Clasico
3959,1,6,11,14,22,10/05/2012,Clasico
3960,6,10,19,21,22,11/05/2012,Clasico
3961,10,15,18,19,23,12/05/2012,Clasico
3962,1,10,15,20,22,13/05/2012,Clasico
3963,4,8,9,17,23,14/05/2012,Clasico
3964,1,11,17,23,27,15/05/2012,Clasico
3965,2,6,11,16,17,16/05/2012,Clasico
3966,6,8,17,24,25,17/05/2012,Clasico
3967,21,22,24,25,26,18/05/2012,Clasico
3968,4,5,7,10,18,19/05/2012,Clasico
3969,7,8,16,23,25,20/05/2012,Clasico
3970,1,13,14,23,27,21/05/2012,Clasico
3971,7,15,17,22,26,22/05/2012,Clasico
3972,4,14,23,26,27,23/05/2012,Clasico
3973,14,16,18,22,24,24/05/2012,Clasico
3974,17,19,20,24,25,25/05/2012,Clasico
3975,2,9,11,13,25,26/05/2012,Clasico
3976,13,14,17,20,24,27/05/2012,Clasico
3977,11,13,19,22,23,28/05/2012,Clasico
3978,3,5,6,8,27,29/05/2012,Clasico
3979,8,16,20,22,27,30/05/2012,Clasico
3980,8,10,12,22,26,31/05/2012,Clasico
3981,3,10,16,18,20,01/06/2012,Clasico
3982,7,12,19,20,21,02/06/2012,Clasico
3983,1,6,7,23,26,03/06/2012,Clasico
3984,3,6,15,20,22,04/06/2012,Clasico
3985,1,6,11,13,28,05/06/2012,Clasico
3986,1,9,20,21,24,06/06/2012,Clasico
3987,3,9,12,23,25,07/06/2012,Clasico
3988,2,7,14,23,24,08/06/2012,Clasico
3989,3,4,10,12,14,09/06/2012,Clasico
3990,4,9,10,21,23,10/06/2012,Clasico
3991,1,3,6,24,27,11/06/2012,Clasico
3992,5,6,8,17,25,12/06/2012,Clasico
3993,11,12,14,25,28,13/06/2012,Clasico
3994,1,9,14,15,16,14/06/2012,Clasico
3995,2,4,7,19,21,15/06/2012,Clasico
3996,3,4,6,19,20,16/06/2012,Clasico
3997,2,7,10,14,15,17/06/2012,Clasico
3998,3,4,8,18,25,18/06/2012,Clasico
3999,4,7,8,10,17,19/06/2012,Clasico
4000,1,2,24,27,28,20/06/2012,Clasico
4001,4,8,11,20,24,21/06/2012,Clasico
4002,7,16,18,25,27,22/06/2012,Clasico
4003,14,19,22,23,27,23/06/2012,Clasico
4004,3,7,12,15,24,24/06/2012,Clasico
4005,6,8,18,20,28,25/06/2012,Clasico
4006,4,18,21,23,26,26/06/2012,Clasico
4007,7,14,16,18,26,27/06/2012,Clasico
4008,5,9,15,16,17,28/06/2012,Clasico
4009,2,18,25,26,27,29/06/2012,Clasico
4010,3,9,10,14,16,30/06/2012,Clasico
4011,3,6,10,16,27,01/07/2012,Clasico
4012,1,4,16,17,25,02/07/2012,Clasico
4013,12,13,14,19,20,03/07/2012,Clasico
4014,9,14,17,20,24,04/07/2012,Clasico
4015,3,7,8,12,25,05/07/2012,Clasico
4016,2,3,9,10,17,06/07/2012,Clasico
4017,2,11,13,14,21,07/07/2012,Clasico
4018,1,3,15,24,27,08/07/2012,Clasico
4019,2,4,18,27,28,09/07/2012,Clasico
4020,3,17,18,19,26,10/07/2012,Clasico
4021,7,9,10,13,28,11/07/2012,Clasico
4022,3,4,17,24,28,12/07/2012,Clasico
4023,18,22,23,24,28,13/07/2012,Clasico
4024,8,17,18,21,23,14/07/2012,Clasico
4025,3,4,11,15,18,15/07/2012,Clasico
4026,3,6,10,19,21,16/07/2012,Clasico
4027,2,6,12,15,18,17/07/2012,Clasico
4028,3,6,7,17,27,18/07/2012,Clasico
4029,7,10,20,26,27,19/07/2012,Clasico
4030,1,14,17,18,22,20/07/2012,Clasico
4031,13,16,19,25,28,21/07/2012,Clasico
4032,1,4,7,14,24,22/07/2012,Clasico
4033,1,2,3,21,27,23/07/2012,Clasico
4034,2,3,7,18,21,24/07/2012,Clasico
4035,2,4,14,19,23,25/07/2012,Clasico
4036,8,13,16,17,27,26/07/2012,Clasico
4037,3,14,18,24,28,27/07/2012,Clasico
4038,1,6,9,13,16,28/07/2012,Clasico
4039,1,8,12,15,19,29/07/2012,Clasico
4040,3,8,9,16,23,30/07/2012,Clasico
4041,2,21,23,26,27,31/07/2012,Clasico
4042,1,5,20,24,25,01/08/2012,Clasico
4043,3,4,5,8,23,02/08/2012,Clasico
4044,1,2,13,14,15,03/08/2012,Clasico
4045,7,10,13,26,27,04/08/2012,Clasico
4046,5,8,12,20,25,05/08/2012,Clasico
4047,1,2,6,10,24,06/08/2012,Clasico
4048,3,4,5,14,24,07/08/2012,Clasico
4049,10,12,13,19,24,08/08/2012,Clasico
4050,1,10,11,21,27,09/08/2012,Clasico
4051,2,4,8,10,19,10/08/2012,Clasico
4052,2,7,13,15,23,11/08/2012,Clasico
4053,6,7,12,13,16,12/08/2012,Clasico
4054,9,10,18,19,21,13/08/2012,Clasico
4055,5,10,11,12,27,14/08/2012,Clasico
4056,6,8,13,15,23,15/08/2012,Clasico
4057,7,10,12,18,20,16/08/2012,Clasico
4058,6,7,15,17,19,17/08/2012,Clasico
4059,3,4,7,14,20,18/08/2012,Clasico
4060,11,13,22,27,28,19/08/2012,Clasico
4061,9,19,20,27,28,20/08/2012,Clasico
4062,1,6,14,15,16,21/08/2012,Clasico
4063,2,9,11,25,27,22/08/2012,Clasico
4064,4,14,15,16,19,23/08/2012,Clasico
4065,6,9,11,23,25,24/08/2012,Clasico
4066,6,9,10,24,25,25/08/2012,Clasico
4067,2,5,7,15,22,26/08/2012,Clasico
4068,1,2,3,8,18,27/08/2012,Clasico
4069,1,6,10,13,16,28/08/2012,Clasico
4070,4,7,11,14,20,29/08/2012,Clasico
4071,1,10,15,18,26,30/08/2012,Clasico
4072,2,4,13,24,25,31/08/2012,Clasico
4073,9,15,22,24,26,01/09/2012,Clasico
4074,1,15,24,27,28,02/09/2012,Clasico
4075,3,4,15,16,23,03/09/2012,Clasico
4076,2,19,20,25,27,04/09/2012,Clasico
4077,2,5,17,19,28,05/09/2012,Clasico
4078,2,3,10,14,21,06/09/2012,Clasico
4079,6,10,14,16,20,07/09/2012,Clasico
4080,2,12,21,25,26,08/09/2012,Clasico
4081,1,8,15,17,23,09/09/2012,Clasico
4082,6,7,8,21,26,10/09/2012,Clasico
4083,1,3,11,17,20,11/09/2012,Clasico
4084,2,9,26,27,28,12/09/2012,Clasico
4085,10,12,20,21,28,13/09/2012,Clasico
4086,13,14,22,24,27,14/09/2012,Clasico
4087,2,8,10,20,21,15/09/2012,Clasico
4088,4,14,17,25,27,16/09/2012,Clasico
4089,7,10,13,14,28,17/09/2012,Clasico
4090,1,5,13,19,26,18/09/2012,Clasico
4091,1,7,20,26,28,19/09/2012,Clasico
4092,1,7,12,18,19,20/09/2012,Clasico
4093,1,8,12,22,28,21/09/2012,Clasico
4094,4,5,11,18,19,22/09/2012,Clasico
4095,4,6,10,16,25,23/09/2012,Clasico
4096,7,9,13,15,18,24/09/2012,Clasico
4097,8,10,19,21,26,25/09/2012,Clasico
4098,5,6,9,16,23,26/09/2012,Clasico
4099,9,10,22,23,25,27/09/2012,Clasico
4100,5,7,8,15,28,28/09/2012,Clasico
4101,2,7,11,13,24,29/09/2012,Clasico
4102,1,13,14,16,21,30/09/2012,Clasico
4103,7,19,21,22,26,01/10/2012,Clasico
4104,2,3,10,27,28,02/10/2012,Clasico
4105,18,21,22,26,27,03/10/2012,Clasico
4106,5,7,11,16,17,04/10/2012,Clasico
4107,1,8,15,20,23,05/10/2012,Clasico
4108,12,16,17,21,24,06/10/2012,Clasico
4109,3,7,14,24,26,07/10/2012,Clasico
4110,1,4,5,7,13,08/10/2012,Clasico
4111,9,10,13,15,20,09/10/2012,Clasico
4112,10,11,13,19,23,10/10/2012,Clasico
4113,4,10,12,20,22,11/10/2012,Clasico
4114,3,4,14,16,17,12/10/2012,Clasico
4115,2,4,9,14,26,13/10/2012,Clasico
4116,2,7,10,20,25,14/10/2012,Clasico
4117,2,9,11,24,27,15/10/2012,Clasico
4118,6,8,11,16,21,16/10/2012,Clasico
4119,3,5,6,14,26,17/10/2012,Clasico
4120,2,4,17,18,20,18/10/2012,Clasico
4121,2,20,22,23,25,19/10/2012,Clasico
4122,3,11,12,19,20,20/10/2012,Clasico
4123,2,3,16,22,27,21/10/2012,Clasico
4124,1,9,10,23,25,22/10/2012,Clasico
4125,1,6,18,19,21,23/10/2012,Clasico
4126,6,16,23,24,28,24/10/2012,Clasico
4127,4,6,13,24,28,25/10/2012,Clasico
4128,14,15,17,23,27,26/10/2012,Clasico
4129,3,4,8,18,26,27/10/2012,Clasico
4130,6,16,19,24,27,28/10/2012,Clasico
4131,2,14,15,24,28,29/10/2012,Clasico
4132,4,5,10,13,20,30/10/2012,Clasico
4133,9,14,22,27,28,31/10/2012,Clasico
4134,5,6,7,11,13,01/11/2012,Clasico
4135,3,11,14,15,17,02/11/2012,Clasico
4136,1,9,13,14,17,03/11/2012,Clasico
4137,6,8,13,20,23,04/11/2012,Clasico
4138,2,5,7,8,21,05/11/2012,Clasico
4139,2,18,19,26,28,06/11/2012,Clasico
4140,4,18,19,23,24,07/11/2012,Clasico
4141,5,15,18,22,25,08/11/2012,Clasico
4142,4,7,11,22,24,09/11/2012,Clasico
4143,2,3,9,18,19,10/11/2012,Clasico
4144,1,10,22,25,26,11/11/2012,Clasico
4145,2,9,21,26,28,12/11/2012,Clasico
4146,10,11,13,23,28,13/11/2012,Clasico
4147,2,3,19,22,28,14/11/2012,Clasico
4148,5,9,12,20,27,15/11/2012,Clasico
4149,4,8,14,20,24,16/11/2012,Clasico
4150,7,10,17,22,25,17/11/2012,Clasico
4151,3,10,15,18,19,18/11/2012,Clasico
4152,1,2,18,23,26,19/11/2012,Clasico
4153,2,5,7,25,26,20/11/2012,Clasico
4154,7,10,19,24,27,21/11/2012,Clasico
4155,1,2,8,13,28,22/11/2012,Clasico
4156,8,9,21,23,27,23/11/2012,Clasico
4157,10,18,20,23,26,24/11/2012,Clasico
4158,4,9,14,16,21,25/11/2012,Clasico
4159,3,4,10,24,28,26/11/2012,Clasico
4160,1,2,10,22,26,27/11/2012,Clasico
4161,2,5,6,10,26,28/11/2012,Clasico
4162,8,14,16,20,21,29/11/2012,Clasico
4163,7,18,19,21,25,30/11/2012,Clasico
4164,10,11,12,20,27,01/12/2012,Clasico
4165,1,3,12,14,20,02/12/2012,Clasico
4166,12,16,17,18,24,03/12/2012,Clasico
4167,3,4,20,22,25,04/12/2012,Clasico
4168,3,5,8,23,26,05/12/2012,Clasico
4169,5,22,24,27,28,06/12/2012,Clasico
4170,2,9,17,21,28,07/12/2012,Clasico
4171,7,13,15,19,27,08/12/2012,Clasico
4172,8,15,17,25,27,09/12/2012,Clasico
4173,1,7,10,11,25,10/12/2012,Clasico
4174,4,7,14,16,26,11/12/2012,Clasico
4175,3,4,11,24,25,12/12/2012,Clasico
4176,4,7,12,22,23,13/12/2012,Clasico
4177,3,16,17,21,26,14/12/2012,Clasico
4178,1,10,11,17,22,15/12/2012,Clasico
4179,5,14,25,27,28,16/12/2012,Clasico
4180,5,9,16,24,28,17/12/2012,Clasico
4181,1,15,21,23,28,18/12/2012,Clasico
4182,7,18,24,25,28,19/12/2012,Clasico
4183,1,10,13,15,25,20/12/2012,Clasico
4184,5,12,16,20,25,21/12/2012,Clasico
4185,14,16,21,22,25,22/12/2012,Clasico
4186,1,2,7,14,17,23/12/2012,Clasico
4187,6,10,13,20,21,24/12/2012,Clasico
4188,13,16,19,21,26,25/12/2012,Clasico
4189,9,10,17,24,26,26/12/2012,Clasico
4190,2,3,4,13,24,27/12/2012,Clasico
4191,1,3,11,14,23,28/12/2012,Clasico
4192,8,10,13,15,25,29/12/2012,Clasico
4193,9,11,12,24,28,30/12/2012,Clasico
4194,4,8,10,16,23,31/12/2012,Clasico
4195,2,14,19,23,27,01/01/2013,Clasico
4196,5,7,10,22,27,02/01/2013,Clasico
4197,10,14,18,22,27,03/01/2013,Clasico
4198,1,11,16,19,20,04/01/2013,Clasico
4199,2,5,9,10,20,05/01/2013,Clasico
4200,6,20,24,25,28,06/01/2013,Clasico
4201,4,10,11,17,18,07/01/2013,Clasico
4202,3,4,5,16,19,08/01/2013,Clasico
4203,5,11,14,16,25,09/01/2013,Clasico
4204,3,4,9,14,27,10/01/2013,Clasico
4205,4,10,12,14,22,11/01/2013,Clasico
4206,3,6,14,17,22,12/01/2013,Clasico
4207,3,5,7,10,13,13/01/2013,Clasico
4208,6,10,16,17,19,14/01/2013,Clasico
4209,3,4,6,17,26,15/01/2013,Clasico
4210,4,7,15,21,26,16/01/2013,Clasico
4211,2,4,11,17,20,17/01/2013,Clasico
4212,5,9,10,20,25,18/01/2013,Clasico
4213,5,8,10,11,12,19/01/2013,Clasico
4214,2,7,8,18,21,20/01/2013,Clasico
4215,2,11,14,25,27,21/01/2013,Clasico
4216,4,12,13,20,25,22/01/2013,Clasico
4217,2,5,6,12,21,23/01/2013,Clasico
4218,1,14,25,26,28,24/01/2013,Clasico
4219,3,5,18,22,27,25/01/2013,Clasico
4220,12,13,16,18,27,26/01/2013,Clasico
4221,4,12,15,17,28,27/01/2013,Clasico
4222,2,13,14,17,19,28/01/2013,Clasico
4223,5,7,9,13,27,29/01/2013,Clasico
4224,3,9,11,18,25,30/01/2013,Clasico
4225,9,16,18,23,27,31/01/2013,Clasico
4226,3,6,7,14,22,01/02/2013,Clasico
4227,6,10,17,23,25,02/02/2013,Clasico
4228,2,7,13,21,22,03/02/2013,Clasico
4229,5,11,17,18,19,04/02/2013,Clasico
4230,4,11,20,26,28,05/02/2013,Clasico
4231,2,3,10,12,28,06/02/2013,Clasico
4232,10,14,22,26,27,07/02/2013,Clasico
4233,1,2,4,7,18,08/02/2013,Clasico
4234,11,13,19,24,25,09/02/2013,Clasico
4235,4,6,7,27,28,10/02/2013,Clasico
4236,4,14,15,17,26,11/02/2013,Clasico
4237,3,4,13,14,22,12/02/2013,Clasico
4238,5,8,21,22,23,13/02/2013,Clasico
4239,2,8,12,14,23,14/02/2013,Clasico
4240,5,9,16,18,23,15/02/2013,Clasico
4241,2,3,17,22,26,16/02/2013,Clasico
4242,2,4,7,19,24,17/02/2013,Clasico
4243,3,6,13,15,25,18/02/2013,Clasico
4244,7,12,21,26,27,19/02/2013,Clasico
4245,9,14,20,21,22,20/02/2013,Clasico
4246,8,9,18,23,24,21/02/2013,Clasico
4247,4,7,8,10,16,22/02/2013,Clasico
4248,5,11,17,21,22,23/02/2013,Clasico
4249,1,3,9,10,17,24/02/2013,Clasico
4250,1,3,5,12,14,25/02/2013,Clasico
4251,4,9,14,18,25,26/02/2013,Clasico
4252,6,7,17,18,20,27/02/2013,Clasico
4253,2,8,13,19,26,28/02/2013,Clasico
4254,1,4,12,19,28,01/03/2013,Clasico
4255,2,6,11,16,17,02/03/2013,Clasico
4256,5,9,21,23,24,03/03/2013,Clasico
4257,1,4,11,16,18,04/03/2013,Clasico
4258,3,6,9,16,21,05/03/2013,Clasico
4259,2,14,15,18,27,06/03/2013,Clasico
4260,7,9,10,15,26,07/03/2013,Clasico
4261,5,6,10,11,17,08/03/2013,Clasico
4262,4,11,13,20,28,09/03/2013,Clasico
4263,3,12,21,24,27,10/03/2013,Clasico
4264,4,9,15,16,23,11/03/2013,Clasico
4265,2,7,18,20,22,12/03/2013,Clasico
4266,7,11,15,22,28,13/03/2013,Clasico
4267,1,2,5,20,28,14/03/2013,Clasico
4268,1,4,11,23,28,15/03/2013,Clasico
4269,4,14,18,19,22,16/03/2013,Clasico
4270,2,5,12,23,24,17/03/2013,Clasico
4271,5,11,12,25,27,18/03/2013,Clasico
4272,2,12,15,18,28,19/03/2013,Clasico
4273,4,12,16,20,21,20/03/2013,Clasico
4274,2,5,16,18,22,21/03/2013,Clasico
4275,1,14,16,19,21,22/03/2013,Clasico
4276,8,11,13,14,28,23/03/2013,Clasico
4277,4,5,6,19,23,24/03/2013,Clasico
4278,2,10,17,18,25,25/03/2013,Clasico
4279,5,8,14,19,21,26/03/2013,Clasico
4280,2,8,10,14,26,27/03/2013,Clasico
4281,2,3,7,18,19,28/03/2013,Clasico
4282,1,2,20,25,26,29/03/2013,Clasico
4283,2,6,10,17,27,30/03/2013,Clasico
4284,11,20,24,26,27,31/03/2013,Clasico
4285,1,8,9,21,27,01/04/2013,Clasico
4286,13,20,24,25,26,02/04/2013,Clasico
4287,13,16,18,20,26,03/04/2013,Clasico
4288,6,7,19,24,25,04/04/2013,Clasico
4289,8,9,13,19,26,05/04/2013,Clasico
4290,9,10,12,19,20,06/04/2013,Clasico
4291,5,9,11,20,21,07/04/2013,Clasico
4292,9,14,16,20,26,08/04/2013,Clasico
4293,2,3,12,20,24,09/04/2013,Clasico
4294,4,8,21,26,28,10/04/2013,Clasico
4295,3,12,13,14,25,11/04/2013,Clasico
4296,7,8,10,11,23,12/04/2013,Clasico
4297,6,9,10,21,25,13/04/2013,Clasico
4298,5,6,13,16,24,14/04/2013,Clasico
4299,7,19,21,25,28,15/04/2013,Clasico
4300,2,11,15,18,27,16/04/2013,Clasico
4301,15,20,21,25,26,17/04/2013,Clasico
4302,3,4,8,9,13,18/04/2013,Clasico
4303,1,2,9,14,15,19/04/2013,Clasico
4304,2,4,8,11,23,20/04/2013,Clasico
4305,1,8,18,25,28,21/04/2013,Clasico
4306,4,8,11,15,17,22/04/2013,Clasico
4307,3,7,17,22,28,23/04/2013,Clasico
4308,6,11,13,14,28,24/04/2013,Clasico
4309,1,13,18,20,28,25/04/2013,Clasico
4310,8,14,22,23,24,26/04/2013,Clasico
4311,11,14,20,27,28,27/04/2013,Clasico
4312,13,15,16,20,22,28/04/2013,Clasico
4313,1,3,9,16,20,29/04/2013,Clasico
4314,4,7,16,17,20,30/04/2013,Clasico
4315,4,6,11,18,21,01/05/2013,Clasico
4316,6,14,20,22,27,02/05/2013,Clasico
4317,1,6,13,17,21,03/05/2013,Clasico
4318,2,7,9,14,21,04/05/2013,Clasico
4319,13,16,20,26,28,05/05/2013,Clasico
4320,12,14,15,22,24,06/05/2013,Clasico
4321,3,7,10,12,18,07/05/2013,Clasico
4322,13,14,16,25,27,08/05/2013,Clasico
4323,3,12,20,21,28,09/05/2013,Clasico
4324,3,4,7,9,10,10/05/2013,Clasico
4325,5,6,9,25,26,11/05/2013,Clasico
4326,6,13,14,25,27,12/05/2013,Clasico
4327,1,5,17,18,23,13/05/2013,Clasico
4328,2,19,22,24,25,14/05/2013,Clasico
4329,2,11,13,19,24,15/05/2013,Clasico
4330,1,3,14,25,26,16/05/2013,Clasico
4331,2,6,7,17,19,17/05/2013,Clasico
4332,1,12,15,18,25,18/05/2013,Clasico
4333,1,6,12,26,27,19/05/2013,Clasico
4334,2,14,16,23,28,20/05/2013,Clasico
4335,4,5,20,23,25,21/05/2013,Clasico
4336,4,14,19,21,28,22/05/2013,Clasico
4337,3,13,19,20,21,23/05/2013,Clasico
4338,10,15,17,23,26,24/05/2013,Clasico
4339,4,7,14,25,26,25/05/2013,Clasico
4340,4,8,16,18,19,26/05/2013,Clasico
4341,5,6,11,13,25,27/05/2013,Clasico
4342,4,6,20,23,26,28/05/2013,Clasico
4343,11,15,20,26,27,29/05/2013,Clasico
4344,4,5,15,16,23,30/05/2013,Clasico
4345,8,12,15,16,24,31/05/2013,Clasico
4346,5,6,13,23,25,01/06/2013,Clasico
4347,12,14,19,21,24,02/06/2013,Clasico
4348,1,8,12,20,25,03/06/2013,Clasico
4349,3,4,6,8,13,04/06/2013,Clasico
4350,2,8,15,23,25,05/06/2013,Clasico
4351,2,5,7,15,22,06/06/2013,Clasico
4352,1,3,11,12,17,07/06/2013,Clasico
4353,1,3,14,15,25,08/06/2013,Clasico
4354,15,20,26,27,28,09/06/2013,Clasico
4355,2,3,7,15,21,10/06/2013,Clasico
4356,1,7,14,21,25,11/06/2013,Clasico
4357,10,14,17,19,27,12/06/2013,Clasico
4358,6,14,17,18,21,13/06/2013,Clasico
4359,2,7,8,12,18,14/06/2013,Clasico
4360,1,3,18,19,28,15/06/2013,Clasico
4361,8,13,14,18,20,16/06/2013,Clasico
4362,4,10,11,22,28,17/06/2013,Clasico
4363,7,8,15,22,26,18/06/2013,Clasico
4364,1,5,23,24,25,19/06/2013,Clasico
4365,5,7,18,25,27,20/06/2013,Clasico
4366,2,4,14,15,23,21/06/2013,Clasico
4367,1,2,16,20,25,22/06/2013,Clasico
4368,4,8,13,15,28,23/06/2013,Clasico
4369,3,9,21,22,26,24/06/2013,Clasico
4370,2,5,22,24,26,25/06/2013,Clasico
4371,20,21,22,23,24,26/06/2013,Clasico
4372,8,10,12,20,27,27/06/2013,Clasico
4373,6,11,16,24,27,28/06/2013,Clasico
4374,2,4,8,12,13,29/06/2013,Clasico
4375,11,13,17,19,21,30/06/2013,Clasico
4376,5,8,11,16,21,01/07/2013,Clasico
4377,4,8,9,20,27,02/07/2013,Clasico
4378,6,9,11,12,15,03/07/2013,Clasico
4379,5,6,7,15,20,04/07/2013,Clasico
4380,1,12,13,18,28,05/07/2013,Clasico
4381,1,2,3,5,28,06/07/2013,Clasico
4382,4,6,14,24,25,07/07/2013,Clasico
4383,9,17,19,22,27,08/07/2013,Clasico
4384,10,14,20,23,24,09/07/2013,Clasico
4385,3,20,21,23,27,10/07/2013,Clasico
4386,2,3,7,9,19,11/07/2013,Clasico
4387,5,9,19,22,25,12/07/2013,Clasico
4388,7,8,15,26,27,13/07/2013,Clasico
4389,2,6,7,16,18,14/07/2013,Clasico
4390,4,13,15,21,26,15/07/2013,Clasico
4391,7,10,13,24,27,16/07/2013,Clasico
4392,6,12,14,25,27,17/07/2013,Clasico
4393,2,5,11,18,21,18/07/2013,Clasico
4394,3,6,7,20,23,19/07/2013,Clasico
4395,4,5,8,16,24,20/07/2013,Clasico
4396,2,7,16,19,27,21/07/2013,Clasico
4397,2,3,8,18,19,22/07/2013,Clasico
4398,4,9,15,25,28,23/07/2013,Clasico
4399,6,10,13,17,26,24/07/2013,Clasico
4400,2,15,22,25,28,25/07/2013,Clasico
4401,5,21,22,23,28,26/07/2013,Clasico
4402,1,8,21,25,27,27/07/2013,Clasico
4403,1,3,9,21,22,28/07/2013,Clasico
4404,8,10,11,20,27,29/07/2013,Clasico
4405,1,9,15,25,28,30/07/2013,Clasico
4406,3,14,20,27,28,31/07/2013,Clasico
4407,9,14,20,21,22,01/08/2013,Clasico
4408,1,10,15,18,20,02/08/2013,Clasico
4409,12,15,21,25,27,03/08/2013,Clasico
4410,5,8,10,12,21,04/08/2013,Clasico
4411,4,5,9,16,19,05/08/2013,Clasico
4412,3,8,14,15,28,06/08/2013,Clasico
4413,5,12,13,17,26,07/08/2013,Clasico
4414,4,16,18,19,25,08/08/2013,Clasico
4415,6,12,16,20,21,09/08/2013,Clasico
4416,6,12,18,23,25,10/08/2013,Clasico
4417,4,10,14,23,27,11/08/2013,Clasico
4418,1,11,17,23,26,12/08/2013,Clasico
4419,4,11,12,18,28,13/08/2013,Clasico
4420,2,7,11,12,15,14/08/2013,Clasico
4421,4,8,24,25,26,15/08/2013,Clasico
4422,2,5,9,12,15,16/08/2013,Clasico
4423,1,22,24,26,28,17/08/2013,Clasico
4424,2,6,7,13,22,18/08/2013,Clasico
4425,2,11,26,27,28,19/08/2013,Clasico
4426,2,20,25,27,28,20/08/2013,Clasico
4427,1,6,7,10,25,21/08/2013,Clasico
4428,14,20,21,22,25,22/08/2013,Clasico
4429,6,7,12,24,25,23/08/2013,Clasico
4430,3,4,14,20,21,24/08/2013,Clasico
4431,3,4,9,10,11,25/08/2013,Clasico
4432,5,7,9,13,14,26/08/2013,Clasico
4433,1,2,7,21,27,27/08/2013,Clasico
4434,8,13,16,24,25,28/08/2013,Clasico
4435,10,14,20,21,23,29/08/2013,Clasico
4436,3,7,19,20,25,30/08/2013,Clasico
4437,1,5,18,19,20,31/08/2013,Clasico
4438,5,9,15,21,24,01/09/2013,Clasico
4439,8,10,16,22,26,02/09/2013,Clasico
4440,9,13,16,24,27,03/09/2013,Clasico
4441,1,4,10,15,28,04/09/2013,Clasico
4442,2,7,9,18,26,05/09/2013,Clasico
4443,2,11,15,22,23,06/09/2013,Clasico
4444,2,6,9,17,18,07/09/2013,Clasico
4445,3,8,14,15,21,08/09/2013,Clasico
4446,8,10,18,23,28,09/09/2013,Clasico
4447,2,3,17,23,26,10/09/2013,Clasico
4448,3,5,10,11,19,11/09/2013,Clasico
4449,1,8,9,16,17,12/09/2013,Clasico
4450,8,12,13,17,25,13/09/2013,Clasico
4451,17,19,21,24,27,14/09/2013,Clasico
4452,6,9,18,21,26,15/09/2013,Clasico
4453,9,14,21,27,28,16/09/2013,Clasico
4454,1,8,18,19,23,17/09/2013,Clasico
4455,1,2,7,16,26,18/09/2013,Clasico
4456,9,17,19,24,27,19/09/2013,Clasico
4457,1,4,7,13,26,20/09/2013,Clasico
4458,1,13,17,19,28,21/09/2013,Clasico
4459,1,9,14,18,24,22/09/2013,Clasico
4460,1,3,6,7,28,23/09/2013,Clasico
4461,3,7,13,16,18,24/09/2013,Clasico
4462,5,13,14,26,28,25/09/2013,Clasico
4463,4,17,24,25,27,26/09/2013,Clasico
4464,1,10,14,21,23,27/09/2013,Clasico
4465,1,3,12,18,21,28/09/2013,Clasico
4466,1,3,7,17,27,29/09/2013,Clasico
4467,3,8,10,17,27,30/09/2013,Clasico
4468,10,18,22,26,28,01/10/2013,Clasico
4469,1,6,7,8,27,02/10/2013,Clasico
4470,4,12,14,19,23,03/10/2013,Clasico
4471,12,13,18,20,22,04/10/2013,Clasico
4472,1,2,5,7,21,05/10/2013,Clasico
4473,7,9,16,25,28,06/10/2013,Clasico
4474,3,8,11,21,23,07/10/2013,Clasico
4475,2,13,17,18,23,08/10/2013,Clasico
4476,10,12,20,26,27,09/10/2013,Clasico
4477,11,15,21,23,24,10/10/2013,Clasico
4478,1,11,18,26,27,11/10/2013,Clasico
4479,2,7,9,12,25,12/10/2013,Clasico
4480,4,6,8,13,16,13/10/2013,Clasico
4481,1,3,10,20,24,14/10/2013,Clasico
4482,2,9,14,23,27,15/10/2013,Clasico
4483,5,6,7,10,12,16/10/2013,Clasico
4484,14,15,17,23,27,17/10/2013,Clasico
4485,2,10,11,24,25,18/10/2013,Clasico
4486,3,10,13,16,24,19/10/2013,Clasico
4487,4,12,20,25,26,20/10/2013,Clasico
4488,2,4,9,10,18,21/10/2013,Clasico
4489,7,17,18,23,25,22/10/2013,Clasico
4490,1,18,19,24,26,23/10/2013,Clasico
4491,1,3,4,11,18,24/10/2013,Clasico
4492,3,6,7,12,19,25/10/2013,Clasico
4493,6,7,11,20,28,26/10/2013,Clasico
4494,1,8,12,13,22,27/10/2013,Clasico
4495,15,18,20,21,25,28/10/2013,Clasico
4496,10,14,21,24,26,29/10/2013,Clasico
4497,5,7,8,10,12,30/10/2013,Clasico
4498,14,15,18,22,28,31/10/2013,Clasico
4499,3,4,6,27,28,01/11/2013,Clasico
4500,7,8,15,16,20,02/11/2013,Clasico
4501,8,9,19,23,27,03/11/2013,Clasico
4502,1,8,14,25,26,04/11/2013,Clasico
4503,1,6,9,12,25,05/11/2013,Clasico
4504,4,11,23,26,27,06/11/2013,Clasico
4505,1,4,6,20,26,07/11/2013,Clasico
4506,4,5,13,14,28,08/11/2013,Clasico
4507,6,16,23,26,27,09/11/2013,Clasico
4508,13,18,19,20,28,10/11/2013,Clasico
4509,2,4,7,17,28,11/11/2013,Clasico
4510,3,5,13,15,20,12/11/2013,Clasico
4511,5,6,9,16,20,13/11/2013,Clasico
4512,5,7,17,20,24,14/11/2013,Clasico
4513,11,12,13,15,23,15/11/2013,Clasico
4514,7,12,18,23,25,16/11/2013,Clasico
4515,1,10,14,16,26,17/11/2013,Clasico
4516,12,19,22,23,24,18/11/2013,Clasico
4517,1,2,10,12,16,19/11/2013,Clasico
4518,6,10,14,24,27,20/11/2013,Clasico
4519,8,12,16,23,27,21/11/2013,Clasico
4520,11,19,22,26,27,22/11/2013,Clasico
4521,3,4,8,11,18,23/11/2013,Clasico
4522,5,7,18,19,25,24/11/2013,Clasico
4523,6,12,14,15,18,25/11/2013,Clasico
4524,1,16,18,19,24,26/11/2013,Clasico
4525,5,9,15,22,24,27/11/2013,Clasico
4526,9,11,20,21,26,28/11/2013,Clasico
4527,6,17,19,20,21,29/11/2013,Clasico
4528,5,8,21,24,25,30/11/2013,Clasico
4529,7,15,16,20,21,01/12/2013,Clasico
4530,1,3,11,22,28,02/12/2013,Clasico
4531,5,6,8,10,21,03/12/2013,Clasico
4532,10,14,22,26,28,04/12/2013,Clasico
4533,4,7,13,23,26,05/12/2013,Clasico
4534,2,16,21,22,23,06/12/2013,Clasico
4535,5,6,20,24,26,07/12/2013,Clasico
4536,5,11,12,16,26,08/12/2013,Clasico
4537,1,12,14,20,22,09/12/2013,Clasico
4538,1,3,6,11,13,10/12/2013,Clasico
4539,7,8,12,16,25,11/12/2013,Clasico
4540,3,6,18,21,25,12/12/2013,Clasico
4541,3,8,10,17,26,13/12/2013,Clasico
4542,11,14,18,20,26,14/12/2013,Clasico
4543,5,12,18,21,23,15/12/2013,Clasico
4544,1,3,9,22,23,16/12/2013,Clasico
4545,6,10,12,24,27,17/12/2013,Clasico
4546,4,7,16,24,27,18/12/2013,Clasico
4547,2,5,9,15,17,19/12/2013,Clasico
4548,7,11,14,17,22,20/12/2013,Clasico
4549,4,9,14,26,28,21/12/2013,Clasico
4550,3,15,16,19,20,22/12/2013,Clasico
4551,3,8,11,14,20,23/12/2013,Clasico
4552,16,17,19,22,28,24/12/2013,Clasico
4553,4,8,13,22,23,25/12/2013,Clasico
4554,8,12,18,27,28,26/12/2013,Clasico
4555,4,5,17,26,28,27/12/2013,Clasico
4556,7,9,11,17,23,28/12/2013,Clasico
4557,6,8,13,20,22,29/12/2013,Clasico
4558,3,7,15,23,25,30/12/2013,Clasico
4559,12,13,21,24,26,31/12/2013,Clasico
4560,2,4,5,6,7,01/01/2014,Clasico
4561,2,5,7,20,23,02/01/2014,Clasico
4562,3,8,16,21,23,03/01/2014,Clasico
4563,7,9,13,21,22,04/01/2014,Clasico
4564,5,10,18,19,21,05/01/2014,Clasico
4565,3,5,9,18,24,06/01/2014,Clasico
4566,7,8,12,15,21,07/01/2014,Clasico
4567,2,4,10,11,23,08/01/2014,Clasico
4568,3,14,21,25,28,09/01/2014,Clasico
4569,2,20,21,23,26,10/01/2014,Clasico
4570,2,4,18,20,22,11/01/2014,Clasico
4571,4,8,9,14,25,12/01/2014,Clasico
4572,7,10,11,16,28,13/01/2014,Clasico
4573,4,21,24,26,27,14/01/2014,Clasico
4574,2,9,17,18,21,15/01/2014,Clasico
4575,5,7,9,11,17,16/01/2014,Clasico
4576,2,11,13,20,23,17/01/2014,Clasico
4577,6,10,20,26,27,18/01/2014,Clasico
4578,2,8,9,14,16,19/01/2014,Clasico
4579,7,9,11,22,27,20/01/2014,Clasico
4580,5,9,19,23,27,21/01/2014,Clasico
4581,7,11,19,23,26,22/01/2014,Clasico
4582,1,4,7,21,28,23/01/2014,Clasico
4583,3,8,17,21,24,24/01/2014,Clasico
4584,3,5,7,23,25,25/01/2014,Clasico
4585,15,16,19,20,22,26/01/2014,Clasico
4586,2,17,20,21,26,27/01/2014,Clasico
4587,13,17,18,20,28,28/01/2014,Clasico
4588,4,11,13,16,24,29/01/2014,Clasico
4589,4,8,10,16,19,30/01/2014,Clasico
4590,2,3,5,24,25,31/01/2014,Clasico
4591,11,17,22,26,28,01/02/2014,Clasico
4592,2,7,16,19,23,02/02/2014,Clasico
4593,3,5,8,14,15,03/02/2014,Clasico
4594,8,9,13,14,22,04/02/2014,Clasico
4595,3,9,16,18,24,05/02/2014,Clasico
4596,13,15,16,22,24,06/02/2014,Clasico
4597,4,6,11,15,25,07/02/2014,Clasico
4598,2,6,9,10,22,08/02/2014,Clasico
4599,1,2,8,9,15,09/02/2014,Clasico
4600,1,5,9,22,27,10/02/2014,Clasico
4601,6,9,10,14,22,11/02/2014,Clasico
4602,1,4,21,26,27,12/02/2014,Clasico
4603,9,12,20,22,25,13/02/2014,Clasico
4604,5,6,11,20,24,14/02/2014,Clasico
4605,3,10,13,16,21,15/02/2014,Clasico
4606,6,11,13,19,22,16/02/2014,Clasico
4607,3,5,10,16,25,17/02/2014,Clasico
4608,2,11,12,18,19,18/02/2014,Clasico
4609,4,6,10,15,21,19/02/2014,Clasico
4610,1,16,19,26,28,20/02/2014,Clasico
4611,4,5,7,16,26,21/02/2014,Clasico
4612,9,10,12,25,26,22/02/2014,Clasico
4613,9,10,11,16,28,23/02/2014,Clasico
4614,1,10,22,25,28,24/02/2014,Clasico
4615,1,2,9,16,17,25/02/2014,Clasico
4616,4,12,15,21,23,26/02/2014,Clasico
4617,2,4,13,21,26,27/02/2014,Clasico
4618,2,10,14,17,25,28/02/2014,Clasico
4619,11,14,16,17,18,01/03/2014,Clasico
4620,12,14,16,19,28,02/03/2014,Clasico
4621,1,14,17,18,21,03/03/2014,Clasico
4622,5,11,17,23,26,04/03/2014,Clasico
4623,9,14,15,20,22,05/03/2014,Clasico
4624,1,2,6,19,24,06/03/2014,Clasico
4625,15,16,18,27,28,07/03/2014,Clasico
4626,9,11,18,20,28,08/03/2014,Clasico
4627,1,4,5,12,13,09/03/2014,Clasico
4628,1,3,13,15,26,10/03/2014,Clasico
4629,6,8,20,21,24,11/03/2014,Clasico
4630,1,3,20,24,27,12/03/2014,Clasico
4631,4,7,13,16,20,13/03/2014,Clasico
4632,8,13,21,22,24,14/03/2014,Clasico
4633,3,5,7,18,28,15/03/2014,Clasico
4634,9,14,16,17,21,16/03/2014,Clasico
4635,5,8,16,19,22,17/03/2014,Clasico
4636,3,4,14,20,24,18/03/2014,Clasico
4637,10,12,14,21,25,19/03/2014,Clasico
4638,1,7,11,25,27,20/03/2014,Clasico
4639,1,3,11,22,28,21/03/2014,Clasico
4640,1,6,24,27,28,22/03/2014,Clasico
4641,8,17,19,21,27,23/03/2014,Clasico
4642,1,2,7,10,17,24/03/2014,Clasico
4643,7,14,15,16,22,25/03/2014,Clasico
4644,7,16,17,18,22,26/03/2014,Clasico
4645,13,14,15,20,21,27/03/2014,Clasico
4646,7,9,11,12,19,28/03/2014,Clasico
4647,4,7,22,23,27,29/03/2014,Clasico
4648,17,21,24,25,28,30/03/2014,Clasico
4649,15,16,19,21,25,31/03/2014,Clasico
4650,7,17,20,24,25,01/04/2014,Clasico
4651,8,12,15,18,21,02/04/2014,Clasico
4652,3,9,10,11,27,03/04/2014,Clasico
4653,6,7,10,14,27,04/04/2014,Clasico
4654,9,10,15,16,26,05/04/2014,Clasico
4655,1,11,12,24,25,06/04/2014,Clasico
4656,3,8,19,24,26,07/04/2014,Clasico
4657,7,12,24,25,26,08/04/2014,Clasico
4658,5,6,18,22,26,09/04/2014,Clasico
4659,4,5,14,19,21,10/04/2014,Clasico
4660,4,15,21,22,23,11/04/2014,Clasico
4661,10,11,21,24,26,12/04/2014,Clasico
4662,3,4,8,23,28,13/04/2014,Clasico
4663,1,3,9,12,22,14/04/2014,Clasico
4664,4,9,14,19,27,15/04/2014,Clasico
4665,9,16,18,19,28,16/04/2014,Clasico
4666,19,20,21,23,27,17/04/2014,Clasico
4667,4,10,17,22,28,18/04/2014,Clasico
4668,7,9,12,17,27,19/04/2014,Clasico
4669,4,8,19,20,21,20/04/2014,Clasico
4670,13,18,20,21,25,21/04/2014,Clasico
4671,8,17,19,27,28,22/04/2014,Clasico
4672,1,10,17,20,21,23/04/2014,Clasico
4673,10,11,19,22,24,24/04/2014,Clasico
4674,5,6,12,14,16,25/04/2014,Clasico
4675,9,13,16,26,27,26/04/2014,Clasico
4676,2,3,4,13,14,27/04/2014,Clasico
4677,3,14,17,19,20,28/04/2014,Clasico
4678,8,13,18,26,27,29/04/2014,Clasico
4679,3,4,12,23,24,30/04/2014,Clasico
4680,9,15,16,20,23,01/05/2014,Clasico
4681,2,3,8,9,15,02/05/2014,Clasico
4682,10,11,17,25,26,03/05/2014,Clasico
4683,1,13,18,19,20,04/05/2014,Clasico
4684,1,9,15,21,25,05/05/2014,Clasico
4685,5,22,23,24,25,06/05/2014,Clasico
4686,11,17,23,26,28,07/05/2014,Clasico
4687,4,14,18,19,27,08/05/2014,Clasico
4688,2,4,6,13,27,09/05/2014,Clasico
4689,3,13,17,21,25,10/05/2014,Clasico
4690,7,11,17,18,21,11/05/2014,Clasico
4691,1,16,22,26,28,12/05/2014,Clasico
4692,7,8,15,18,26,13/05/2014,Clasico
4693,4,11,14,24,28,14/05/2014,Clasico
4694,3,5,6,11,22,15/05/2014,Clasico
4695,9,13,14,20,21,16/05/2014,Clasico
4696,5,7,20,26,27,17/05/2014,Clasico
4697,3,15,17,21,23,18/05/2014,Clasico
4698,15,16,22,23,27,19/05/2014,Clasico
4699,4,14,15,25,27,20/05/2014,Clasico
4700,5,7,9,11,17,21/05/2014,Clasico
4701,3,10,11,12,27,22/05/2014,Clasico
4702,9,19,20,21,28,23/05/2014,Clasico
4703,1,5,6,15,16,24/05/2014,Clasico
4704,9,12,18,19,24,25/05/2014,Clasico
4705,2,4,18,23,24,26/05/2014,Clasico
4706,1,5,17,24,28,27/05/2014,Clasico
4707,6,7,11,24,28,28/05/2014,Clasico
4708,7,8,10,23,25,29/05/2014,Clasico
4709,2,4,18,19,22,30/05/2014,Clasico
4710,11,17,18,20,21,31/05/2014,Clasico
4711,1,2,5,15,25,01/06/2014,Clasico
4712,3,4,5,14,21,02/06/2014,Clasico
4713,9,13,14,18,27,03/06/2014,Clasico
4714,6,12,24,26,27,04/06/2014,Clasico
4715,1,3,7,19,22,05/06/2014,Clasico
4716,1,5,9,17,25,06/06/2014,Clasico
4717,6,12,16,23,25,07/06/2014,Clasico
4718,5,18,21,23,24,08/06/2014,Clasico
4719,3,9,15,20,28,09/06/2014,Clasico
4720,10,13,14,16,27,10/06/2014,Clasico
4721,3,12,19,21,28,11/06/2014,Clasico
4722,2,4,6,19,26,12/06/2014,Clasico
4723,5,7,13,15,20,13/06/2014,Clasico
4724,3,14,18,21,28,14/06/2014,Clasico
4725,13,18,23,25,27,15/06/2014,Clasico
4726,1,10,14,20,28,16/06/2014,Clasico
4727,10,13,22,24,27,17/06/2014,Clasico
4728,7,8,15,26,27,18/06/2014,Clasico
4729,4,5,7,9,11,19/06/2014,Clasico
4730,4,13,22,23,25,20/06/2014,Clasico
4731,17,22,25,27,28,21/06/2014,Clasico
4732,2,3,15,17,20,22/06/2014,Clasico
4733,3,13,19,26,27,23/06/2014,Clasico
4734,2,7,20,21,23,24/06/2014,Clasico
4735,1,7,9,24,25,25/06/2014,Clasico
4736,3,12,16,17,19,26/06/2014,Clasico
4737,1,16,20,24,26,27/06/2014,Clasico
4738,11,15,20,22,28,28/06/2014,Clasico
4739,3,7,11,17,27,29/06/2014,Clasico
4740,2,7,19,24,25,30/06/2014,Clasico
4741,11,15,17,24,26,01/07/2014,Clasico
4742,5,9,10,25,28,02/07/2014,Clasico
4743,4,5,6,8,12,03/07/2014,Clasico
4744,4,7,13,21,27,04/07/2014,Clasico
4745,1,9,16,17,23,05/07/2014,Clasico
4746,2,14,18,20,24,06/07/2014,Clasico
4747,3,11,14,15,24,07/07/2014,Clasico
4748,1,8,11,14,23,08/07/2014,Clasico
4749,2,5,22,26,28,09/07/2014,Clasico
4750,3,8,9,10,19,10/07/2014,Clasico
4751,2,11,12,16,27,11/07/2014,Clasico
4752,5,14,17,22,26,12/07/2014,Clasico
4753,6,7,16,21,25,13/07/2014,Clasico
4754,6,15,16,17,27,14/07/2014,Clasico
4755,1,4,9,20,24,15/07/2014,Clasico
4756,10,12,19,20,25,16/07/2014,Clasico
4757,1,11,16,19,27,17/07/2014,Clasico
4758,2,9,14,17,26,18/07/2014,Clasico
4759,10,20,23,24,26,19/07/2014,Clasico
4760,5,14,17,18,19,20/07/2014,Clasico
4761,19,22,23,26,28,21/07/2014,Clasico
4762,3,4,6,23,24,22/07/2014,Clasico
4763,2,5,19,26,28,23/07/2014,Clasico
4764,8,9,17,22,27,24/07/2014,Clasico
4765,7,15,16,24,28,25/07/2014,Clasico
4766,3,12,13,18,20,26/07/2014,Clasico
4767,1,11,15,21,27,27/07/2014,Clasico
4768,5,7,14,20,25,28/07/2014,Clasico
4769,1,8,16,17,26,29/07/2014,Clasico
4770,5,9,14,16,23,30/07/2014,Clasico
4771,7,9,23,27,28,31/07/2014,Clasico
4772,3,4,8,11,14,01/08/2014,Clasico
4773,1,6,9,18,20,02/08/2014,Clasico
4774,7,17,20,21,27,03/08/2014,Clasico
4775,7,9,17,20,26,04/08/2014,Clasico
4776,1,4,12,22,23,05/08/2014,Clasico
4777,7,11,17,18,21,06/08/2014,Clasico
4778,5,7,13,15,28,07/08/2014,Clasico
4779,4,8,17,18,25,08/08/2014,Clasico
4780,6,12,14,16,22,09/08/2014,Clasico
4781,5,7,13,16,20,10/08/2014,Clasico
4782,1,5,12,14,18,11/08/2014,Clasico
4783,3,4,21,27,28,12/08/2014,Clasico
4784,2,3,12,14,20,13/08/2014,Clasico
4785,10,13,20,26,28,14/08/2014,Clasico
4786,6,7,13,16,22,15/08/2014,Clasico
4787,8,10,11,13,18,16/08/2014,Clasico
4788,5,12,15,17,21,17/08/2014,Clasico
4789,4,11,17,21,25,18/08/2014,Clasico
4790,2,8,9,12,26,19/08/2014,Clasico
4791,2,14,16,18,19,20/08/2014,Clasico
4792,10,12,13,17,27,21/08/2014,Clasico
4793,8,9,13,18,23,22/08/2014,Clasico
4794,3,11,14,15,19,23/08/2014,Clasico
4795,2,6,13,20,23,24/08/2014,Clasico
4796,8,9,13,16,22,25/08/2014,Clasico
4797,6,11,20,24,25,26/08/2014,Clasico
4798,1,5,8,22,25,27/08/2014,Clasico
4799,9,13,21,24,25,28/08/2014,Clasico
4800,7,13,14,15,28,29/08/2014,Clasico
4801,2,5,8,13,27,30/08/2014,Clasico
4802,12,15,17,20,27,31/08/2014,Clasico
4803,1,4,8,12,27,01/09/2014,Clasico
4804,2,8,13,19,22,02/09/2014,Clasico
4805,9,10,11,20,21,03/09/2014,Clasico
4806,1,8,12,23,28,04/09/2014,Clasico
4807,9,11,16,22,25,05/09/2014,Clasico
4808,4,19,20,26,27,06/09/2014,Clasico
4809,3,9,11,20,27,07/09/2014,Clasico
4810,1,7,9,11,24,08/09/2014,Clasico
4811,2,5,6,15,22,09/09/2014,Clasico
4812,9,14,20,23,25,10/09/2014,Clasico
4813,10,12,20,21,27,11/09/2014,Clasico
4814,4,5,9,20,24,12/09/2014,Clasico
4815,11,13,14,23,28,13/09/2014,Clasico
4816,1,7,11,16,21,14/09/2014,Clasico
4817,10,11,12,14,16,15/09/2014,Clasico
4818,1,3,8,13,14,16/09/2014,Clasico
4819,5,9,12,26,27,17/09/2014,Clasico
4820,4,7,24,27,28,18/09/2014,Clasico
4821,1,11,13,24,25,19/09/2014,Clasico
4822,3,7,18,22,26,20/09/2014,Clasico
4823,7,15,16,17,22,21/09/2014,Clasico
4824,1,4,10,21,22,22/09/2014,Clasico
4825,2,6,11,15,21,23/09/2014,Clasico
4826,13,18,24,25,28,24/09/2014,Clasico
4827,7,12,18,20,27,25/09/2014,Clasico
4828,5,10,11,12,16,26/09/2014,Clasico
4829,2,10,13,17,25,27/09/2014,Clasico
4830,3,9,10,16,20,28/09/2014,Clasico
4831,4,6,13,19,22,29/09/2014,Clasico
4832,10,12,21,22,24,30/09/2014,Clasico
4833,5,9,12,22,24,01/10/2014,Clasico
4834,11,12,17,23,26,02/10/2014,Clasico
4835,10,23,25,26,27,03/10/2014,Clasico
4836,2,8,9,20,28,04/10/2014,Clasico
4837,5,10,14,17,26,05/10/2014,Clasico
4838,1,2,4,12,19,06/10/2014,Clasico
4839,13,16,21,22,23,07/10/2014,Clasico
4840,10,17,19,21,28,08/10/2014,Clasico
4841,14,16,17,18,22,09/10/2014,Clasico
4842,2,14,19,21,28,10/10/2014,Clasico
4843,4,11,12,15,22,11/10/2014,Clasico
4844,6,11,15,17,24,12/10/2014,Clasico
4845,1,2,17,20,28,13/10/2014,Clasico
4846,2,11,12,20,25,14/10/2014,Clasico
4847,13,16,19,20,28,15/10/2014,Clasico
4848,4,5,20,23,25,16/10/2014,Clasico
4849,1,2,3,7,25,17/10/2014,Clasico
4850,7,8,13,18,28,18/10/2014,Clasico
4851,2,12,15,16,25,19/10/2014,Clasico
4852,5,6,10,13,14,20/10/2014,Clasico
4853,1,12,15,17,26,21/10/2014,Clasico
4854,2,4,5,10,27,22/10/2014,Clasico
4855,4,8,11,25,27,23/10/2014,Clasico
4856,7,14,22,26,28,24/10/2014,Clasico
4857,6,11,17,24,26,25/10/2014,Clasico
4858,12,14,19,21,25,26/10/2014,Clasico
4859,2,11,13,17,20,27/10/2014,Clasico
4860,4,5,7,17,25,28/10/2014,Clasico
4861,7,9,11,15,23,29/10/2014,Clasico
4862,2,4,7,10,19,30/10/2014,Clasico
4863,9,12,13,15,23,31/10/2014,Clasico
4864,4,6,9,10,14,01/11/2014,Clasico
4865,1,2,13,18,23,02/11/2014,Clasico
4866,3,8,17,20,25,03/11/2014,Clasico
4867,8,14,16,20,22,04/11/2014,Clasico
4868,8,10,19,20,21,05/11/2014,Clasico
4869,3,4,7,8,27,06/11/2014,Clasico
4870,1,6,9,10,26,07/11/2014,Clasico
4871,8,9,13,14,24,08/11/2014,Clasico
4872,3,19,24,25,26,09/11/2014,Clasico
4873,11,12,15,22,25,10/11/2014,Clasico
4874,6,7,10,12,21,11/11/2014,Clasico
4875,8,14,16,22,25,12/11/2014,Clasico
4876,7,9,18,22,24,13/11/2014,Clasico
4877,2,3,12,19,28,14/11/2014,Clasico
4878,5,10,11,13,17,15/11/2014,Clasico
4879,6,7,14,15,22,16/11/2014,Clasico
4880,2,10,11,15,23,17/11/2014,Clasico
4881,2,3,12,17,21,18/11/2014,Clasico
4882,2,16,20,21,23,19/11/2014,Clasico
4883,1,5,11,15,16,20/11/2014,Clasico
4884,8,10,14,23,25,21/11/2014,Clasico
4885,8,10,14,15,22,22/11/2014,Clasico
4886,4,5,7,22,27,23/11/2014,Clasico
4887,3,5,6,7,15,24/11/2014,Clasico
4888,3,12,20,23,26,25/11/2014,Clasico
4889,4,6,9,17,28,26/11/2014,Clasico
4890,4,7,16,19,25,27/11/2014,Clasico
4891,7,9,11,13,14,28/11/2014,Clasico
4892,7,11,19,20,24,29/11/2014,Clasico
4893,5,15,18,21,25,30/11/2014,Clasico
4894,1,9,15,22,24,01/12/2014,Clasico
4895,7,14,15,17,23,02/12/2014,Clasico
4896,4,6,7,12,20,03/12/2014,Clasico
4897,5,7,15,19,25,04/12/2014,Clasico
4898,1,5,6,13,21,05/12/2014,Clasico
4899,2,4,6,11,19,06/12/2014,Clasico
4900,1,11,15,24,27,07/12/2014,Clasico
4901,4,6,15,20,22,08/12/2014,Clasico
4902,5,7,10,15,16,09/12/2014,Clasico
4903,2,7,9,16,27,10/12/2014,Clasico
4904,9,18,19,20,25,11/12/2014,Clasico
4905,1,6,13,14,18,12/12/2014,Clasico
4906,2,3,13,20,27,13/12/2014,Clasico
4907,3,6,8,19,21,14/12/2014,Clasico
4908,1,3,8,20,26,15/12/2014,Clasico
4909,2,3,10,23,27,16/12/2014,Clasico
4910,4,6,11,23,25,17/12/2014,Clasico
4911,14,16,19,20,22,18/12/2014,Clasico
4912,3,4,5,7,9,19/12/2014,Clasico
4913,1,11,13,20,22,20/12/2014,Clasico
4914,9,13,17,18,23,21/12/2014,Clasico
4915,8,9,17,21,23,22/12/2014,Clasico
4916,2,11,14,26,28,23/12/2014,Clasico
4917,2,11,13,20,28,24/12/2014,Clasico
4918,1,2,11,16,25,25/12/2014,Clasico
4919,7,9,11,25,26,26/12/2014,Clasico
4920,2,9,15,16,26,27/12/2014,Clasico
4921,4,13,14,16,21,28/12/2014,Clasico
4922,5,17,18,24,28,29/12/2014,Clasico
4923,1,2,11,25,26,30/12/2014,Clasico
4924,2,7,16,25,27,31/12/2014,Clasico
4925,5,6,10,11,16,01/01/2015,Clasico
4926,1,3,4,17,19,02/01/2015,Clasico
4927,5,14,25,27,28,03/01/2015,Clasico
4928,2,4,8,11,18,04/01/2015,Clasico
4929,9,10,15,16,21,05/01/2015,Clasico
4930,3,24,25,26,27,06/01/2015,Clasico
4931,2,8,15,17,24,07/01/2015,Clasico
4932,12,15,17,24,25,08/01/2015,Clasico
4933,6,19,21,23,27,09/01/2015,Clasico
4934,18,19,23,27,28,10/01/2015,Clasico
4935,1,5,8,10,19,11/01/2015,Clasico
4936,4,13,14,27,28,12/01/2015,Clasico
4937,6,14,22,25,28,13/01/2015,Clasico
4938,10,12,13,16,23,14/01/2015,Clasico
4939,1,4,5,19,21,15/01/2015,Clasico
4940,1,12,16,20,21,16/01/2015,Clasico
4941,2,8,9,11,27,17/01/2015,Clasico
4942,10,15,22,23,25,18/01/2015,Clasico
4943,2,5,6,21,27,19/01/2015,Clasico
4944,5,6,13,23,28,20/01/2015,Clasico
4945,1,8,11,17,28,21/01/2015,Clasico
4946,3,13,15,16,19,22/01/2015,Clasico
4947,9,13,15,21,23,23/01/2015,Clasico
4948,3,4,7,13,25,24/01/2015,Clasico
4949,5,8,19,27,28,25/01/2015,Clasico
4950,4,7,18,24,25,26/01/2015,Clasico
4951,2,18,24,27,28,27/01/2015,Clasico
4952,3,6,10,17,26,28/01/2015,Clasico
4953,1,2,11,15,25,29/01/2015,Clasico
4954,4,12,18,19,23,30/01/2015,Clasico
4955,14,15,16,19,28,31/01/2015,Clasico
4956,1,6,18,24,28,01/02/2015,Clasico
4957,2,3,13,16,24,02/02/2015,Clasico
4958,4,5,8,21,23,03/02/2015,Clasico
4959,1,2,8,9,26,04/02/2015,Clasico
4960,1,8,13,24,26,05/02/2015,Clasico
4961,4,9,19,23,27,06/02/2015,Clasico
4962,1,4,9,15,28,07/02/2015,Clasico
4963,7,16,18,19,25,08/02/2015,Clasico
4964,2,14,15,25,26,09/02/2015,Clasico
4965,5,12,13,15,20,10/02/2015,Clasico
4966,1,2,4,10,28,11/02/2015,Clasico
4967,1,7,9,18,27,12/02/2015,Clasico
4968,2,4,10,24,27,13/02/2015,Clasico
4969,2,6,13,21,24,14/02/2015,Clasico
4970,1,8,22,23,24,15/02/2015,Clasico
4971,2,8,15,22,24,16/02/2015,Clasico
4972,1,7,13,14,27,17/02/2015,Clasico
4973,10,12,24,27,28,18/02/2015,Clasico
4974,5,6,14,17,24,19/02/2015,Clasico
4975,2,8,17,20,27,20/02/2015,Clasico
4976,1,2,10,24,25,21/02/2015,Clasico
4977,5,10,19,21,23,22/02/2015,Clasico
4978,4,16,18,22,27,23/02/2015,Clasico
4979,4,5,11,20,25,24/02/2015,Clasico
4980,15,20,23,25,26,25/02/2015,Clasico
4981,5,14,23,25,28,26/02/2015,Clasico
4982,3,4,6,15,23,27/02/2015,Clasico
4983,1,9,15,17,22,28/02/2015,Clasico
4984,11,15,17,21,25,01/03/2015,Clasico
4985,4,5,17,24,27,02/03/2015,Clasico
4986,3,9,12,14,18,03/03/2015,Clasico
4987,2,6,9,10,14,04/03/2015,Clasico
4988,2,13,17,21,22,05/03/2015,Clasico
4989,4,10,15,16,17,06/03/2015,Clasico
4990,2,4,16,25,28,07/03/2015,Clasico
4991,4,5,9,10,24,08/03/2015,Clasico
4992,9,12,14,22,26,09/03/2015,Clasico
4993,1,14,16,22,28,10/03/2015,Clasico
4994,8,11,19,24,28,11/03/2015,Clasico
4995,1,20,22,26,28,12/03/2015,Clasico
4996,1,10,14,20,26,13/03/2015,Clasico
4997,11,17,20,21,25,14/03/2015,Clasico
4998,6,13,20,21,22,15/03/2015,Clasico
4999,2,16,20,26,28,16/03/2015,Clasico
5000,2,3,5,8,17,17/03/2015,Clasico
5001,4,6,14,18,23,18/03/2015,Clasico
5002,2,3,14,17,27,19/03/2015,Clasico
5003,4,7,10,19,20,20/03/2015,Clasico
5004,10,14,18,19,24,21/03/2015,Clasico
5005,3,17,19,20,22,22/03/2015,Clasico
5006,12,13,14,23,26,23/03/2015,Clasico
5007,14,15,17,21,23,24/03/2015,Clasico
5008,2,3,13,14,24,25/03/2015,Clasico
5009,4,5,6,11,20,26/03/2015,Clasico
5010,6,15,20,25,28,27/03/2015,Clasico
5011,1,4,10,19,28,28/03/2015,Clasico
5012,9,11,15,16,18,29/03/2015,Clasico
5013,8,21,25,26,28,30/03/2015,Clasico
5014,7,8,15,23,24,31/03/2015,Clasico
5015,8,15,18,24,28,01/04/2015,Clasico
5016,6,10,12,15,19,02/04/2015,Clasico
5017,8,15,17,22,23,03/04/2015,Clasico
5018,9,11,14,20,27,04/04/2015,Clasico
5019,1,2,9,17,20,05/04/2015,Clasico
5020,4,9,10,17,20,06/04/2015,Clasico
5021,3,12,18,24,28,07/04/2015,Clasico
5022,2,8,10,11,15,08/04/2015,Clasico
5023,5,12,15,22,27,09/04/2015,Clasico
5024,3,6,8,11,23,10/04/2015,Clasico
5025,1,2,7,24,26,11/04/2015,Clasico
5026,19,21,24,25,27,12/04/2015,Clasico
5027,5,14,19,21,22,13/04/2015,Clasico
5028,1,6,10,13,28,14/04/2015,Clasico
5029,7,12,13,21,24,15/04/2015,Clasico
5030,6,13,16,19,22,16/04/2015,Clasico
5031,4,5,7,21,26,17/04/2015,Clasico
5032,5,6,14,27,28,18/04/2015,Clasico
5033,2,3,11,16,27,19/04/2015,Clasico
5034,4,5,8,10,13,20/04/2015,Clasico
5035,3,16,19,21,24,21/04/2015,Clasico
5036,2,3,4,11,24,22/04/2015,Clasico
5037,1,9,12,20,21,23/04/2015,Clasico
5038,5,6,11,23,26,24/04/2015,Clasico
5039,4,9,11,13,19,25/04/2015,Clasico
5040,2,7,9,24,25,26/04/2015,Clasico
5041,2,3,5,10,23,27/04/2015,Clasico
5042,4,5,7,11,13,28/04/2015,Clasico
5043,9,18,22,24,27,29/04/2015,Clasico
5044,2,7,8,10,14,30/04/2015,Clasico
5045,5,6,7,12,24,01/05/2015,Clasico
5046,3,6,12,16,27,02/05/2015,Clasico
5047,2,12,15,17,22,03/05/2015,Clasico
5048,3,11,15,20,21,04/05/2015,Clasico
5049,5,6,19,24,26,05/05/2015,Clasico
5050,1,4,21,23,25,06/05/2015,Clasico
5051,6,17,19,22,23,07/05/2015,Clasico
5052,4,7,11,22,27,08/05/2015,Clasico
5053,8,14,18,19,28,09/05/2015,Clasico
5054,11,13,18,21,23,10/05/2015,Clasico
5055,1,5,14,15,17,11/05/2015,Clasico
5056,8,9,19,22,26,12/05/2015,Clasico
5057,4,6,12,16,22,13/05/2015,Clasico
5058,4,9,11,21,26,14/05/2015,Clasico
5059,6,17,21,24,27,15/05/2015,Clasico
5060,10,13,14,18,23,16/05/2015,Clasico
5061,10,14,22,25,28,17/05/2015,Clasico
5062,11,12,16,24,25,18/05/2015,Clasico
5063,12,14,18,19,24,19/05/2015,Clasico
5064,3,7,11,13,27,20/05/2015,Clasico
5065,7,11,18,25,26,21/05/2015,Clasico
5066,5,14,20,22,28,22/05/2015,Clasico
5067,7,8,12,15,22,23/05/2015,Clasico
5068,7,9,10,21,27,24/05/2015,Clasico
5069,7,12,17,26,28,25/05/2015,Clasico
5070,1,3,8,25,27,26/05/2015,Clasico
5071,4,8,10,12,18,27/05/2015,Clasico
5072,11,14,16,24,26,28/05/2015,Clasico
5073,1,5,11,20,26,29/05/2015,Clasico
5074,1,16,17,23,27,30/05/2015,Clasico
5075,1,11,22,25,27,31/05/2015,Clasico
5076,10,15,16,18,26,01/06/2015,Clasico
5077,12,18,19,23,26,02/06/2015,Clasico
5078,1,10,15,17,26,03/06/2015,Clasico
5079,1,13,18,21,24,04/06/2015,Clasico
5080,3,12,14,20,28,05/06/2015,Clasico
5081,1,7,18,22,24,06/06/2015,Clasico
5082,5,9,15,18,22,07/06/2015,Clasico
5083,6,8,9,21,27,08/06/2015,Clasico
5084,12,14,17,21,23,09/06/2015,Clasico
5085,2,14,21,26,27,10/06/2015,Clasico
5086,8,11,22,23,28,11/06/2015,Clasico
5087,6,11,14,16,24,12/06/2015,Clasico
5088,1,10,14,19,23,13/06/2015,Clasico
5089,15,17,18,26,27,14/06/2015,Clasico
5090,5,14,16,24,27,15/06/2015,Clasico
5091,4,16,20,23,27,16/06/2015,Clasico
5092,4,5,8,12,21,17/06/2015,Clasico
5093,8,11,16,20,27,18/06/2015,Clasico
5094,1,6,8,19,24,19/06/2015,Clasico
5095,5,12,14,26,28,20/06/2015,Clasico
5096,7,8,12,23,25,21/06/2015,Clasico
5097,7,15,19,20,27,22/06/2015,Clasico
5098,4,12,15,18,25,23/06/2015,Clasico
5099,2,10,14,18,23,24/06/2015,Clasico
5100,2,7,15,17,25,25/06/2015,Clasico
5101,8,9,17,21,25,26/06/2015,Clasico
5102,8,10,17,19,21,27/06/2015,Clasico
5103,10,18,20,25,27,28/06/2015,Clasico
5104,4,11,14,26,28,29/06/2015,Clasico
5105,7,9,11,16,28,30/06/2015,Clasico
5106,7,14,24,26,27,01/07/2015,Clasico
5107,7,11,15,16,24,02/07/2015,Clasico
5108,1,8,9,13,20,03/07/2015,Clasico
5109,7,15,24,25,26,04/07/2015,Clasico
5110,3,5,7,11,27,05/07/2015,Clasico
5111,1,9,16,24,26,06/07/2015,Clasico
5112,3,5,15,18,19,07/07/2015,Clasico
5113,8,17,22,23,25,08/07/2015,Clasico
5114,1,4,10,12,18,09/07/2015,Clasico
5115,11,15,20,21,23,10/07/2015,Clasico
5116,1,8,21,26,27,11/07/2015,Clasico
5117,1,5,10,22,28,12/07/2015,Clasico
5118,2,11,12,20,21,13/07/2015,Clasico
5119,10,12,21,22,26,14/07/2015,Clasico
5120,2,4,5,6,21,15/07/2015,Clasico
5121,11,15,21,22,26,16/07/2015,Clasico
5122,8,9,18,19,27,17/07/2015,Clasico
5123,3,5,7,14,15,18/07/2015,Clasico
5124,11,12,20,24,26,19/07/2015,Clasico
5125,2,10,13,16,18,20/07/2015,Clasico
5126,11,17,18,22,23,21/07/2015,Clasico
5127,6,8,9,23,26,22/07/2015,Clasico
5128,13,14,15,19,28,23/07/2015,Clasico
5129,2,6,16,19,20,24/07/2015,Clasico
5130,5,12,16,19,22,25/07/2015,Clasico
5131,2,4,6,24,27,26/07/2015,Clasico
5132,5,13,16,19,21,27/07/2015,Clasico
5133,11,12,16,24,27,28/07/2015,Clasico
5134,1,9,10,21,27,29/07/2015,Clasico
5135,5,10,13,18,20,30/07/2015,Clasico
5136,3,15,19,23,26,31/07/2015,Clasico
5137,18,19,20,23,27,01/08/2015,Clasico
5138,3,9,12,20,24,02/08/2015,Clasico
5139,5,9,11,15,18,03/08/2015,Clasico
5140,2,4,7,15,19,04/08/2015,Clasico
5141,7,17,19,20,26,05/08/2015,Clasico
5142,1,6,12,21,25,06/08/2015,Clasico
5143,11,16,19,20,23,07/08/2015,Clasico
5144,4,5,15,25,26,08/08/2015,Clasico
5145,8,14,18,22,27,09/08/2015,Clasico
5146,10,12,15,22,28,10/08/2015,Clasico
5147,3,19,21,25,28,11/08/2015,Clasico
5148,5,8,13,19,21,12/08/2015,Clasico
5149,3,15,19,24,26,13/08/2015,Clasico
5150,3,6,16,21,26,14/08/2015,Clasico
5151,8,14,15,18,21,15/08/2015,Clasico
5152,1,3,11,21,23,16/08/2015,Clasico
5153,2,8,17,21,28,17/08/2015,Clasico
5154,1,14,17,24,28,18/08/2015,Clasico
5155,1,4,7,12,21,19/08/2015,Clasico
5156,3,6,16,17,27,20/08/2015,Clasico
5157,7,12,18,19,23,21/08/2015,Clasico
5158,2,10,11,20,22,22/08/2015,Clasico
5159,1,7,22,23,25,23/08/2015,Clasico
5160,7,12,22,25,28,24/08/2015,Clasico
5161,3,4,11,20,28,25/08/2015,Clasico
5162,7,8,14,16,18,26/08/2015,Clasico
5163,1,10,13,16,25,27/08/2015,Clasico
5164,7,14,18,26,27,28/08/2015,Clasico
5165,5,10,13,23,26,29/08/2015,Clasico
5166,4,7,16,24,25,30/08/2015,Clasico
5167,5,13,14,21,28,31/08/2015,Clasico
5168,4,6,11,15,18,01/09/2015,Clasico
5169,12,16,18,21,25,02/09/2015,Clasico
5170,1,4,9,11,24,03/09/2015,Clasico
5171,4,7,14,21,25,04/09/2015,Clasico
5172,6,10,14,19,22,05/09/2015,Clasico
5173,11,18,19,22,23,06/09/2015,Clasico
5174,14,16,17,24,27,07/09/2015,Clasico
5175,2,8,16,18,22,08/09/2015,Clasico
5176,6,8,9,27,28,09/09/2015,Clasico
5177,1,4,10,15,20,10/09/2015,Clasico
5178,4,12,18,20,26,11/09/2015,Clasico
5179,3,4,5,8,17,12/09/2015,Clasico
5180,1,2,6,7,26,13/09/2015,Clasico
5181,4,7,8,16,26,14/09/2015,Clasico
5182,10,12,17,19,23,15/09/2015,Clasico
5183,2,6,23,26,28,16/09/2015,Clasico
5184,3,10,21,25,28,17/09/2015,Clasico
5185,1,2,16,20,24,18/09/2015,Clasico
5186,3,4,11,22,28,19/09/2015,Clasico
5187,4,8,10,16,17,20/09/2015,Clasico
5188,9,13,16,17,25,21/09/2015,Clasico
5189,9,10,11,14,18,22/09/2015,Clasico
5190,7,9,10,15,25,23/09/2015,Clasico
5191,1,4,19,21,27,24/09/2015,Clasico
5192,4,5,10,23,27,25/09/2015,Clasico
5193,3,10,15,17,27,26/09/2015,Clasico
5194,5,10,14,20,24,27/09/2015,Clasico
5195,9,12,13,18,23,28/09/2015,Clasico
5196,6,8,9,10,22,29/09/2015,Clasico
5197,4,7,11,17,27,30/09/2015,Clasico
5198,1,8,14,21,25,01/10/2015,Clasico
5199,2,7,13,21,27,02/10/2015,Clasico
5200,11,12,13,22,28,03/10/2015,Clasico
5201,4,16,22,23,26,04/10/2015,Clasico
5202,8,12,17,21,26,05/10/2015,Clasico
5203,5,9,17,23,27,06/10/2015,Clasico
5204,5,8,12,16,19,07/10/2015,Clasico
5205,2,10,11,13,15,08/10/2015,Clasico
5206,11,12,17,20,23,09/10/2015,Clasico
5207,1,2,6,21,28,10/10/2015,Clasico
5208,3,9,12,20,21,11/10/2015,Clasico
5209,1,6,11,27,28,12/10/2015,Clasico
5210,8,11,20,21,26,13/10/2015,Clasico
5211,2,4,8,13,20,14/10/2015,Clasico
5212,2,8,16,19,21,15/10/2015,Clasico
5213,2,4,10,18,27,16/10/2015,Clasico
5214,1,7,10,12,23,17/10/2015,Clasico
5215,1,5,8,14,15,18/10/2015,Clasico
5216,16,17,24,26,27,19/10/2015,Clasico
5217,7,8,20,21,27,20/10/2015,Clasico
5218,6,7,13,14,24,21/10/2015,Clasico
5219,5,11,17,21,26,22/10/2015,Clasico
5220,2,6,7,9,17,23/10/2015,Clasico
5221,14,20,25,26,27,24/10/2015,Clasico
5222,4,5,13,18,20,25/10/2015,Clasico
5223,7,8,14,16,28,26/10/2015,Clasico
5224,5,6,19,21,28,27/10/2015,Clasico
5225,9,12,13,14,25,28/10/2015,Clasico
5226,19,22,24,25,28,29/10/2015,Clasico
5227,5,8,9,10,20,30/10/2015,Clasico
5228,1,5,8,17,20,31/10/2015,Clasico
5229,1,9,18,24,25,01/11/2015,Clasico
5230,2,13,19,24,28,02/11/2015,Clasico
5231,3,11,12,15,23,03/11/2015,Clasico
5232,1,3,4,17,28,04/11/2015,Clasico
5233,9,15,20,22,28,05/11/2015,Clasico
5234,1,11,12,22,24,06/11/2015,Clasico
5235,2,11,20,24,28,07/11/2015,Clasico
5236,4,11,17,21,24,08/11/2015,Clasico
5237,5,20,21,26,27,09/11/2015,Clasico
5238,1,5,21,23,25,10/11/2015,Clasico
5239,1,12,17,20,27,11/11/2015,Clasico
5240,6,8,10,14,19,12/11/2015,Clasico
5241,6,16,20,21,24,13/11/2015,Clasico
5242,9,14,18,19,22,14/11/2015,Clasico
5243,5,13,18,20,23,15/11/2015,Clasico
5244,1,10,13,14,17,16/11/2015,Clasico
5245,6,13,16,18,19,17/11/2015,Clasico
5246,5,12,16,18,24,18/11/2015,Clasico
5247,6,10,11,21,23,19/11/2015,Clasico
5248,7,8,14,20,21,20/11/2015,Clasico
5249,4,6,7,20,27,21/11/2015,Clasico
5250,5,6,15,16,19,22/11/2015,Clasico
5251,1,6,10,15,28,23/11/2015,Clasico
5252,4,6,11,24,27,24/11/2015,Clasico
5253,1,2,3,4,17,25/11/2015,Clasico
5254,6,16,19,22,23,26/11/2015,Clasico
5255,5,7,13,20,27,27/11/2015,Clasico
5256,7,14,20,24,28,28/11/2015,Clasico
5257,2,13,18,23,25,29/11/2015,Clasico
5258,8,12,15,23,25,30/11/2015,Clasico
5259,1,7,10,13,27,01/12/2015,Clasico
5260,4,8,11,19,25,02/12/2015,Clasico
5261,3,4,10,13,17,03/12/2015,Clasico
5262,13,21,22,23,28,04/12/2015,Clasico
5263,11,12,23,25,26,05/12/2015,Clasico
5264,1,13,14,23,26,06/12/2015,Clasico
5265,1,2,3,5,22,07/12/2015,Clasico
5266,3,8,17,25,26,08/12/2015,Clasico
5267,1,2,11,19,27,09/12/2015,Clasico
5268,3,5,24,25,28,10/12/2015,Clasico
5269,6,8,11,20,21,11/12/2015,Clasico
5270,5,12,15,20,27,12/12/2015,Clasico
5271,6,12,23,26,28,13/12/2015,Clasico
5272,4,11,12,17,25,14/12/2015,Clasico
5273,2,4,8,9,15,15/12/2015,Clasico
5274,10,20,25,27,28,16/12/2015,Clasico
5275,7,8,12,14,28,17/12/2015,Clasico
5276,1,6,11,15,19,18/12/2015,Clasico
5277,1,5,14,16,20,19/12/2015,Clasico
5278,8,15,19,20,23,20/12/2015,Clasico
5279,1,4,7,9,20,21/12/2015,Clasico
5280,9,11,17,20,24,22/12/2015,Clasico
5281,12,13,14,25,28,23/12/2015,Clasico
5282,6,12,17,23,24,24/12/2015,Clasico
5283,12,24,25,26,27,25/12/2015,Clasico
5284,7,12,14,19,28,26/12/2015,Clasico
5285,15,16,20,21,23,27/12/2015,Clasico
5286,2,18,23,26,28,28/12/2015,Clasico
5287,2,5,9,13,22,29/12/2015,Clasico
5288,2,7,13,24,26,30/12/2015,Clasico
5289,2,11,14,18,22,31/12/2015,Clasico
5290,8,13,15,22,24,01/01/2016,Clasico
5291,4,5,9,10,20,02/01/2016,Clasico
5292,5,9,15,25,28,03/01/2016,Clasico
5293,12,19,23,24,25,04/01/2016,Clasico
5294,1,9,17,24,26,05/01/2016,Clasico
5295,2,11,13,17,26,06/01/2016,Clasico
5296,2,15,16,17,22,07/01/2016,Clasico
5297,2,6,8,12,25,08/01/2016,Clasico
5298,3,12,13,26,27,09/01/2016,Clasico
5299,3,6,14,18,22,10/01/2016,Clasico
5300,4,10,11,15,23,11/01/2016,Clasico
5301,4,17,21,24,27,12/01/2016,Clasico
5302,1,4,6,14,15,13/01/2016,Clasico
5303,1,3,6,10,24,14/01/2016,Clasico
5304,9,13,21,23,27,15/01/2016,Clasico
5305,8,9,11,23,28,16/01/2016,Clasico
5306,6,7,8,9,25,17/01/2016,Clasico
5307,15,16,19,21,24,18/01/2016,Clasico
5308,17,18,24,25,26,19/01/2016,Clasico
5309,1,4,5,12,28,20/01/2016,Clasico
5310,4,14,18,21,27,21/01/2016,Clasico
5311,5,8,11,21,25,22/01/2016,Clasico
5312,5,8,17,18,24,23/01/2016,Clasico
5313,4,13,14,15,28,24/01/2016,Clasico
5314,5,6,10,12,19,25/01/2016,Clasico
5315,10,11,12,14,21,26/01/2016,Clasico
5316,2,4,12,18,20,27/01/2016,Clasico
5317,2,6,9,20,25,28/01/2016,Clasico
5318,2,8,9,13,20,29/01/2016,Clasico
5319,4,8,17,25,27,30/01/2016,Clasico
5320,4,5,8,15,17,31/01/2016,Clasico
5321,8,12,19,22,25,01/02/2016,Clasico
5322,8,11,16,24,26,02/02/2016,Clasico
5323,9,16,17,21,23,03/02/2016,Clasico
5324,1,6,8,20,21,04/02/2016,Clasico
5325,8,9,10,13,21,05/02/2016,Clasico
5326,2,11,16,19,23,06/02/2016,Clasico
5327,5,8,17,18,25,07/02/2016,Clasico
5328,4,6,7,16,22,08/02/2016,Clasico
5329,13,21,24,27,28,09/02/2016,Clasico
5330,4,10,11,14,17,10/02/2016,Clasico
5331,1,9,19,21,22,11/02/2016,Clasico
5332,3,12,16,17,18,12/02/2016,Clasico
5333,6,8,18,24,28,13/02/2016,Clasico
5334,2,3,13,16,26,14/02/2016,Clasico
5335,10,14,17,18,27,15/02/2016,Clasico
5336,3,9,11,16,19,16/02/2016,Clasico
5337,3,7,9,16,23,17/02/2016,Clasico
5338,9,12,14,21,24,18/02/2016,Clasico
5339,4,16,18,25,28,19/02/2016,Clasico
5340,5,20,25,26,27,20/02/2016,Clasico
5341,4,13,21,23,25,21/02/2016,Clasico
5342,2,5,11,21,23,22/02/2016,Clasico
5343,5,9,10,17,23,23/02/2016,Clasico
5344,1,6,9,22,25,24/02/2016,Clasico
5345,13,15,16,20,24,25/02/2016,Clasico
5346,1,2,9,16,22,26/02/2016,Clasico
5347,2,4,17,22,28,27/02/2016,Clasico
5348,1,7,8,9,19,28/02/2016,Clasico
5349,4,16,20,23,28,29/02/2016,Clasico
5350,5,10,14,23,25,01/03/2016,Clasico
5351,5,8,19,22,25,02/03/2016,Clasico
5352,3,10,15,19,21,03/03/2016,Clasico
5353,1,2,12,13,21,04/03/2016,Clasico
5354,7,16,23,26,27,05/03/2016,Clasico
5355,8,14,18,20,25,06/03/2016,Clasico
5356,3,8,10,17,23,07/03/2016,Clasico
5357,7,8,9,12,20,08/03/2016,Clasico
5358,2,10,20,21,24,09/03/2016,Clasico
5359,3,5,11,21,25,10/03/2016,Clasico
5360,2,3,13,15,28,11/03/2016,Clasico
5361,4,5,19,26,27,12/03/2016,Clasico
5362,3,5,9,16,23,13/03/2016,Clasico
5363,5,9,15,16,17,14/03/2016,Clasico
5364,7,8,13,18,22,15/03/2016,Clasico
5365,1,11,12,15,24,16/03/2016,Clasico
5366,7,8,12,20,25,17/03/2016,Clasico
5367,7,17,21,23,28,18/03/2016,Clasico
5368,4,6,7,10,13,19/03/2016,Clasico
5369,9,10,14,21,28,20/03/2016,Clasico
5370,2,5,10,19,23,21/03/2016,Clasico
5371,1,2,9,13,15,22/03/2016,Clasico
5372,1,7,21,26,27,23/03/2016,Clasico
5373,3,4,12,13,14,24/03/2016,Clasico
5374,9,13,17,21,25,25/03/2016,Clasico
5375,4,11,12,17,23,26/03/2016,Clasico
5376,10,11,20,24,28,27/03/2016,Clasico
5377,3,7,15,16,26,28/03/2016,Clasico
5378,2,10,11,19,25,29/03/2016,Clasico
5379,1,5,6,9,24,30/03/2016,Clasico
5380,6,9,10,26,28,31/03/2016,Clasico
5381,1,14,16,21,26,01/04/2016,Clasico
5382,3,19,24,25,27,02/04/2016,Clasico
5383,4,22,23,25,26,03/04/2016,Clasico
5384,2,10,11,17,20,04/04/2016,Clasico
5385,2,4,9,14,24,05/04/2016,Clasico
5386,7,12,13,19,28,06/04/2016,Clasico
5387,12,13,16,22,24,07/04/2016,Clasico
5388,2,3,4,22,24,08/04/2016,Clasico
5389,1,2,8,24,27,09/04/2016,Clasico
5390,9,17,20,24,26,10/04/2016,Clasico
5391,3,6,13,26,28,11/04/2016,Clasico
5392,3,7,19,21,27,12/04/2016,Clasico
5393,7,21,23,25,26,13/04/2016,Clasico
5394,7,11,12,19,28,14/04/2016,Clasico
5395,13,14,16,18,25,15/04/2016,Clasico
5396,2,3,12,18,21,16/04/2016,Clasico
5397,1,9,12,13,18,17/04/2016,Clasico
5398,6,12,15,21,22,18/04/2016,Clasico
5399,7,12,13,15,16,19/04/2016,Clasico
5400,1,3,8,11,16,20/04/2016,Clasico
5401,4,14,16,18,21,21/04/2016,Clasico
5402,5,7,15,16,28,22/04/2016,Clasico
5403,6,10,11,12,24,23/04/2016,Clasico
5404,9,11,13,16,27,24/04/2016,Clasico
5405,1,2,9,16,25,25/04/2016,Clasico
5406,10,13,16,25,28,26/04/2016,Clasico
5407,7,11,14,17,27,27/04/2016,Clasico
5408,3,14,16,22,25,28/04/2016,Clasico
5409,9,10,21,25,28,29/04/2016,Clasico
5410,1,4,13,17,19,30/04/2016,Clasico
5411,1,8,9,15,20,01/05/2016,Clasico
5412,5,8,24,25,26,02/05/2016,Clasico
5413,6,10,13,19,25,03/05/2016,Clasico
5414,3,10,16,20,27,04/05/2016,Clasico
5415,4,16,20,23,28,05/05/2016,Clasico
5416,6,9,12,15,19,06/05/2016,Clasico
5417,3,11,22,26,27,07/05/2016,Clasico
5418,5,6,16,21,22,08/05/2016,Clasico
5419,3,7,8,16,19,09/05/2016,Clasico
5420,6,8,11,13,26,10/05/2016,Clasico
5421,2,14,19,27,28,11/05/2016,Clasico
5422,3,17,19,20,25,12/05/2016,Clasico
5423,2,12,14,19,23,13/05/2016,Clasico
5424,3,10,19,23,27,14/05/2016,Clasico
5425,3,10,17,19,22,15/05/2016,Clasico
5426,2,14,15,17,26,16/05/2016,Clasico
5427,6,10,11,19,27,17/05/2016,Clasico
5428,4,9,18,21,27,18/05/2016,Clasico
5429,5,7,12,13,21,19/05/2016,Clasico
5430,2,5,17,18,21,20/05/2016,Clasico
5431,1,13,16,20,26,21/05/2016,Clasico
5432,4,9,11,13,23,22/05/2016,Clasico
5433,11,13,16,18,26,23/05/2016,Clasico
5434,14,16,21,27,28,24/05/2016,Clasico
5435,1,5,6,17,21,25/05/2016,Clasico
5436,13,18,24,25,26,26/05/2016,Clasico
5437,2,5,9,17,23,27/05/2016,Clasico
5438,1,4,5,6,24,28/05/2016,Clasico
5439,7,8,10,15,21,29/05/2016,Clasico
5440,4,14,21,23,26,30/05/2016,Clasico
5441,10,11,14,17,20,31/05/2016,Clasico
5442,1,11,16,20,26,01/06/2016,Clasico
5443,1,8,10,14,28,02/06/2016,Clasico
5444,1,3,7,9,15,03/06/2016,Clasico
5445,4,6,7,15,18,04/06/2016,Clasico
5446,8,21,23,24,26,05/06/2016,Clasico
5447,8,16,19,24,28,06/06/2016,Clasico
5448,7,8,12,15,26,07/06/2016,Clasico
5449,1,6,7,12,26,08/06/2016,Clasico
5450,3,9,19,23,28,09/06/2016,Clasico
5451,1,4,6,12,18,10/06/2016,Clasico
5452,2,11,17,21,26,11/06/2016,Clasico
5453,6,9,13,17,23,12/06/2016,Clasico
5454,5,12,14,17,28,13/06/2016,Clasico
5455,1,2,11,14,18,14/06/2016,Clasico
5456,4,8,9,10,17,15/06/2016,Clasico
5457,3,10,11,19,25,16/06/2016,Clasico
5458,10,13,14,16,21,17/06/2016,Clasico
5459,1,3,13,14,26,18/06/2016,Clasico
5460,2,9,16,25,28,19/06/2016,Clasico
5461,1,4,5,13,25,20/06/2016,Clasico
5462,2,8,20,22,26,21/06/2016,Clasico
5463,5,12,20,23,28,22/06/2016,Clasico
5464,7,14,16,18,28,23/06/2016,Clasico
5465,11,14,22,24,26,24/06/2016,Clasico
5466,18,22,23,26,27,25/06/2016,Clasico
5467,1,6,21,23,27,26/06/2016,Clasico
5468,4,8,11,20,27,27/06/2016,Clasico
5469,14,15,22,23,25,28/06/2016,Clasico
5470,4,11,12,23,26,29/06/2016,Clasico
5471,1,14,15,18,26,30/06/2016,Clasico
5472,2,11,19,20,23,01/07/2016,Clasico
5473,1,4,6,16,19,02/07/2016,Clasico
5474,1,2,6,12,18,03/07/2016,Clasico
5475,4,11,19,23,28,04/07/2016,Clasico
5476,10,12,15,19,26,05/07/2016,Clasico
5477,8,17,19,22,24,06/07/2016,Clasico
5478,1,4,11,23,27,07/07/2016,Clasico
5479,7,17,22,23,24,08/07/2016,Clasico
5480,3,6,19,20,26,09/07/2016,Clasico
5481,3,5,12,19,21,10/07/2016,Clasico
5482,2,8,24,26,27,11/07/2016,Clasico
5483,6,12,16,21,25,12/07/2016,Clasico
5484,1,11,17,21,24,13/07/2016,Clasico
5485,10,14,18,20,27,14/07/2016,Clasico
5486,12,13,21,22,26,15/07/2016,Clasico
5487,3,11,19,20,23,16/07/2016,Clasico
5488,4,6,8,9,20,17/07/2016,Clasico
5489,6,12,13,17,19,18/07/2016,Clasico
5490,2,6,7,13,25,19/07/2016,Clasico
5491,1,3,4,10,23,20/07/2016,Clasico
5492,6,17,21,25,27,21/07/2016,Clasico
5493,1,2,15,27,28,22/07/2016,Clasico
5494,6,11,13,16,20,23/07/2016,Clasico
5495,1,12,17,18,19,24/07/2016,Clasico
5496,3,4,8,22,26,25/07/2016,Clasico
5497,6,7,10,17,18,26/07/2016,Clasico
5498,3,5,8,14,25,27/07/2016,Clasico
5499,9,10,17,22,26,28/07/2016,Clasico
5500,1,8,17,25,27,29/07/2016,Clasico
5501,2,3,5,7,23,30/07/2016,Clasico
5502,20,21,22,24,25,31/07/2016,Clasico
5503,2,7,8,14,15,01/08/2016,Clasico
5504,2,6,7,10,15,02/08/2016,Clasico
5505,8,11,18,20,21,03/08/2016,Clasico
5506,9,12,14,26,28,04/08/2016,Clasico
5507,11,15,19,20,23,05/08/2016,Clasico
5508,6,12,14,23,28,06/08/2016,Clasico
5509,7,10,18,22,26,07/08/2016,Clasico
5510,7,13,20,25,28,08/08/2016,Clasico
5511,5,23,24,27,28,09/08/2016,Clasico
5512,3,5,11,18,22,10/08/2016,Clasico
5513,1,16,19,23,25,11/08/2016,Clasico
5514,13,15,20,22,24,12/08/2016,Clasico
5515,8,12,19,24,28,13/08/2016,Clasico
5516,1,5,9,11,21,14/08/2016,Clasico
5517,1,8,10,13,19,15/08/2016,Clasico
5518,1,9,24,25,26,16/08/2016,Clasico
5519,1,3,6,9,21,17/08/2016,Clasico
5520,1,8,9,14,22,18/08/2016,Clasico
5521,13,17,22,23,28,19/08/2016,Clasico
5522,4,9,15,23,27,20/08/2016,Clasico
5523,5,14,16,20,22,21/08/2016,Clasico
5524,3,7,10,11,23,22/08/2016,Clasico
5525,3,5,17,20,23,23/08/2016,Clasico
5526,11,20,22,23,28,24/08/2016,Clasico
5527,1,4,14,16,18,25/08/2016,Clasico
5528,3,14,17,24,25,26/08/2016,Clasico
5529,6,8,10,20,21,27/08/2016,Clasico
5530,4,6,17,21,22,28/08/2016,Clasico
5531,3,4,17,18,19,29/08/2016,Clasico
5532,7,10,11,13,26,30/08/2016,Clasico
5533,8,11,13,18,19,31/08/2016,Clasico
5534,4,5,8,19,25,01/09/2016,Clasico
5535,1,3,8,23,28,02/09/2016,Clasico
5536,1,8,14,15,21,03/09/2016,Clasico
5537,9,10,14,20,27,04/09/2016,Clasico
5538,2,3,16,18,27,05/09/2016,Clasico
5539,11,18,20,23,26,06/09/2016,Clasico
5540,10,11,14,16,28,07/09/2016,Clasico
5541,2,3,21,26,27,08/09/2016,Clasico
5542,7,9,11,16,22,09/09/2016,Clasico
5543,5,9,11,16,27,10/09/2016,Clasico
5544,5,7,12,22,28,11/09/2016,Clasico
5545,4,6,11,17,20,12/09/2016,Clasico
5546,4,10,20,22,24,13/09/2016,Clasico
5547,6,12,13,16,26,14/09/2016,Clasico
5548,12,20,21,22,25,15/09/2016,Clasico
5549,5,9,12,16,22,16/09/2016,Clasico
5550,5,15,16,20,26,17/09/2016,Clasico
5551,4,11,13,22,24,18/09/2016,Clasico
5552,4,13,14,18,28,19/09/2016,Clasico
5553,10,15,16,19,22,20/09/2016,Clasico
5554,3,5,8,11,23,21/09/2016,Clasico
5555,11,14,19,23,24,22/09/2016,Clasico
5556,2,8,13,17,25,23/09/2016,Clasico
5557,1,2,4,16,19,24/09/2016,Clasico
5558,11,14,16,19,21,25/09/2016,Clasico
5559,1,3,10,18,23,26/09/2016,Clasico
5560,9,14,24,26,27,27/09/2016,Clasico
5561,5,17,20,21,27,28/09/2016,Clasico
5562,1,9,23,27,28,29/09/2016,Clasico
5563,5,10,15,21,24,30/09/2016,Clasico
5564,5,10,19,23,25,01/10/2016,Clasico
5565,10,11,14,24,25,02/10/2016,Clasico
5566,2,11,19,21,23,03/10/2016,Clasico
5567,11,16,17,22,24,04/10/2016,Clasico
5568,7,9,15,18,19,05/10/2016,Clasico
5569,6,10,12,21,24,06/10/2016,Clasico
5570,1,16,19,23,26,07/10/2016,Clasico
5571,2,4,5,11,27,08/10/2016,Clasico
5572,4,9,11,18,22,09/10/2016,Clasico
5573,2,4,9,23,27,10/10/2016,Clasico
5574,1,2,10,19,27,11/10/2016,Clasico
5575,11,14,15,19,20,12/10/2016,Clasico
5576,3,10,13,16,18,13/10/2016,Clasico
5577,2,3,8,13,16,14/10/2016,Clasico
5578,11,17,21,22,28,15/10/2016,Clasico
5579,6,15,17,22,23,16/10/2016,Clasico
5580,5,10,19,21,26,17/10/2016,Clasico
5581,2,5,9,17,25,18/10/2016,Clasico
5582,2,5,10,25,28,19/10/2016,Clasico
5583,1,8,10,15,24,20/10/2016,Clasico
5584,1,3,6,7,10,21/10/2016,Clasico
5585,2,20,22,27,28,22/10/2016,Clasico
5586,7,11,13,15,25,23/10/2016,Clasico
5587,10,15,17,25,28,24/10/2016,Clasico
5588,4,5,11,15,26,25/10/2016,Clasico
5589,3,5,15,16,24,26/10/2016,Clasico
5590,5,8,11,22,25,27/10/2016,Clasico
5591,2,10,22,23,24,28/10/2016,Clasico
5592,10,11,15,16,17,29/10/2016,Clasico
5593,4,6,7,8,9,30/10/2016,Clasico
5594,1,8,10,11,17,31/10/2016,Clasico
5595,11,13,15,27,28,01/11/2016,Clasico
5596,4,5,8,22,24,02/11/2016,Clasico
5597,2,7,8,11,19,03/11/2016,Clasico
5598,8,9,18,19,20,04/11/2016,Clasico
5599,5,8,9,21,22,05/11/2016,Clasico
5600,9,14,16,26,27,06/11/2016,Clasico
5601,2,8,12,23,24,07/11/2016,Clasico
5602,3,4,5,10,26,08/11/2016,Clasico
5603,2,8,12,15,27,09/11/2016,Clasico
5604,8,9,10,14,26,10/11/2016,Clasico
5605,12,20,21,22,27,11/11/2016,Clasico
5606,3,12,19,22,28,12/11/2016,Clasico
5607,9,11,12,19,25,13/11/2016,Clasico
5608,1,8,15,17,21,14/11/2016,Clasico
5609,10,13,17,19,27,15/11/2016,Clasico
5610,11,22,23,24,26,16/11/2016,Clasico
5611,3,5,13,19,28,17/11/2016,Clasico
5612,1,5,8,18,23,18/11/2016,Clasico
5613,3,7,13,19,25,19/11/2016,Clasico
5614,2,9,16,26,28,20/11/2016,Clasico
5615,6,9,16,24,28,21/11/2016,Clasico
5616,4,7,13,21,25,22/11/2016,Clasico
5617,3,17,23,24,27,23/11/2016,Clasico
5618,8,12,15,21,28,24/11/2016,Clasico
5619,7,10,18,22,23,25/11/2016,Clasico
5620,12,15,16,18,22,26/11/2016,Clasico
5621,8,20,21,23,26,27/11/2016,Clasico
5622,7,15,17,21,27,28/11/2016,Clasico
5623,8,11,13,19,22,29/11/2016,Clasico
5624,7,8,15,18,24,30/11/2016,Clasico
5625,1,6,12,16,28,01/12/2016,Clasico
5626,5,6,10,15,16,02/12/2016,Clasico
5627,2,3,10,14,20,03/12/2016,Clasico
5628,8,9,19,23,25,04/12/2016,Clasico
5629,13,14,18,19,20,05/12/2016,Clasico
5630,6,14,21,24,28,06/12/2016,Clasico
5631,1,6,13,23,27,07/12/2016,Clasico
5632,17,19,21,22,23,08/12/2016,Clasico
5633,1,10,21,22,24,09/12/2016,Clasico
5634,2,7,16,21,25,10/12/2016,Clasico
5635,3,4,7,24,26,11/12/2016,Clasico
5636,8,10,24,27,28,12/12/2016,Clasico
5637,1,4,14,25,26,13/12/2016,Clasico
5638,10,12,19,23,25,14/12/2016,Clasico
5639,5,12,16,17,20,15/12/2016,Clasico
5640,6,13,19,23,26,16/12/2016,Clasico
5641,4,9,10,12,21,17/12/2016,Clasico
5642,1,8,14,22,26,18/12/2016,Clasico
5643,15,17,22,23,25,19/12/2016,Clasico
5644,8,11,16,17,25,20/12/2016,Clasico
5645,5,6,8,12,25,21/12/2016,Clasico
5646,2,7,15,24,27,22/12/2016,Clasico
5647,1,7,8,11,14,23/12/2016,Clasico
5648,1,5,13,15,28,24/12/2016,Clasico
5649,1,3,6,7,11,25/12/2016,Clasico
5650,2,11,19,23,28,26/12/2016,Clasico
5651,11,13,17,18,20,27/12/2016,Clasico
5652,3,9,10,12,17,28/12/2016,Clasico
5653,2,3,6,7,26,29/12/2016,Clasico
5654,1,8,16,25,27,30/12/2016,Clasico
5655,4,23,25,27,28,31/12/2016,Clasico
5656,1,7,16,22,28,01/01/2017,Clasico
5657,6,11,19,20,21,02/01/2017,Clasico
5658,8,17,21,27,28,03/01/2017,Clasico
5659,4,5,14,25,28,04/01/2017,Clasico
5660,4,8,10,14,21,05/01/2017,Clasico
5661,6,12,20,24,27,06/01/2017,Clasico
5662,1,14,18,22,26,07/01/2017,Clasico
5663,12,13,15,21,26,08/01/2017,Clasico
5664,8,12,20,22,27,09/01/2017,Clasico
5665,1,10,20,25,27,10/01/2017,Clasico
5666,5,6,22,23,25,11/01/2017,Clasico
5667,2,3,14,18,20,12/01/2017,Clasico
5668,2,6,9,17,21,13/01/2017,Clasico
5669,20,22,24,27,28,14/01/2017,Clasico
5670,9,15,16,17,28,15/01/2017,Clasico
5671,8,17,19,22,24,16/01/2017,Clasico
5672,2,18,20,21,22,17/01/2017,Clasico
5673,12,17,21,25,26,18/01/2017,Clasico
5674,1,3,4,5,7,19/01/2017,Clasico
5675,2,7,14,16,19,20/01/2017,Clasico
5676,9,14,15,18,20,21/01/2017,Clasico
5677,2,4,7,17,25,22/01/2017,Clasico
5678,2,13,23,24,28,23/01/2017,Clasico
5679,5,6,10,16,19,24/01/2017,Clasico
5680,5,6,9,18,28,25/01/2017,Clasico
5681,2,14,21,22,24,26/01/2017,Clasico
5682,3,4,16,22,25,27/01/2017,Clasico
5683,2,13,15,25,27,28/01/2017,Clasico
5684,5,21,23,24,25,29/01/2017,Clasico
5685,11,14,25,26,28,30/01/2017,Clasico
5686,2,8,11,15,16,31/01/2017,Clasico
5687,10,14,17,18,21,01/02/2017,Clasico
5688,13,17,18,20,23,02/02/2017,Clasico
5689,3,4,16,19,25,03/02/2017,Clasico
5690,9,10,12,16,20,04/02/2017,Clasico
5691,5,10,14,16,18,05/02/2017,Clasico
5692,3,11,15,20,27,06/02/2017,Clasico
5693,3,4,8,16,27,07/02/2017,Clasico
5694,6,14,17,22,23,08/02/2017,Clasico
5695,1,10,18,22,25,09/02/2017,Clasico
5696,3,8,11,14,23,10/02/2017,Clasico
5697,4,7,10,20,24,11/02/2017,Clasico
5698,3,9,18,24,27,12/02/2017,Clasico
5699,5,10,22,24,26,13/02/2017,Clasico
5700,3,4,13,18,21,14/02/2017,Clasico
5701,1,7,9,21,27,15/02/2017,Clasico
5702,4,6,7,18,20,16/02/2017,Clasico
5703,2,4,6,11,13,17/02/2017,Clasico
5704,10,11,20,23,27,18/02/2017,Clasico
5705,8,9,15,17,24,19/02/2017,Clasico
5706,1,9,18,19,28,20/02/2017,Clasico
5707,2,15,16,20,25,21/02/2017,Clasico
5708,4,7,14,19,22,22/02/2017,Clasico
5709,5,10,15,23,28,23/02/2017,Clasico
5710,1,17,18,23,28,24/02/2017,Clasico
5711,5,8,13,19,20,25/02/2017,Clasico
5712,14,19,20,22,24,26/02/2017,Clasico
5713,1,7,14,17,28,27/02/2017,Clasico
5714,5,12,13,19,27,28/02/2017,Clasico
5715,1,2,16,21,24,01/03/2017,Clasico
5716,11,14,16,18,22,02/03/2017,Clasico
5717,10,19,24,25,28,03/03/2017,Clasico
5718,2,10,20,25,27,04/03/2017,Clasico
5719,1,7,10,19,28,05/03/2017,Clasico
5720,3,6,14,24,28,06/03/2017,Clasico
5721,7,10,13,26,27,07/03/2017,Clasico
5722,3,4,9,16,28,08/03/2017,Clasico
5723,5,8,12,24,27,09/03/2017,Clasico
5724,5,7,13,17,20,10/03/2017,Clasico
5725,1,3,12,19,24,11/03/2017,Clasico
5726,5,8,9,20,26,12/03/2017,Clasico
5727,5,6,7,21,26,13/03/2017,Clasico
5728,2,4,7,9,12,14/03/2017,Clasico
5729,7,9,16,22,23,15/03/2017,Clasico
5730,7,11,15,22,23,16/03/2017,Clasico
5731,10,16,18,19,26,17/03/2017,Clasico
5732,6,15,19,21,25,18/03/2017,Clasico
5733,3,12,14,15,28,19/03/2017,Clasico
5734,2,4,9,20,27,20/03/2017,Clasico
5735,3,4,20,21,27,21/03/2017,Clasico
5736,8,14,26,27,28,22/03/2017,Clasico
5737,5,21,22,25,27,23/03/2017,Clasico
5738,5,7,15,19,27,24/03/2017,Clasico
5739,7,14,17,21,27,25/03/2017,Clasico
5740,6,16,21,22,28,26/03/2017,Clasico
5741,10,16,17,21,25,27/03/2017,Clasico
5742,3,6,15,22,23,28/03/2017,Clasico
5743,5,10,15,17,26,29/03/2017,Clasico
5744,1,5,10,12,23,30/03/2017,Clasico
5745,2,5,13,15,23,31/03/2017,Clasico
5746,4,15,16,23,26,01/04/2017,Clasico
5747,5,8,17,22,28,02/04/2017,Clasico
5748,2,8,11,22,28,03/04/2017,Clasico
5749,1,2,12,13,15,04/04/2017,Clasico
5750,5,8,12,21,27,05/04/2017,Clasico
5751,3,6,7,22,28,06/04/2017,Clasico
5752,2,8,12,22,28,07/04/2017,Clasico
5753,7,12,16,20,26,08/04/2017,Clasico
5754,6,16,21,22,23,09/04/2017,Clasico
5755,1,4,11,17,20,10/04/2017,Clasico
5756,5,9,11,12,14,11/04/2017,Clasico
5757,2,15,17,18,20,12/04/2017,Clasico
5758,2,7,17,21,27,13/04/2017,Clasico
5759,8,14,19,20,24,14/04/2017,Clasico
5760,1,8,18,23,28,15/04/2017,Clasico
5761,6,16,18,20,28,16/04/2017,Clasico
5762,8,12,23,26,28,17/04/2017,Clasico
5763,1,14,21,24,25,18/04/2017,Clasico
5764,6,9,12,20,26,19/04/2017,Clasico
5765,5,10,12,13,17,20/04/2017,Clasico
5766,8,9,16,20,25,21/04/2017,Clasico
5767,10,18,23,25,28,22/04/2017,Clasico
5768,6,7,15,17,20,23/04/2017,Clasico
5769,8,16,22,26,27,24/04/2017,Clasico
5770,15,16,21,25,28,25/04/2017,Clasico
5771,5,9,15,25,27,26/04/2017,Clasico
5772,2,7,10,20,28,27/04/2017,Clasico
5773,1,6,10,12,26,28/04/2017,Clasico
5774,1,16,20,22,23,29/04/2017,Clasico
5775,7,11,12,16,17,30/04/2017,Clasico
5776,2,4,10,19,24,01/05/2017,Clasico
5777,3,4,9,14,26,02/05/2017,Clasico
5778,2,4,12,16,22,03/05/2017,Clasico
5779,6,17,22,23,26,04/05/2017,Clasico
5780,5,10,11,13,25,05/05/2017,Clasico
5781,7,16,20,22,27,06/05/2017,Clasico
5782,6,9,20,21,25,07/05/2017,Clasico
5783,1,7,9,25,26,08/05/2017,Clasico
5784,7,8,19,24,26,09/05/2017,Clasico
5785,3,5,22,24,25,10/05/2017,Clasico
5786,9,11,19,20,28,11/05/2017,Clasico
5787,4,9,11,19,24,12/05/2017,Clasico
5788,2,6,16,25,27,13/05/2017,Clasico
5789,10,13,17,18,24,14/05/2017,Clasico
5790,12,20,21,24,26,15/05/2017,Clasico
5791,4,7,16,18,25,16/05/2017,Clasico
5792,3,5,8,9,21,17/05/2017,Clasico
5793,1,4,9,14,21,18/05/2017,Clasico
5794,2,7,14,17,26,19/05/2017,Clasico
5795,2,7,10,13,16,20/05/2017,Clasico
5796,2,17,21,23,25,21/05/2017,Clasico
5797,2,5,19,22,28,22/05/2017,Clasico
5798,10,18,19,20,22,23/05/2017,Clasico
5799,4,8,10,17,21,24/05/2017,Clasico
5800,1,7,16,26,27,25/05/2017,Clasico
5801,10,16,19,24,26,26/05/2017,Clasico
5802,3,6,7,16,21,27/05/2017,Clasico
5803,2,6,13,15,26,28/05/2017,Clasico
5804,10,11,20,21,23,29/05/2017,Clasico
5805,8,13,14,17,18,30/05/2017,Clasico
5806,4,10,19,23,26,31/05/2017,Clasico
5807,5,12,16,17,20,01/06/2017,Clasico
5808,2,11,16,19,23,02/06/2017,Clasico
5809,1,6,19,21,27,03/06/2017,Clasico
5810,1,7,10,14,22,04/06/2017,Clasico
5811,2,11,18,22,26,05/06/2017,Clasico
5812,12,17,18,19,21,06/06/2017,Clasico
5813,1,6,7,12,28,07/06/2017,Clasico
5814,5,10,14,17,22,08/06/2017,Clasico
5815,9,10,14,15,17,09/06/2017,Clasico
5816,5,6,11,17,18,10/06/2017,Clasico
5817,1,6,7,15,17,11/06/2017,Clasico
5818,1,4,19,23,24,12/06/2017,Clasico
5819,3,8,9,17,20,13/06/2017,Clasico
5820,5,9,12,17,25,14/06/2017,Clasico
5821,2,7,11,23,28,15/06/2017,Clasico
5822,5,6,9,11,24,16/06/2017,Clasico
5823,3,9,13,18,20,17/06/2017,Clasico
5824,6,8,11,13,19,18/06/2017,Clasico
5825,2,5,6,8,21,19/06/2017,Clasico
5826,4,19,20,26,28,20/06/2017,Clasico
5827,2,9,13,23,25,21/06/2017,Clasico
5828,5,8,17,21,27,22/06/2017,Clasico
5829,2,4,5,14,22,23/06/2017,Clasico
5830,3,9,15,18,19,24/06/2017,Clasico
5831,5,16,17,18,22,25/06/2017,Clasico
5832,6,10,16,19,21,26/06/2017,Clasico
5833,9,13,18,20,28,27/06/2017,Clasico
5834,1,8,19,22,27,28/06/2017,Clasico
5835,2,16,21,23,26,29/06/2017,Clasico
5836,3,6,8,16,20,30/06/2017,Clasico
5837,9,12,14,19,26,01/07/2017,Clasico
5838,3,8,10,18,23,02/07/2017,Clasico
5839,8,9,10,20,22,03/07/2017,Clasico
5840,4,5,7,14,27,04/07/2017,Clasico
5841,5,8,14,16,23,05/07/2017,Clasico
5842,4,10,17,25,26,06/07/2017,Clasico
5843,2,6,8,10,26,07/07/2017,Clasico
5844,4,10,11,20,21,08/07/2017,Clasico
5845,8,9,15,19,23,09/07/2017,Clasico
5846,8,19,21,24,26,10/07/2017,Clasico
5847,2,10,12,14,22,11/07/2017,Clasico
5848,5,6,7,21,27,12/07/2017,Clasico
5849,7,9,11,27,28,13/07/2017,Clasico
5850,4,5,12,24,28,14/07/2017,Clasico
5851,3,5,14,16,24,15/07/2017,Clasico
5852,1,3,15,20,24,16/07/2017,Clasico
5853,13,17,22,26,28,17/07/2017,Clasico
5854,2,9,16,17,19,18/07/2017,Clasico
5855,2,8,16,18,25,19/07/2017,Clasico
5856,1,2,10,20,24,20/07/2017,Clasico
5857,1,10,17,24,28,21/07/2017,Clasico
5858,10,12,15,17,28,22/07/2017,Clasico
5859,9,10,16,23,27,23/07/2017,Clasico
5860,3,8,9,17,25,24/07/2017,Clasico
5861,3,10,23,26,27,25/07/2017,Clasico
5862,6,18,22,23,27,26/07/2017,Clasico
5863,9,13,14,20,23,27/07/2017,Clasico
5864,6,8,15,23,26,28/07/2017,Clasico
5865,2,3,6,18,19,29/07/2017,Clasico
5866,4,7,12,16,27,30/07/2017,Clasico
5867,2,4,7,15,17,31/07/2017,Clasico
5868,10,18,19,22,26,01/08/2017,Clasico
5869,11,12,13,16,18,02/08/2017,Clasico
5870,2,9,18,22,25,03/08/2017,Clasico
5871,5,7,8,23,27,04/08/2017,Clasico
5872,2,8,10,14,28,05/08/2017,Clasico
5873,5,12,13,15,18,06/08/2017,Clasico
5874,4,5,15,16,20,07/08/2017,Clasico
5875,5,8,23,26,28,08/08/2017,Clasico
5876,3,9,21,27,28,09/08/2017,Clasico
5877,3,6,12,21,28,10/08/2017,Clasico
5878,3,5,14,20,23,11/08/2017,Clasico
5879,2,6,7,12,24,12/08/2017,Clasico
5880,5,11,12,21,24,13/08/2017,Clasico
5881,3,11,17,19,23,14/08/2017,Clasico
5882,7,14,16,18,24,15/08/2017,Clasico
5883,3,10,12,15,22,16/08/2017,Clasico
5884,5,8,14,16,22,17/08/2017,Clasico
5885,2,4,7,14,26,18/08/2017,Clasico
5886,3,9,15,19,21,19/08/2017,Clasico
5887,5,9,10,26,27,20/08/2017,Clasico
5888,4,5,10,16,28,21/08/2017,Clasico
5889,3,6,12,21,26,22/08/2017,Clasico
5890,3,5,13,18,20,23/08/2017,Clasico
5891,10,15,19,21,24,24/08/2017,Clasico
5892,2,5,8,10,28,25/08/2017,Clasico
5893,3,8,16,23,24,26/08/2017,Clasico
5894,4,8,10,23,27,27/08/2017,Clasico
5895,3,13,23,26,28,28/08/2017,Clasico
5896,5,11,13,20,27,29/08/2017,Clasico
5897,6,10,16,18,22,30/08/2017,Clasico
5898,3,5,8,15,24,31/08/2017,Clasico
5899,4,9,18,19,22,01/09/2017,Clasico
5900,1,8,10,20,25,02/09/2017,Clasico
5901,1,12,13,19,22,03/09/2017,Clasico
5902,9,17,18,19,20,04/09/2017,Clasico
5903,6,8,10,20,27,05/09/2017,Clasico
5904,4,13,14,19,21,06/09/2017,Clasico
5905,2,17,24,25,27,07/09/2017,Clasico
5906,6,15,17,25,27,08/09/2017,Clasico
5907,1,3,6,23,26,09/09/2017,Clasico
5908,5,11,14,25,28,10/09/2017,Clasico
5909,3,10,17,20,22,11/09/2017,Clasico
5910,5,9,19,22,23,12/09/2017,Clasico
5911,3,5,13,16,26,13/09/2017,Clasico
5912,5,8,13,15,25,14/09/2017,Clasico
5913,5,9,10,22,27,15/09/2017,Clasico
5914,10,14,16,17,18,16/09/2017,Clasico
5915,7,13,17,19,27,17/09/2017,Clasico
5916,1,5,21,22,28,18/09/2017,Clasico
5917,3,17,23,25,27,19/09/2017,Clasico
5918,4,6,7,15,25,20/09/2017,Clasico
5919,1,5,14,18,28,21/09/2017,Clasico
5920,2,6,15,21,27,22/09/2017,Clasico
5921,4,7,21,25,27,23/09/2017,Clasico
5922,3,5,8,21,23,24/09/2017,Clasico
5923,17,19,25,27,28,25/09/2017,Clasico
5924,2,7,20,22,25,25/09/2017,Clasico
5925,14,18,24,26,28,26/09/2017,Clasico
5926,1,3,4,11,18,26/09/2017,Clasico
5927,2,4,11,17,19,27/09/2017,Clasico
5928,7,10,11,18,27,27/09/2017,Clasico
5929,1,4,6,8,12,28/09/2017,Clasico
5930,5,13,16,20,24,28/09/2017,Clasico
5931,5,15,16,24,28,29/09/2017,Clasico
5932,4,17,19,20,24,29/09/2017,Clasico
5933,8,9,17,23,27,30/09/2017,Clasico
5934,4,8,12,13,21,30/09/2017,Clasico
5935,5,8,9,13,20,01/10/2017,Clasico
5936,3,5,9,15,26,01/10/2017,Clasico
5937,2,5,6,16,19,02/10/2017,Clasico
5938,1,15,16,17,28,02/10/2017,Clasico
5939,5,10,12,14,17,03/10/2017,Clasico
5940,4,8,15,17,20,03/10/2017,Clasico
5941,2,5,8,11,28,04/10/2017,Clasico
5942,12,14,18,23,26,04/10/2017,Clasico
5943,1,14,22,24,27,05/10/2017,Clasico
5944,3,4,20,22,25,05/10/2017,Clasico
5945,8,10,12,16,26,06/10/2017,Clasico
5946,10,13,17,21,25,06/10/2017,Clasico
5947,7,8,10,22,23,07/10/2017,Clasico
5948,2,4,20,23,26,07/10/2017,Clasico
5949,1,11,13,16,25,08/10/2017,Clasico
5950,7,13,15,17,20,08/10/2017,Clasico
5951,7,11,15,27,28,09/10/2017,Clasico
5952,4,6,8,13,25,09/10/2017,Clasico
5953,3,20,21,23,27,10/10/2017,Clasico
5954,2,6,21,22,27,10/10/2017,Clasico
5955,9,10,14,16,25,11/10/2017,Clasico
5956,9,11,15,17,27,11/10/2017,Clasico
5957,14,17,19,24,27,12/10/2017,Clasico
5958,2,8,12,23,24,12/10/2017,Clasico
5959,1,5,13,21,24,13/10/2017,Clasico
5960,8,12,17,19,25,13/10/2017,Clasico
5961,2,10,13,14,17,14/10/2017,Clasico
5962,1,3,4,19,28,14/10/2017,Clasico
5963,2,14,19,23,25,15/10/2017,Clasico
5964,4,12,15,22,23,15/10/2017,Clasico
5965,1,9,15,16,20,16/10/2017,Clasico
5966,1,14,17,18,19,16/10/2017,Clasico
5967,10,14,15,25,28,17/10/2017,Clasico
5968,1,4,17,23,24,17/10/2017,Clasico
5969,1,7,12,13,27,18/10/2017,Clasico
5970,8,15,16,27,28,18/10/2017,Clasico
5971,1,16,19,21,26,19/10/2017,Clasico
5972,9,16,20,21,25,19/10/2017,Clasico
5973,2,6,10,17,19,20/10/2017,Clasico
5974,11,14,18,21,25,20/10/2017,Clasico
5975,4,10,11,12,25,21/10/2017,Clasico
5976,8,10,11,18,28,21/10/2017,Clasico
5977,3,8,10,19,21,22/10/2017,Clasico
5978,7,12,18,22,28,22/10/2017,Clasico
5979,3,4,11,15,24,23/10/2017,Clasico
5980,7,12,13,14,28,23/10/2017,Clasico
5981,2,13,15,22,23,24/10/2017,Clasico
5982,2,8,10,11,15,24/10/2017,Clasico
5983,3,11,12,21,23,25/10/2017,Clasico
5984,6,8,19,22,24,25/10/2017,Clasico
5985,3,5,20,25,27,26/10/2017,Clasico
5986,9,13,14,18,23,26/10/2017,Clasico
5987,10,20,22,23,27,27/10/2017,Clasico
5988,2,8,18,19,25,27/10/2017,Clasico
5989,9,16,21,24,28,28/10/2017,Clasico
5990,8,13,17,19,26,28/10/2017,Clasico
5991,5,8,12,14,25,29/10/2017,Clasico
5992,6,9,19,21,28,29/10/2017,Clasico
5993,3,9,10,12,27,30/10/2017,Clasico
5994,9,14,17,21,24,30/10/2017,Clasico
5995,9,11,15,22,24,31/10/2017,Clasico
5996,5,13,18,23,26,31/10/2017,Clasico
5997,2,3,10,15,26,01/11/2017,Clasico
5998,1,3,11,14,18,01/11/2017,Clasico
5999,2,3,4,6,27,02/11/2017,Clasico
6000,1,3,20,24,26,02/11/2017,Clasico
6001,2,8,13,20,22,03/11/2017,Clasico
6002,4,5,13,27,28,03/11/2017,Clasico
6003,3,13,25,26,28,04/11/2017,Clasico
6004,5,11,13,23,25,04/11/2017,Clasico
6005,6,9,14,15,28,05/11/2017,Clasico
6006,5,18,21,23,24,05/11/2017,Clasico
6007,9,12,13,26,27,06/11/2017,Clasico
6008,6,11,18,26,27,06/11/2017,Clasico
6009,7,8,12,24,27,07/11/2017,Clasico
6010,3,4,7,9,18,07/11/2017,Clasico
6011,8,13,18,19,21,08/11/2017,Clasico
6012,5,7,9,21,27,08/11/2017,Clasico
6013,7,18,22,26,27,09/11/2017,Clasico
6014,15,21,23,24,28,09/11/2017,Clasico
6015,4,7,8,18,27,10/11/2017,Clasico
6016,1,12,21,23,25,10/11/2017,Clasico
6017,2,13,14,24,28,11/11/2017,Clasico
6018,4,5,8,12,18,11/11/2017,Clasico
6019,1,8,13,20,23,12/11/2017,Clasico
6020,12,14,19,21,27,12/11/2017,Clasico
6021,12,15,16,25,28,13/11/2017,Clasico
6022,4,11,15,21,27,13/11/2017,Clasico
6023,2,11,13,19,22,14/11/2017,Clasico
6024,2,7,8,11,20,14/11/2017,Clasico
6025,13,18,21,24,27,15/11/2017,Clasico
6026,5,7,17,21,25,15/11/2017,Clasico
6027,11,12,26,27,28,16/11/2017,Clasico
6028,3,5,11,12,19,16/11/2017,Clasico
6029,6,8,10,11,24,17/11/2017,Clasico
6030,5,10,11,13,27,17/11/2017,Clasico
6031,6,20,23,25,27,18/11/2017,Clasico
6032,5,15,16,24,28,18/11/2017,Clasico
6033,1,5,13,23,25,19/11/2017,Clasico
6034,17,18,24,26,28,19/11/2017,Clasico
6035,9,13,16,17,22,20/11/2017,Clasico
6036,6,7,14,15,18,20/11/2017,Clasico
6037,5,12,13,14,28,21/11/2017,Clasico
6038,8,10,15,20,23,21/11/2017,Clasico
6039,16,19,21,23,27,22/11/2017,Clasico
6040,3,6,14,17,21,22/11/2017,Clasico
6041,13,20,22,26,27,23/11/2017,Clasico
6042,5,7,14,18,24,23/11/2017,Clasico
6043,1,20,21,22,25,24/11/2017,Clasico
6044,6,10,11,22,25,24/11/2017,Clasico
6045,1,13,17,18,26,25/11/2017,Clasico
6046,4,8,9,16,26,25/11/2017,Clasico
6047,7,10,13,14,18,26/11/2017,Clasico
6048,2,3,13,19,24,26/11/2017,Clasico
6049,4,8,10,12,27,27/11/2017,Clasico
6050,2,3,4,15,27,27/11/2017,Clasico
6051,1,10,21,22,28,28/11/2017,Clasico
6052,1,4,14,21,23,28/11/2017,Clasico
6053,1,3,6,8,23,29/11/2017,Clasico
6054,4,12,13,14,20,29/11/2017,Clasico
6055,6,10,13,19,20,30/11/2017,Clasico
6056,4,10,11,20,27,30/11/2017,Clasico
6057,6,14,18,20,25,01/12/2017,Clasico
6058,4,9,10,18,19,01/12/2017,Clasico
6059,4,14,18,24,25,02/12/2017,Clasico
6060,11,15,19,22,27,02/12/2017,Clasico
6061,8,10,11,14,16,03/12/2017,Clasico
6062,2,7,10,13,20,03/12/2017,Clasico
6063,3,6,7,20,28,04/12/2017,Clasico
6064,1,7,12,13,17,04/12/2017,Clasico
6065,3,4,12,20,23,05/12/2017,Clasico
6066,1,2,7,18,22,05/12/2017,Clasico
6067,1,6,11,17,19,06/12/2017,Clasico
6068,3,8,13,17,19,06/12/2017,Clasico
6069,1,5,19,20,24,07/12/2017,Clasico
6070,8,14,16,25,26,07/12/2017,Clasico
6071,4,11,22,24,25,08/12/2017,Clasico
6072,1,3,6,23,26,08/12/2017,Clasico
6073,9,17,18,22,26,09/12/2017,Clasico
6074,5,10,12,15,16,09/12/2017,Clasico
6075,6,11,14,19,28,10/12/2017,Clasico
6076,7,12,13,27,28,10/12/2017,Clasico
6077,16,20,22,25,28,11/12/2017,Clasico
6078,2,5,8,14,16,11/12/2017,Clasico
6079,6,10,24,25,28,12/12/2017,Clasico
6080,2,4,6,19,21,12/12/2017,Clasico
6081,3,9,14,17,26,13/12/2017,Clasico
6082,4,8,12,15,20,13/12/2017,Clasico
6083,6,11,21,22,28,14/12/2017,Clasico
6084,2,7,8,9,27,14/12/2017,Clasico
6085,2,7,13,17,18,15/12/2017,Clasico
6086,2,3,6,15,27,15/12/2017,Clasico
6087,2,16,24,27,28,16/12/2017,Clasico
6088,14,15,22,23,28,16/12/2017,Clasico
6089,9,10,15,23,26,17/12/2017,Clasico
6090,4,10,13,15,22,17/12/2017,Clasico
6091,1,10,12,18,27,18/12/2017,Clasico
6092,8,11,13,18,28,18/12/2017,Clasico
6093,1,5,17,19,22,19/12/2017,Clasico
6094,2,6,10,18,28,19/12/2017,Clasico
6095,2,6,11,27,28,20/12/2017,Clasico
6096,12,14,19,23,27,20/12/2017,Clasico
6097,5,6,9,21,23,21/12/2017,Clasico
6098,2,13,14,17,28,21/12/2017,Clasico
6099,2,22,25,26,28,22/12/2017,Clasico
6100,3,5,6,7,14,22/12/2017,Clasico
6101,3,12,18,21,25,23/12/2017,Clasico
6102,2,5,9,24,27,23/12/2017,Clasico
6103,10,13,15,16,24,24/12/2017,Clasico
6104,4,5,7,14,25,24/12/2017,Clasico
6105,6,13,24,25,28,25/12/2017,Clasico
6106,11,12,15,24,26,25/12/2017,Clasico
6107,3,6,20,25,28,26/12/2017,Clasico
6108,1,4,13,15,28,26/12/2017,Clasico
6109,2,13,17,21,22,27/12/2017,Clasico
6110,1,3,4,17,27,27/12/2017,Clasico
6111,11,12,13,19,27,28/12/2017,Clasico
6112,1,6,8,13,26,28/12/2017,Clasico
6113,2,3,7,10,19,29/12/2017,Clasico
6114,2,20,21,26,28,29/12/2017,Clasico
6115,6,10,16,17,25,30/12/2017,Clasico
6116,5,12,13,23,26,30/12/2017,Clasico
6117,4,9,12,16,23,31/12/2017,Clasico
6118,6,9,23,24,26,31/12/2017,Clasico
6119,2,9,14,15,19,01/01/2018,Clasico
6120,7,12,15,19,25,01/01/2018,Clasico
6121,2,4,10,16,24,02/01/2018,Clasico
6122,9,17,20,27,28,02/01/2018,Clasico
6123,5,10,18,20,28,03/01/2018,Clasico
6124,4,11,16,25,27,03/01/2018,Clasico
6125,1,4,12,14,15,04/01/2018,Clasico
6126,2,5,17,24,26,04/01/2018,Clasico
6127,1,20,22,23,27,05/01/2018,Clasico
6128,3,11,20,24,28,05/01/2018,Clasico
6129,1,6,7,13,17,06/01/2018,Clasico
6130,6,8,9,26,28,06/01/2018,Clasico
6131,5,9,20,24,26,07/01/2018,Clasico
6132,1,3,14,18,21,07/01/2018,Clasico
6133,8,16,17,26,27,08/01/2018,Clasico
6134,3,11,13,18,21,08/01/2018,Clasico
6135,2,5,7,9,28,09/01/2018,Clasico
6136,4,12,13,21,26,09/01/2018,Clasico
6137,13,20,25,26,27,10/01/2018,Clasico
6138,3,7,11,21,27,10/01/2018,Clasico
6139,5,8,14,27,28,11/01/2018,Clasico
6140,6,15,17,22,24,11/01/2018,Clasico
6141,8,19,21,24,25,12/01/2018,Clasico
6142,3,7,12,15,23,12/01/2018,Clasico
6143,8,11,18,21,25,13/01/2018,Clasico
6144,3,10,12,25,27,13/01/2018,Clasico
6145,2,14,16,17,24,14/01/2018,Clasico
6146,9,19,21,25,26,14/01/2018,Clasico
6147,11,14,15,17,21,15/01/2018,Clasico
6148,3,4,7,25,27,15/01/2018,Clasico
6149,4,6,9,12,15,16/01/2018,Clasico
6150,7,10,11,19,27,16/01/2018,Clasico
6151,5,6,12,15,21,17/01/2018,Clasico
6152,3,19,22,26,27,17/01/2018,Clasico
6153,5,11,12,23,25,18/01/2018,Clasico
6154,2,14,18,25,27,18/01/2018,Clasico
6155,10,17,18,20,21,19/01/2018,Clasico
6156,7,9,16,19,28,19/01/2018,Clasico
6157,4,6,14,21,27,20/01/2018,Clasico
6158,1,8,14,21,23,20/01/2018,Clasico
6159,6,7,9,18,27,21/01/2018,Clasico
6160,4,14,16,19,21,21/01/2018,Clasico
6161,12,21,22,24,26,22/01/2018,Clasico
6162,3,5,7,12,21,22/01/2018,Clasico
6163,3,8,9,17,22,23/01/2018,Clasico
6164,2,5,9,15,17,23/01/2018,Clasico
6165,5,15,19,20,27,24/01/2018,Clasico
6166,3,10,22,26,27,24/01/2018,Clasico
6167,7,14,20,22,28,25/01/2018,Clasico
6168,11,15,21,24,26,25/01/2018,Clasico
6169,1,5,13,14,15,26/01/2018,Clasico
6170,5,18,26,27,28,26/01/2018,Clasico
6171,4,5,11,24,27,27/01/2018,Clasico
6172,9,10,15,20,26,27/01/2018,Clasico
6173,2,7,10,19,25,28/01/2018,Clasico
6174,6,9,11,20,27,28/01/2018,Clasico
6175,8,10,12,20,27,29/01/2018,Clasico
6176,18,22,24,26,28,29/01/2018,Clasico
6177,15,19,21,26,27,30/01/2018,Clasico
6178,1,8,14,17,20,30/01/2018,Clasico
6179,10,12,18,19,25,31/01/2018,Clasico
6180,6,8,9,13,24,31/01/2018,Clasico
6181,13,14,17,18,19,01/02/2018,Clasico
6182,2,3,5,8,22,01/02/2018,Clasico
6183,10,14,15,22,27,02/02/2018,Clasico
6184,3,17,21,23,24,02/02/2018,Clasico
6185,3,16,20,24,27,03/02/2018,Clasico
6186,8,10,13,15,17,03/02/2018,Clasico
6187,18,22,23,26,27,04/02/2018,Clasico
6188,6,10,14,21,24,04/02/2018,Clasico
6189,3,7,11,19,23,05/02/2018,Clasico
6190,10,13,14,20,23,05/02/2018,Clasico
6191,9,13,16,26,27,06/02/2018,Clasico
6192,6,11,13,18,25,06/02/2018,Clasico
6193,4,6,8,16,19,07/02/2018,Clasico
6194,4,17,22,25,28,07/02/2018,Clasico
6195,8,12,14,18,23,08/02/2018,Clasico
6196,4,5,7,13,20,08/02/2018,Clasico
6197,1,4,13,14,18,09/02/2018,Clasico
6198,7,18,20,24,27,09/02/2018,Clasico
6199,3,10,12,15,28,10/02/2018,Clasico
6200,3,14,15,18,22,10/02/2018,Clasico
6201,1,8,9,24,25,11/02/2018,Clasico
6202,13,15,22,24,25,11/02/2018,Clasico
6203,11,15,19,24,28,12/02/2018,Clasico
6204,3,7,11,23,26,12/02/2018,Clasico
6205,4,15,17,21,27,13/02/2018,Clasico
6206,4,15,25,26,27,13/02/2018,Clasico
6207,13,18,24,25,28,14/02/2018,Clasico
6208,2,15,22,25,26,14/02/2018,Clasico
6209,2,10,12,23,27,15/02/2018,Clasico
6210,3,7,9,12,20,15/02/2018,Clasico
6211,10,12,13,23,24,16/02/2018,Clasico
6212,8,21,24,25,27,16/02/2018,Clasico
6213,5,7,10,17,21,17/02/2018,Clasico
6214,6,11,13,16,26,17/02/2018,Clasico
6215,8,10,13,19,22,18/02/2018,Clasico
6216,2,6,7,19,21,18/02/2018,Clasico
6217,7,11,15,17,19,19/02/2018,Clasico
6218,2,4,6,13,28,19/02/2018,Clasico
6219,3,6,8,12,19,20/02/2018,Clasico
6220,3,4,5,9,11,20/02/2018,Clasico
6221,3,5,12,13,28,21/02/2018,Clasico
6222,3,11,14,18,23,21/02/2018,Clasico
6223,6,12,18,20,26,22/02/2018,Clasico
6224,2,9,11,23,27,22/02/2018,Clasico
6225,2,4,8,9,26,23/02/2018,Clasico
6226,1,7,17,18,21,23/02/2018,Clasico
6227,8,14,15,17,27,24/02/2018,Clasico
6228,2,7,10,12,28,24/02/2018,Clasico
6229,1,11,16,20,28,25/02/2018,Clasico
6230,7,9,12,15,18,25/02/2018,Clasico
6231,6,11,13,20,26,26/02/2018,Clasico
6232,4,13,17,24,25,26/02/2018,Clasico
6233,4,8,10,11,12,27/02/2018,Clasico
6234,2,5,12,23,27,27/02/2018,Clasico
6235,5,14,24,26,27,28/02/2018,Clasico
6236,7,9,12,25,27,28/02/2018,Clasico
6237,4,15,20,26,28,01/03/2018,Clasico
6238,1,9,16,23,24,01/03/2018,Clasico
6239,3,11,13,22,27,02/03/2018,Clasico
6240,18,19,23,25,26,02/03/2018,Clasico
6241,12,14,19,22,24,03/03/2018,Clasico
6242,8,11,19,23,27,03/03/2018,Clasico
6243,7,12,15,20,23,04/03/2018,Clasico
6244,4,10,13,17,23,04/03/2018,Clasico
6245,11,14,17,27,28,05/03/2018,Clasico
6246,9,10,12,21,26,05/03/2018,Clasico
6247,1,6,18,20,28,06/03/2018,Clasico
6248,5,6,21,22,25,06/03/2018,Clasico
6249,2,7,10,17,27,07/03/2018,Clasico
6250,3,10,14,17,24,07/03/2018,Clasico
6251,8,16,22,23,24,08/03/2018,Clasico
6252,8,22,24,26,28,08/03/2018,Clasico
6253,9,11,15,23,24,09/03/2018,Clasico
6254,4,12,14,21,28,09/03/2018,Clasico
6255,7,12,14,15,25,10/03/2018,Clasico
6256,9,12,15,22,25,10/03/2018,Clasico
6257,5,8,10,15,28,11/03/2018,Clasico
6258,1,10,11,15,17,11/03/2018,Clasico
6259,11,19,22,23,25,12/03/2018,Clasico
6260,4,8,13,23,27,12/03/2018,Clasico
6261,2,4,6,16,21,13/03/2018,Clasico
6262,3,4,7,12,28,13/03/2018,Clasico
6263,2,7,8,15,16,14/03/2018,Clasico
6264,1,2,3,5,14,14/03/2018,Clasico
6265,6,7,19,23,28,15/03/2018,Clasico
6266,1,15,19,21,22,15/03/2018,Clasico
6267,3,4,5,8,28,16/03/2018,Clasico
6268,2,5,11,19,27,16/03/2018,Clasico
6269,5,13,17,18,24,17/03/2018,Clasico
6270,5,10,14,21,22,17/03/2018,Clasico
6271,3,5,12,13,24,18/03/2018,Clasico
6272,1,4,12,14,19,18/03/2018,Clasico
6273,5,6,11,15,16,19/03/2018,Clasico
6274,7,10,11,13,19,19/03/2018,Clasico
6275,3,7,17,20,25,20/03/2018,Clasico
6276,3,5,15,18,21,20/03/2018,Clasico
6277,5,7,17,24,25,21/03/2018,Clasico
6278,2,8,22,23,24,21/03/2018,Clasico
6279,1,10,20,23,25,22/03/2018,Clasico
6280,9,10,17,24,27,22/03/2018,Clasico
6281,3,15,17,24,27,23/03/2018,Clasico
6282,3,4,9,15,23,23/03/2018,Clasico
6283,9,12,17,18,24,24/03/2018,Clasico
6284,10,18,21,23,27,24/03/2018,Clasico
6285,3,8,10,26,27,25/03/2018,Clasico
6286,3,7,9,11,19,25/03/2018,Clasico
6287,5,11,16,25,28,26/03/2018,Clasico
6288,4,6,16,18,23,26/03/2018,Clasico
6289,1,2,16,20,28,27/03/2018,Clasico
6290,1,15,19,24,26,27/03/2018,Clasico
6291,1,6,14,19,26,28/03/2018,Clasico
6292,10,18,20,21,22,28/03/2018,Clasico
6293,8,11,16,19,24,29/03/2018,Clasico
6294,2,6,9,16,22,29/03/2018,Clasico
6295,1,13,19,22,25,30/03/2018,Clasico
6296,6,8,18,21,27,30/03/2018,Clasico
6297,5,9,12,14,15,31/03/2018,Clasico
6298,2,5,10,12,23,31/03/2018,Clasico
6299,4,6,10,17,23,01/04/2018,Clasico
6300,5,7,8,12,24,01/04/2018,Clasico
6301,1,8,14,26,27,02/04/2018,Clasico
6302,7,11,18,22,24,02/04/2018,Clasico
6303,3,4,8,12,19,03/04/2018,Clasico
6304,1,2,11,12,22,03/04/2018,Clasico
6305,7,9,10,18,20,04/04/2018,Clasico
6306,12,16,20,23,24,04/04/2018,Clasico
6307,1,14,19,23,25,05/04/2018,Clasico
6308,6,14,15,19,26,05/04/2018,Clasico
6309,3,6,7,22,24,06/04/2018,Clasico
6310,8,12,15,16,19,06/04/2018,Clasico
6311,1,3,16,27,28,07/04/2018,Clasico
6312,1,7,11,16,22,07/04/2018,Clasico
6313,6,12,15,19,26,08/04/2018,Clasico
6314,14,15,16,17,18,08/04/2018,Clasico
6315,7,8,15,16,17,09/04/2018,Clasico
6316,1,20,21,23,24,09/04/2018,Clasico
6317,9,13,15,23,24,10/04/2018,Clasico
6318,1,17,19,26,28,10/04/2018,Clasico
6319,11,12,13,15,18,11/04/2018,Clasico
6320,3,18,20,25,26,11/04/2018,Clasico
6321,1,11,15,21,28,12/04/2018,Clasico
6322,6,9,13,14,24,12/04/2018,Clasico
6323,6,8,11,24,25,13/04/2018,Clasico
6324,1,6,10,25,26,13/04/2018,Clasico
6325,4,7,14,21,23,14/04/2018,Clasico
6326,5,9,17,18,26,14/04/2018,Clasico
6327,2,7,8,11,24,15/04/2018,Clasico
6328,2,14,17,23,28,15/04/2018,Clasico
6329,5,8,15,17,25,16/04/2018,Clasico
6330,4,7,13,17,25,16/04/2018,Clasico
6331,10,21,22,25,28,17/04/2018,Clasico
6332,1,2,4,16,19,17/04/2018,Clasico
6333,9,13,18,21,23,18/04/2018,Clasico
6334,6,14,21,23,26,18/04/2018,Clasico
6335,3,6,20,24,25,19/04/2018,Clasico
6336,3,7,16,17,26,19/04/2018,Clasico
6337,2,5,13,21,28,20/04/2018,Clasico
6338,4,11,25,26,28,20/04/2018,Clasico
6339,5,8,9,21,26,21/04/2018,Clasico
6340,2,13,16,26,27,21/04/2018,Clasico
6341,6,8,24,25,27,22/04/2018,Clasico
6342,6,13,14,19,21,22/04/2018,Clasico
6343,4,12,18,23,26,23/04/2018,Clasico
6344,5,8,13,22,24,23/04/2018,Clasico
6345,3,17,19,25,26,24/04/2018,Clasico
6346,9,11,22,24,25,24/04/2018,Clasico
6347,6,13,14,15,24,25/04/2018,Clasico
6348,1,5,13,24,28,25/04/2018,Clasico
6349,2,4,9,12,26,26/04/2018,Clasico
6350,7,9,16,17,26,26/04/2018,Clasico
6351,1,10,20,23,26,27/04/2018,Clasico
6352,5,12,21,22,26,27/04/2018,Clasico
6353,1,12,14,17,24,28/04/2018,Clasico
6354,7,14,18,24,28,28/04/2018,Clasico
6355,9,14,15,23,24,29/04/2018,Clasico
6356,14,15,16,25,27,29/04/2018,Clasico
6357,3,7,11,23,27,30/04/2018,Clasico
6358,6,10,23,25,28,30/04/2018,Clasico
6359,3,5,6,9,24,01/05/2018,Clasico
6360,2,13,21,24,27,01/05/2018,Clasico
6361,6,15,20,21,24,02/05/2018,Clasico
6362,7,10,13,16,25,02/05/2018,Clasico
6363,15,17,18,20,28,03/05/2018,Clasico
6364,3,5,7,16,26,03/05/2018,Clasico
6365,2,4,8,10,21,04/05/2018,Clasico
6366,5,6,13,16,18,04/05/2018,Clasico
6367,2,3,13,25,26,05/05/2018,Clasico
6368,2,9,14,20,27,05/05/2018,Clasico
6369,3,4,16,19,25,06/05/2018,Clasico
6370,1,13,23,24,25,06/05/2018,Clasico
6371,14,19,21,25,26,07/05/2018,Clasico
6372,1,2,5,17,22,07/05/2018,Clasico
6373,2,9,10,12,15,08/05/2018,Clasico
6374,6,14,18,21,25,08/05/2018,Clasico
6375,6,16,18,25,28,09/05/2018,Clasico
6376,7,10,13,19,24,09/05/2018,Clasico
6377,7,10,13,23,28,10/05/2018,Clasico
6378,11,16,17,22,25,10/05/2018,Clasico
6379,7,8,13,26,27,11/05/2018,Clasico
6380,13,15,23,24,25,11/05/2018,Clasico
6381,8,18,23,24,26,12/05/2018,Clasico
6382,3,9,13,18,28,12/05/2018,Clasico
6383,7,8,13,20,25,13/05/2018,Clasico
6384,5,12,20,21,26,13/05/2018,Clasico
6385,1,3,4,20,26,14/05/2018,Clasico
6386,1,17,24,26,28,14/05/2018,Clasico
6387,3,4,11,17,27,15/05/2018,Clasico
6388,4,8,11,23,26,15/05/2018,Clasico
6389,2,4,21,26,27,16/05/2018,Clasico
6390,6,13,22,25,26,16/05/2018,Clasico
6391,1,14,15,25,28,17/05/2018,Clasico
6392,8,16,19,20,21,17/05/2018,Clasico
6393,1,11,16,25,26,18/05/2018,Clasico
6394,8,14,22,23,28,18/05/2018,Clasico
6395,4,7,14,24,26,19/05/2018,Clasico
6396,11,12,13,18,28,19/05/2018,Clasico
6397,5,6,9,14,17,20/05/2018,Clasico
6398,4,10,16,25,28,20/05/2018,Clasico
6399,3,10,20,22,26,21/05/2018,Clasico
6400,10,12,19,21,22,21/05/2018,Clasico
6401,5,6,7,8,12,22/05/2018,Clasico
6402,1,3,5,8,23,22/05/2018,Clasico
6403,1,3,8,17,21,23/05/2018,Clasico
6404,1,2,19,22,28,23/05/2018,Clasico
6405,1,4,20,22,28,24/05/2018,Clasico
6406,2,6,11,26,28,24/05/2018,Clasico
6407,3,5,9,12,17,25/05/2018,Clasico
6408,9,17,19,22,28,25/05/2018,Clasico
6409,2,4,21,24,27,26/05/2018,Clasico
6410,1,3,7,8,26,26/05/2018,Clasico
6411,8,11,15,22,28,27/05/2018,Clasico
6412,3,4,7,25,27,27/05/2018,Clasico
6413,1,4,11,12,23,28/05/2018,Clasico
6414,2,11,13,14,20,28/05/2018,Clasico
6415,6,13,17,18,19,29/05/2018,Clasico
6416,5,8,14,20,27,29/05/2018,Clasico
6417,1,2,3,6,23,30/05/2018,Clasico
6418,9,16,19,20,28,30/05/2018,Clasico
6419,1,4,12,17,18,31/05/2018,Clasico
6420,1,12,13,20,21,31/05/2018,Clasico
6421,3,14,15,19,27,01/06/2018,Clasico
6422,5,6,7,23,28,01/06/2018,Clasico
6423,11,14,15,19,28,02/06/2018,Clasico
6424,2,3,9,17,28,02/06/2018,Clasico
6425,6,10,20,21,22,03/06/2018,Clasico
6426,2,7,9,17,27,03/06/2018,Clasico
6427,1,17,20,21,22,04/06/2018,Clasico
6428,3,4,8,16,18,04/06/2018,Clasico
6429,9,10,18,26,27,05/06/2018,Clasico
6430,14,16,19,26,27,05/06/2018,Clasico
6431,4,7,17,27,28,06/06/2018,Clasico
6432,3,11,12,18,23,06/06/2018,Clasico
6433,2,8,14,15,18,07/06/2018,Clasico
6434,15,17,20,25,27,07/06/2018,Clasico
6435,8,10,12,16,27,08/06/2018,Clasico
6436,9,10,24,26,28,08/06/2018,Clasico
6437,4,11,14,16,24,09/06/2018,Clasico
6438,5,9,14,19,22,09/06/2018,Clasico
6439,10,13,21,22,26,10/06/2018,Clasico
6440,5,12,18,19,23,10/06/2018,Clasico
6441,5,15,26,27,28,11/06/2018,Clasico
6442,6,13,15,20,25,11/06/2018,Clasico
6443,5,10,13,19,23,12/06/2018,Clasico
6444,3,13,17,24,28,12/06/2018,Clasico
6445,7,8,20,22,23,13/06/2018,Clasico
6446,3,14,20,21,27,13/06/2018,Clasico
6447,9,12,15,16,24,14/06/2018,Clasico
6448,3,7,12,20,23,14/06/2018,Clasico
6449,6,14,23,24,28,15/06/2018,Clasico
6450,4,13,19,21,28,15/06/2018,Clasico
6451,2,10,13,21,23,16/06/2018,Clasico
6452,11,13,16,19,27,16/06/2018,Clasico
6453,5,6,14,19,25,17/06/2018,Clasico
6454,3,10,13,16,28,17/06/2018,Clasico
6455,2,13,25,26,27,18/06/2018,Clasico
6456,10,11,13,21,28,18/06/2018,Clasico
6457,4,9,16,22,25,19/06/2018,Clasico
6458,1,9,16,21,25,19/06/2018,Clasico
6459,7,11,12,18,27,20/06/2018,Clasico
6460,6,7,9,17,22,20/06/2018,Clasico
6461,2,21,22,23,28,21/06/2018,Clasico
6462,6,10,24,26,27,21/06/2018,Clasico
6463,4,10,17,22,23,22/06/2018,Clasico
6464,4,15,19,25,28,22/06/2018,Clasico
6465,1,4,9,15,26,23/06/2018,Clasico
6466,2,8,9,11,27,23/06/2018,Clasico
6467,1,9,15,18,23,24/06/2018,Clasico
6468,7,11,12,17,20,24/06/2018,Clasico
6469,1,2,6,18,27,25/06/2018,Clasico
6470,1,8,11,19,21,25/06/2018,Clasico
6471,11,12,17,18,24,26/06/2018,Clasico
6472,6,7,24,25,28,26/06/2018,Clasico
6473,4,7,13,25,27,27/06/2018,Clasico
6474,8,9,14,24,25,27/06/2018,Clasico
6475,6,14,17,21,27,28/06/2018,Clasico
6476,7,9,10,17,22,28/06/2018,Clasico
6477,5,6,8,12,16,29/06/2018,Clasico
6478,6,11,12,14,21,29/06/2018,Clasico
6479,6,9,12,20,26,30/06/2018,Clasico
6480,15,19,23,25,27,30/06/2018,Clasico
6481,1,5,8,15,20,01/07/2018,Clasico
6482,9,19,21,27,28,01/07/2018,Clasico
6483,4,7,14,21,25,02/07/2018,Clasico
6484,2,6,9,15,22,02/07/2018,Clasico
6485,3,5,9,23,24,03/07/2018,Clasico
6486,1,3,5,22,26,03/07/2018,Clasico
6487,3,14,15,16,21,04/07/2018,Clasico
6488,6,11,12,16,27,04/07/2018,Clasico
6489,9,11,15,17,23,05/07/2018,Clasico
6490,10,11,15,18,21,05/07/2018,Clasico
6491,2,3,11,17,22,06/07/2018,Clasico
6492,3,15,16,27,28,06/07/2018,Clasico
6493,16,18,20,24,28,07/07/2018,Clasico
6494,2,5,12,17,19,07/07/2018,Clasico
6495,1,8,10,17,28,08/07/2018,Clasico
6496,2,7,16,22,28,08/07/2018,Clasico
6497,1,14,19,20,23,09/07/2018,Clasico
6498,11,12,16,20,28,09/07/2018,Clasico
6499,6,15,17,18,24,10/07/2018,Clasico
6500,3,5,7,11,27,10/07/2018,Clasico
6501,5,22,26,27,28,11/07/2018,Clasico
6502,9,12,17,18,21,11/07/2018,Clasico
6503,2,11,15,23,25,12/07/2018,Clasico
6504,11,14,16,17,20,12/07/2018,Clasico
6505,5,6,9,15,19,13/07/2018,Clasico
6506,7,10,19,21,22,13/07/2018,Clasico
6507,8,20,22,23,24,14/07/2018,Clasico
6508,4,7,13,17,27,14/07/2018,Clasico
6509,1,6,7,8,26,15/07/2018,Clasico
6510,1,13,19,21,27,15/07/2018,Clasico
6511,12,14,19,20,28,16/07/2018,Clasico
6512,7,18,19,26,27,16/07/2018,Clasico
6513,7,10,12,19,27,17/07/2018,Clasico
6514,1,13,16,20,24,17/07/2018,Clasico
6515,5,8,12,14,17,18/07/2018,Clasico
6516,2,12,14,16,20,18/07/2018,Clasico
6517,14,16,19,22,26,19/07/2018,Clasico
6518,16,23,25,26,27,19/07/2018,Clasico
6519,1,3,21,23,26,20/07/2018,Clasico
6520,5,11,14,15,25,20/07/2018,Clasico
6521,2,11,18,23,25,21/07/2018,Clasico
6522,8,16,20,23,24,21/07/2018,Clasico
6523,2,12,19,21,28,22/07/2018,Clasico
6524,8,10,21,22,27,22/07/2018,Clasico
6525,4,12,15,18,24,23/07/2018,Clasico
6526,4,5,14,25,26,23/07/2018,Clasico
6527,8,10,19,21,27,24/07/2018,Clasico
6528,6,14,21,22,24,24/07/2018,Clasico
6529,6,14,23,27,28,25/07/2018,Clasico
6530,5,8,9,14,19,25/07/2018,Clasico
6531,1,4,9,15,19,26/07/2018,Clasico
6532,10,11,20,23,26,26/07/2018,Clasico
6533,2,7,10,12,16,27/07/2018,Clasico
6534,2,17,19,21,26,27/07/2018,Clasico
6535,5,8,14,16,20,28/07/2018,Clasico
6536,2,3,6,8,21,28/07/2018,Clasico
6537,5,7,14,19,25,29/07/2018,Clasico
6538,2,13,15,16,20,29/07/2018,Clasico
6539,1,5,9,18,25,30/07/2018,Clasico
6540,13,16,22,25,28,30/07/2018,Clasico
6541,11,12,14,17,28,31/07/2018,Clasico
6542,2,8,11,16,27,31/07/2018,Clasico
6543,6,14,19,21,26,01/08/2018,Clasico
6544,3,6,18,22,24,01/08/2018,Clasico
6545,2,9,18,19,28,02/08/2018,Clasico
6546,1,4,7,15,28,02/08/2018,Clasico
6547,7,24,25,26,27,03/08/2018,Clasico
6548,3,10,12,13,15,03/08/2018,Clasico
6549,6,14,15,25,28,04/08/2018,Clasico
6550,7,9,11,14,21,04/08/2018,Clasico
6551,2,5,15,22,27,05/08/2018,Clasico
6552,2,7,13,19,28,05/08/2018,Clasico
6553,13,16,22,25,26,06/08/2018,Clasico
6554,1,6,11,20,21,06/08/2018,Clasico
6555,3,7,8,26,28,07/08/2018,Clasico
6556,4,6,8,9,11,07/08/2018,Clasico
6557,3,6,8,19,21,08/08/2018,Clasico
6558,16,18,20,22,27,08/08/2018,Clasico
6559,7,12,20,21,25,09/08/2018,Clasico
6560,2,8,19,20,24,09/08/2018,Clasico
6561,5,13,21,22,23,10/08/2018,Clasico
6562,8,11,12,17,19,10/08/2018,Clasico
6563,14,15,21,22,24,11/08/2018,Clasico
6564,9,10,14,19,20,11/08/2018,Clasico
6565,3,7,8,10,15,12/08/2018,Clasico
6566,2,5,7,17,27,12/08/2018,Clasico
6567,3,6,9,19,26,13/08/2018,Clasico
6568,6,7,14,22,23,13/08/2018,Clasico
6569,15,16,18,20,22,14/08/2018,Clasico
6570,5,10,13,21,25,14/08/2018,Clasico
6571,2,13,15,19,26,15/08/2018,Clasico
6572,9,16,19,23,25,15/08/2018,Clasico
6573,12,16,20,25,26,16/08/2018,Clasico
6574,8,10,17,24,28,16/08/2018,Clasico
6575,4,10,12,22,23,17/08/2018,Clasico
6576,4,11,13,15,27,17/08/2018,Clasico
6577,2,3,12,20,27,18/08/2018,Clasico
6578,6,12,19,23,26,18/08/2018,Clasico
6579,5,8,9,15,23,19/08/2018,Clasico
6580,1,11,24,25,26,19/08/2018,Clasico
6581,9,16,20,23,24,20/08/2018,Clasico
6582,2,5,9,13,28,20/08/2018,Clasico
6583,1,5,8,11,13,21/08/2018,Clasico
6584,2,11,15,16,26,21/08/2018,Clasico
6585,5,9,14,20,21,22/08/2018,Clasico
6586,7,10,16,20,21,22/08/2018,Clasico
6587,6,9,16,27,28,23/08/2018,Clasico
6588,6,10,17,23,27,23/08/2018,Clasico
6589,4,7,8,15,21,24/08/2018,Clasico
6590,4,6,7,8,23,24/08/2018,Clasico
6591,3,11,20,21,22,25/08/2018,Clasico
6592,10,14,21,25,26,25/08/2018,Clasico
6593,3,4,16,17,19,26/08/2018,Clasico
6594,5,7,12,13,20,26/08/2018,Clasico
6595,3,4,5,17,21,27/08/2018,Clasico
6596,6,9,12,17,18,27/08/2018,Clasico
6597,5,11,19,21,28,28/08/2018,Clasico
6598,7,16,17,22,23,28/08/2018,Clasico
6599,5,11,16,18,26,29/08/2018,Clasico
6600,3,6,10,16,22,29/08/2018,Clasico
6601,6,13,20,24,27,30/08/2018,Clasico
6602,1,15,22,23,26,30/08/2018,Clasico
6603,6,9,14,16,23,31/08/2018,Clasico
6604,15,19,21,24,28,31/08/2018,Clasico
6605,3,14,21,22,27,01/09/2018,Clasico
6606,4,12,13,14,25,01/09/2018,Clasico
6607,11,15,19,24,28,02/09/2018,Clasico
6608,13,19,20,21,22,02/09/2018,Clasico
6609,5,6,12,14,21,03/09/2018,Clasico
6610,2,13,15,23,24,03/09/2018,Clasico
6611,3,12,13,17,24,04/09/2018,Clasico
6612,1,9,13,20,23,04/09/2018,Clasico
6613,1,7,11,20,24,05/09/2018,Clasico
6614,14,15,20,23,27,05/09/2018,Clasico
6615,1,6,19,27,28,06/09/2018,Clasico
6616,5,7,12,18,23,06/09/2018,Clasico
6617,5,12,14,18,25,07/09/2018,Clasico
6618,4,6,7,16,26,07/09/2018,Clasico
6619,2,5,10,18,24,08/09/2018,Clasico
6620,4,7,14,20,26,08/09/2018,Clasico
6621,5,6,23,25,28,09/09/2018,Clasico
6622,3,9,18,22,27,09/09/2018,Clasico
6623,4,8,10,16,24,10/09/2018,Clasico
6624,2,6,12,21,26,10/09/2018,Clasico
6625,6,18,24,25,28,11/09/2018,Clasico
6626,13,15,16,18,26,11/09/2018,Clasico
6627,3,7,19,25,27,12/09/2018,Clasico
6628,1,12,16,26,28,12/09/2018,Clasico
6629,1,3,8,26,27,13/09/2018,Clasico
6630,2,3,14,15,24,13/09/2018,Clasico
6631,1,4,6,8,14,14/09/2018,Clasico
6632,5,12,14,15,21,14/09/2018,Clasico
6633,2,13,17,20,26,15/09/2018,Clasico
6634,1,5,21,24,27,15/09/2018,Clasico
6635,5,6,14,20,28,16/09/2018,Clasico
6636,7,12,16,17,26,16/09/2018,Clasico
6637,9,13,20,26,28,17/09/2018,Clasico
6638,3,4,11,19,20,17/09/2018,Clasico
6639,3,7,17,19,25,18/09/2018,Clasico
6640,5,12,15,17,23,18/09/2018,Clasico
6641,5,6,17,18,21,19/09/2018,Clasico
6642,5,6,7,15,21,19/09/2018,Clasico
6643,4,8,14,19,21,20/09/2018,Clasico
6644,1,6,12,15,28,20/09/2018,Clasico
6645,10,11,15,16,18,21/09/2018,Clasico
6646,4,9,12,18,23,21/09/2018,Clasico
6647,3,4,10,17,18,22/09/2018,Clasico
6648,1,3,10,16,28,22/09/2018,Clasico
6649,7,11,12,23,24,23/09/2018,Clasico
6650,7,9,20,21,26,23/09/2018,Clasico
6651,3,4,11,15,26,24/09/2018,Clasico
6652,9,11,24,25,27,24/09/2018,Clasico
6653,5,6,8,19,26,25/09/2018,Clasico
6654,9,11,12,13,18,25/09/2018,Clasico
6655,4,6,7,13,20,26/09/2018,Clasico
6656,1,3,12,17,18,26/09/2018,Clasico
6657,3,10,14,17,23,27/09/2018,Clasico
6658,1,14,15,18,28,27/09/2018,Clasico
6659,6,13,20,24,27,28/09/2018,Clasico
6660,5,12,18,23,27,28/09/2018,Clasico
6661,3,11,13,24,25,29/09/2018,Clasico
6662,7,8,21,22,24,29/09/2018,Clasico
6663,3,9,14,23,28,30/09/2018,Clasico
6664,3,4,5,6,24,30/09/2018,Clasico
6665,3,4,8,10,27,01/10/2018,Clasico
6666,11,13,22,25,27,01/10/2018,Clasico
6667,1,7,10,18,26,02/10/2018,Clasico
6668,14,15,16,17,25,02/10/2018,Clasico
6669,8,9,10,12,20,03/10/2018,Clasico
6670,2,3,8,11,26,03/10/2018,Clasico
6671,3,8,12,18,25,04/10/2018,Clasico
6672,5,7,8,11,27,04/10/2018,Clasico
6673,12,13,16,27,28,05/10/2018,Clasico
6674,8,11,21,27,28,05/10/2018,Clasico
6675,1,2,8,14,15,06/10/2018,Clasico
6676,9,12,19,26,28,06/10/2018,Clasico
6677,6,11,13,17,22,07/10/2018,Clasico
6678,5,10,21,23,24,07/10/2018,Clasico
6679,3,16,19,23,25,08/10/2018,Clasico
6680,1,6,9,10,17,08/10/2018,Clasico
6681,6,13,15,19,26,09/10/2018,Clasico
6682,4,5,14,25,26,09/10/2018,Clasico
6683,10,17,19,23,28,10/10/2018,Clasico
6684,10,12,16,26,28,10/10/2018,Clasico
6685,3,5,16,17,26,11/10/2018,Clasico
6686,2,5,7,12,26,11/10/2018,Clasico
6687,5,7,11,23,27,12/10/2018,Clasico
6688,3,4,7,12,13,12/10/2018,Clasico
6689,1,5,12,14,24,13/10/2018,Clasico
6690,3,15,21,22,24,13/10/2018,Clasico
6691,6,16,19,21,23,14/10/2018,Clasico
6692,2,10,18,21,25,14/10/2018,Clasico
6693,1,6,19,20,25,15/10/2018,Clasico
6694,7,8,13,18,24,15/10/2018,Clasico
6695,6,14,18,21,22,16/10/2018,Clasico
6696,1,2,3,7,11,16/10/2018,Clasico
6697,7,20,25,26,27,17/10/2018,Clasico
6698,3,10,26,27,28,17/10/2018,Clasico
6699,1,15,21,24,27,18/10/2018,Clasico
6700,7,10,16,27,28,18/10/2018,Clasico
6701,6,11,13,19,21,19/10/2018,Clasico
6702,5,10,15,16,18,19/10/2018,Clasico
6703,1,14,23,26,28,20/10/2018,Clasico
6704,6,7,12,18,22,20/10/2018,Clasico
6705,2,3,10,15,23,21/10/2018,Clasico
6706,2,5,19,25,27,21/10/2018,Clasico
6707,1,7,11,12,24,22/10/2018,Clasico
6708,5,9,22,27,28,22/10/2018,Clasico
6709,1,6,13,20,24,23/10/2018,Clasico
6710,11,13,18,24,28,23/10/2018,Clasico
6711,10,12,15,21,24,24/10/2018,Clasico
6712,7,16,17,19,22,24/10/2018,Clasico
6713,4,8,11,18,20,25/10/2018,Clasico
6714,1,2,15,17,25,25/10/2018,Clasico
6715,7,9,11,20,25,26/10/2018,Clasico
6716,4,19,22,23,26,26/10/2018,Clasico
6717,3,12,24,25,26,27/10/2018,Clasico
6718,5,10,19,22,23,27/10/2018,Clasico
6719,6,7,8,20,24,28/10/2018,Clasico
6720,1,2,5,20,23,28/10/2018,Clasico
6721,6,15,19,23,27,29/10/2018,Clasico
6722,5,16,20,26,27,29/10/2018,Clasico
6723,6,15,18,19,21,30/10/2018,Clasico
6724,8,9,10,13,18,30/10/2018,Clasico
6725,4,15,17,22,25,31/10/2018,Clasico
6726,5,15,17,23,27,31/10/2018,Clasico
6727,3,12,19,23,28,01/11/2018,Clasico
6728,6,8,10,14,21,01/11/2018,Clasico
6729,1,7,17,22,27,02/11/2018,Clasico
6730,5,7,9,15,17,02/11/2018,Clasico
6731,5,14,15,19,21,03/11/2018,Clasico
6732,3,5,6,16,28,03/11/2018,Clasico
6733,2,7,8,21,25,04/11/2018,Clasico
6734,16,17,21,26,27,04/11/2018,Clasico
6735,7,8,16,17,28,05/11/2018,Clasico
6736,6,14,18,25,28,05/11/2018,Clasico
6737,5,10,13,15,19,06/11/2018,Clasico
6738,7,14,18,25,28,06/11/2018,Clasico
6739,7,17,18,20,23,07/11/2018,Clasico
6740,2,7,19,23,27,07/11/2018,Clasico
6741,3,6,7,8,9,08/11/2018,Clasico
6742,5,7,8,16,25,08/11/2018,Clasico
6743,4,12,14,15,18,09/11/2018,Clasico
6744,10,12,21,25,26,09/11/2018,Clasico
6745,5,13,15,20,27,10/11/2018,Clasico
6746,1,3,17,20,28,10/11/2018,Clasico
6747,1,3,9,13,28,11/11/2018,Clasico
6748,8,11,12,20,21,11/11/2018,Clasico
6749,8,24,25,26,28,12/11/2018,Clasico
6750,3,4,9,20,21,12/11/2018,Clasico
6751,10,11,14,22,28,13/11/2018,Clasico
6752,7,21,23,25,28,13/11/2018,Clasico
6753,7,9,13,17,24,14/11/2018,Clasico
6754,11,12,18,19,21,14/11/2018,Clasico
6755,4,7,15,18,21,15/11/2018,Clasico
6756,5,10,14,16,17,15/11/2018,Clasico
6757,11,14,16,18,22,16/11/2018,Clasico
6758,6,9,20,21,26,16/11/2018,Clasico
6759,4,6,12,17,22,17/11/2018,Clasico
6760,3,7,9,11,14,17/11/2018,Clasico
6761,2,8,9,20,25,18/11/2018,Clasico
6762,3,7,12,16,17,18/11/2018,Clasico
6763,7,10,15,24,26,19/11/2018,Clasico
6764,2,15,17,21,28,19/11/2018,Clasico
6765,5,7,14,21,27,20/11/2018,Clasico
6766,2,9,12,20,21,20/11/2018,Clasico
6767,7,9,10,20,27,21/11/2018,Clasico
6768,4,5,8,10,14,21/11/2018,Clasico
6769,8,17,23,25,28,22/11/2018,Clasico
6770,6,18,21,26,27,22/11/2018,Clasico
6771,5,7,19,20,24,23/11/2018,Clasico
6772,3,10,20,21,26,23/11/2018,Clasico
6773,13,15,16,18,26,24/11/2018,Clasico
6774,2,17,18,23,27,24/11/2018,Clasico
6775,1,6,9,12,15,25/11/2018,Clasico
6776,1,3,9,20,27,25/11/2018,Clasico
6777,1,2,7,24,26,26/11/2018,Clasico
6778,3,4,9,16,21,26/11/2018,Clasico
6779,13,16,17,23,24,27/11/2018,Clasico
6780,6,14,17,22,28,27/11/2018,Clasico
6781,5,10,15,21,24,28/11/2018,Clasico
6782,2,6,10,16,27,28/11/2018,Clasico
6783,2,12,18,19,23,29/11/2018,Clasico
6784,8,11,12,16,28,29/11/2018,Clasico
6785,9,21,23,27,28,30/11/2018,Clasico
6786,1,14,15,16,18,30/11/2018,Clasico
6787,3,9,14,18,20,01/12/2018,Clasico
6788,3,13,14,22,23,01/12/2018,Clasico
6789,4,11,14,19,21,02/12/2018,Clasico
6790,6,13,14,18,21,02/12/2018,Clasico
6791,7,8,15,19,21,03/12/2018,Clasico
6792,3,6,20,26,28,03/12/2018,Clasico
6793,8,10,13,23,26,04/12/2018,Clasico
6794,6,10,12,15,23,04/12/2018,Clasico
6795,5,6,8,16,20,05/12/2018,Clasico
6796,5,12,21,25,28,05/12/2018,Clasico
6797,3,4,6,19,23,06/12/2018,Clasico
6798,3,12,15,16,25,06/12/2018,Clasico
6799,3,17,20,23,26,07/12/2018,Clasico
6800,2,5,17,20,21,07/12/2018,Clasico
6801,3,11,13,15,16,08/12/2018,Clasico
6802,1,5,6,10,21,08/12/2018,Clasico
6803,6,13,16,19,21,09/12/2018,Clasico
6804,1,13,17,18,21,09/12/2018,Clasico
6805,7,12,16,20,21,10/12/2018,Clasico
6806,1,10,11,14,21,10/12/2018,Clasico
6807,1,6,9,16,19,11/12/2018,Clasico
6808,2,3,10,20,23,11/12/2018,Clasico
6809,3,13,16,25,28,12/12/2018,Clasico
6810,7,11,12,15,26,12/12/2018,Clasico
6811,3,4,7,23,24,13/12/2018,Clasico
6812,9,14,15,23,27,13/12/2018,Clasico
6813,2,9,16,17,28,14/12/2018,Clasico
6814,1,4,10,13,18,14/12/2018,Clasico
6815,3,13,16,20,27,15/12/2018,Clasico
6816,6,13,15,18,24,15/12/2018,Clasico
6817,7,10,11,18,24,16/12/2018,Clasico
6818,4,13,16,20,23,16/12/2018,Clasico
6819,3,14,17,26,27,17/12/2018,Clasico
6820,7,12,17,23,27,17/12/2018,Clasico
6821,1,2,3,6,24,18/12/2018,Clasico
6822,1,6,13,19,22,18/12/2018,Clasico
6823,3,9,10,22,23,19/12/2018,Clasico
6824,4,7,21,23,24,19/12/2018,Clasico
6825,4,23,24,25,28,20/12/2018,Clasico
6826,1,12,25,26,27,20/12/2018,Clasico
6827,3,6,13,23,28,21/12/2018,Clasico
6828,4,8,13,21,27,21/12/2018,Clasico
6829,5,9,13,15,26,22/12/2018,Clasico
6830,3,7,12,18,28,22/12/2018,Clasico
6831,6,9,15,26,27,23/12/2018,Clasico
6832,10,11,12,17,18,23/12/2018,Clasico
6833,9,10,11,18,27,24/12/2018,Clasico
6834,1,2,17,19,22,24/12/2018,Clasico
6835,4,6,11,14,24,25/12/2018,Clasico
6836,2,14,20,25,26,25/12/2018,Clasico
6837,5,9,19,27,28,26/12/2018,Clasico
6838,2,3,5,12,23,26/12/2018,Clasico
6839,1,5,16,20,25,27/12/2018,Clasico
6840,1,12,16,19,23,27/12/2018,Clasico
6841,5,6,8,25,27,28/12/2018,Clasico
6842,2,7,9,22,25,28/12/2018,Clasico
6843,7,9,13,17,28,29/12/2018,Clasico
6844,1,2,9,10,15,29/12/2018,Clasico
6845,7,9,14,22,26,30/12/2018,Clasico
6846,5,7,19,21,27,30/12/2018,Clasico
6847,1,3,19,21,27,31/12/2018,Clasico
6848,4,7,15,17,23,31/12/2018,Clasico
6849,1,5,16,18,25,01/01/2019,Clasico
6850,5,10,15,16,27,01/01/2019,Clasico
6851,2,7,8,9,11,02/01/2019,Clasico
6852,6,14,16,21,27,02/01/2019,Clasico
6853,2,4,20,23,24,03/01/2019,Clasico
6854,4,5,8,9,25,03/01/2019,Clasico
6855,9,10,19,24,26,04/01/2019,Clasico
6856,2,3,12,15,25,04/01/2019,Clasico
6857,2,6,8,21,27,05/01/2019,Clasico
6858,1,17,21,24,26,05/01/2019,Clasico
6859,14,15,20,21,24,06/01/2019,Clasico
6860,2,13,16,18,19,06/01/2019,Clasico
6861,2,13,18,23,27,07/01/2019,Clasico
6862,5,17,19,26,27,07/01/2019,Clasico
6863,2,11,18,21,27,08/01/2019,Clasico
6864,15,17,19,21,23,08/01/2019,Clasico
6865,6,7,10,20,26,09/01/2019,Clasico
6866,7,11,15,19,24,09/01/2019,Clasico
6867,7,11,12,18,28,10/01/2019,Clasico
6868,7,11,19,23,28,10/01/2019,Clasico
6869,3,6,8,17,24,11/01/2019,Clasico
6870,8,20,21,26,27,11/01/2019,Clasico
6871,10,11,13,18,19,12/01/2019,Clasico
6872,3,15,21,23,26,12/01/2019,Clasico
6873,1,2,3,4,10,13/01/2019,Clasico
6874,5,15,19,25,28,13/01/2019,Clasico
6875,1,2,7,17,22,14/01/2019,Clasico
6876,8,9,12,18,21,14/01/2019,Clasico
6877,8,12,19,20,24,15/01/2019,Clasico
6878,11,20,21,22,28,15/01/2019,Clasico
6879,7,14,22,23,25,16/01/2019,Clasico
6880,7,8,12,16,27,16/01/2019,Clasico
6881,5,16,19,23,27,17/01/2019,Clasico
6882,2,10,17,19,25,17/01/2019,Clasico
6883,7,11,12,14,27,18/01/2019,Clasico
6884,17,21,22,25,26,18/01/2019,Clasico
6885,8,9,12,15,16,19/01/2019,Clasico
6886,2,5,12,21,22,19/01/2019,Clasico
6887,1,13,16,24,27,20/01/2019,Clasico
6888,2,6,9,12,28,20/01/2019,Clasico
6889,1,5,10,11,16,21/01/2019,Clasico
6890,4,9,15,25,27,21/01/2019,Clasico
6891,4,6,14,17,24,22/01/2019,Clasico
6892,2,11,12,19,20,22/01/2019,Clasico
6893,1,14,18,22,26,23/01/2019,Clasico
6894,4,6,15,20,27,23/01/2019,Clasico
6895,4,7,10,22,26,24/01/2019,Clasico
6896,3,8,9,17,26,24/01/2019,Clasico
6897,1,3,7,17,20,25/01/2019,Clasico
6898,6,13,20,21,23,25/01/2019,Clasico
6899,5,9,17,18,25,26/01/2019,Clasico
6900,1,4,6,10,18,26/01/2019,Clasico
6901,3,4,5,19,21,27/01/2019,Clasico
6902,3,10,20,24,27,27/01/2019,Clasico
6903,1,2,3,8,28,28/01/2019,Clasico
6904,8,9,13,15,24,28/01/2019,Clasico
6905,13,16,18,21,27,29/01/2019,Clasico
6906,4,9,17,23,28,29/01/2019,Clasico
6907,5,6,15,20,21,30/01/2019,Clasico
6908,4,6,10,26,28,30/01/2019,Clasico
6909,4,5,13,21,25,31/01/2019,Clasico
6910,6,7,16,17,23,31/01/2019,Clasico
6911,11,20,21,23,25,01/02/2019,Clasico
6912,7,8,12,18,20,01/02/2019,Clasico
6913,2,9,14,24,25,02/02/2019,Clasico
6914,3,6,11,15,25,02/02/2019,Clasico
6915,4,15,20,22,28,03/02/2019,Clasico
6916,9,13,14,19,21,03/02/2019,Clasico
6917,1,6,15,16,26,04/02/2019,Clasico
6918,11,24,26,27,28,04/02/2019,Clasico
6919,6,15,23,25,28,05/02/2019,Clasico
6920,6,12,18,19,24,05/02/2019,Clasico
6921,3,5,10,12,13,06/02/2019,Clasico
6922,9,14,18,23,27,06/02/2019,Clasico
6923,3,17,20,24,26,07/02/2019,Clasico
6924,8,16,25,27,28,07/02/2019,Clasico
6925,1,4,5,11,21,08/02/2019,Clasico
6926,4,7,15,18,21,08/02/2019,Clasico
6927,6,9,12,17,18,09/02/2019,Clasico
6928,4,10,14,16,27,09/02/2019,Clasico
6929,5,9,11,13,16,10/02/2019,Clasico
6930,3,5,6,14,19,10/02/2019,Clasico
6931,8,10,14,15,21,11/02/2019,Clasico
6932,8,12,14,21,22,11/02/2019,Clasico
6933,12,13,15,24,28,12/02/2019,Clasico
6934,2,10,14,17,22,12/02/2019,Clasico
6935,9,18,22,23,28,13/02/2019,Clasico
6936,6,7,10,20,26,13/02/2019,Clasico
6937,2,5,12,17,26,14/02/2019,Clasico
6938,1,2,14,19,26,14/02/2019,Clasico
6939,6,8,9,11,27,15/02/2019,Clasico
6940,5,8,9,20,24,15/02/2019,Clasico
6941,3,7,13,14,19,16/02/2019,Clasico
6942,3,8,16,18,26,16/02/2019,Clasico
6943,1,2,3,6,19,17/02/2019,Clasico
6944,2,19,22,24,26,17/02/2019,Clasico
6945,2,9,10,22,26,18/02/2019,Clasico
6946,4,13,16,20,27,18/02/2019,Clasico
6947,5,9,10,19,23,19/02/2019,Clasico
6948,8,9,10,19,27,19/02/2019,Clasico
6949,8,9,19,23,25,20/02/2019,Clasico
6950,2,18,24,27,28,20/02/2019,Clasico
6951,13,15,16,24,27,21/02/2019,Clasico
6952,1,15,21,23,28,21/02/2019,Clasico
6953,10,17,19,21,24,22/02/2019,Clasico
6954,6,8,17,27,28,22/02/2019,Clasico
6955,2,13,17,22,25,23/02/2019,Clasico
6956,10,12,20,25,28,23/02/2019,Clasico
6957,3,10,22,24,25,24/02/2019,Clasico
6958,4,17,18,23,24,24/02/2019,Clasico
6959,6,13,14,26,28,25/02/2019,Clasico
6960,8,11,14,21,24,25/02/2019,Clasico
6961,3,5,7,10,27,26/02/2019,Clasico
6962,6,7,21,23,25,26/02/2019,Clasico
6963,4,7,8,25,28,27/02/2019,Clasico
6964,2,7,9,11,15,27/02/2019,Clasico
6965,1,7,22,23,26,28/02/2019,Clasico
6966,2,3,23,24,26,28/02/2019,Clasico
6967,7,9,11,15,19,01/03/2019,Clasico
6968,2,11,19,23,27,01/03/2019,Clasico
6969,3,10,13,17,24,02/03/2019,Clasico
6970,4,8,14,22,27,02/03/2019,Clasico
6971,13,17,24,26,28,03/03/2019,Clasico
6972,2,12,15,23,24,03/03/2019,Clasico
6973,10,16,17,18,26,04/03/2019,Clasico
6974,1,7,14,15,27,04/03/2019,Clasico
6975,6,11,14,21,26,05/03/2019,Clasico
6976,7,12,21,26,27,05/03/2019,Clasico
6977,6,12,14,19,26,06/03/2019,Clasico
6978,7,8,12,21,26,06/03/2019,Clasico
6979,2,8,16,19,20,07/03/2019,Clasico
6980,5,6,10,22,24,07/03/2019,Clasico
6981,1,2,17,18,22,08/03/2019,Clasico
6982,2,12,18,24,26,08/03/2019,Clasico
6983,1,12,16,20,21,09/03/2019,Clasico
6984,3,4,9,15,26,09/03/2019,Clasico
6985,1,5,18,24,26,10/03/2019,Clasico
6986,7,17,18,19,22,10/03/2019,Clasico
6987,5,8,11,20,27,11/03/2019,Clasico
6988,13,16,19,24,26,11/03/2019,Clasico
6989,6,14,19,20,22,12/03/2019,Clasico
6990,4,11,16,25,28,12/03/2019,Clasico
6991,12,17,21,23,26,13/03/2019,Clasico
6992,1,2,7,11,27,13/03/2019,Clasico
6993,1,18,20,23,28,14/03/2019,Clasico
6994,2,10,12,15,22,14/03/2019,Clasico
6995,2,3,4,16,23,15/03/2019,Clasico
6996,9,14,15,27,28,15/03/2019,Clasico
6997,4,9,17,19,22,16/03/2019,Clasico
6998,7,9,12,23,26,16/03/2019,Clasico
6999,9,11,12,14,18,17/03/2019,Clasico
7000,11,12,19,20,28,17/03/2019,Clasico
7001,13,14,16,21,24,18/03/2019,Clasico
7002,7,9,10,23,28,18/03/2019,Clasico
7003,1,18,19,25,26,19/03/2019,Clasico
7004,6,8,11,14,26,19/03/2019,Clasico
7005,2,9,11,12,14,20/03/2019,Clasico
7006,15,19,21,23,27,20/03/2019,Clasico
7007,1,2,10,13,17,21/03/2019,Clasico
7008,11,12,19,22,24,21/03/2019,Clasico
7009,4,10,16,21,27,22/03/2019,Clasico
7010,5,8,14,16,27,22/03/2019,Clasico
7011,3,18,21,23,26,23/03/2019,Clasico
7012,4,12,18,27,28,23/03/2019,Clasico
7013,1,6,7,11,24,24/03/2019,Clasico
7014,8,9,14,21,22,24/03/2019,Clasico
7015,8,14,21,25,28,25/03/2019,Clasico
7016,2,3,4,8,24,25/03/2019,Clasico
7017,1,7,8,15,21,26/03/2019,Clasico
7018,3,7,24,26,28,26/03/2019,Clasico
7019,2,5,18,22,27,27/03/2019,Clasico
7020,2,7,14,18,24,27/03/2019,Clasico
7021,1,6,12,19,21,28/03/2019,Clasico
7022,2,5,7,9,14,28/03/2019,Clasico
7023,6,11,12,15,20,29/03/2019,Clasico
7024,5,10,12,15,16,29/03/2019,Clasico
7025,2,5,7,11,16,30/03/2019,Clasico
7026,1,7,10,17,25,30/03/2019,Clasico
7027,11,12,18,19,21,31/03/2019,Clasico
7028,10,11,12,21,25,31/03/2019,Clasico
7029,10,13,17,19,26,01/04/2019,Clasico
7030,2,3,7,16,17,01/04/2019,Clasico
7031,2,9,17,18,27,02/04/2019,Clasico
7032,3,11,14,19,20,02/04/2019,Clasico
7033,10,17,18,21,24,03/04/2019,Clasico
7034,3,4,10,13,15,03/04/2019,Clasico
7035,10,11,17,18,27,04/04/2019,Clasico
7036,1,14,20,26,27,04/04/2019,Clasico
7037,7,13,15,22,23,05/04/2019,Clasico
7038,3,4,8,10,27,05/04/2019,Clasico
7039,2,4,15,19,28,06/04/2019,Clasico
7040,7,10,16,17,21,06/04/2019,Clasico
7041,10,14,17,19,21,07/04/2019,Clasico
7042,5,6,23,24,28,07/04/2019,Clasico
7043,1,2,9,19,25,08/04/2019,Clasico
7044,4,14,15,16,27,08/04/2019,Clasico
7045,5,9,11,16,26,09/04/2019,Clasico
7046,3,8,12,13,28,09/04/2019,Clasico
7047,6,12,19,23,25,10/04/2019,Clasico
7048,5,10,12,18,24,10/04/2019,Clasico
7049,1,5,17,20,22,11/04/2019,Clasico
7050,2,5,10,13,24,11/04/2019,Clasico
7051,1,6,12,13,26,12/04/2019,Clasico
7052,4,10,20,24,26,12/04/2019,Clasico
7053,2,8,10,13,22,13/04/2019,Clasico
7054,11,18,20,23,26,13/04/2019,Clasico
7055,7,11,17,20,26,14/04/2019,Clasico
7056,15,17,20,23,26,14/04/2019,Clasico
7057,13,24,26,27,28,15/04/2019,Clasico
7058,2,9,14,20,23,15/04/2019,Clasico
7059,5,12,16,22,27,16/04/2019,Clasico
7060,8,9,20,25,26,16/04/2019,Clasico
7061,1,9,15,17,21,17/04/2019,Clasico
7062,1,14,15,24,25,17/04/2019,Clasico
7063,17,19,21,22,26,18/04/2019,Clasico
7064,6,8,10,15,26,18/04/2019,Clasico
7065,1,10,15,18,26,19/04/2019,Clasico
7066,1,12,16,17,20,19/04/2019,Clasico
7067,3,5,12,21,22,20/04/2019,Clasico
7068,4,11,15,27,28,20/04/2019,Clasico
7069,4,8,12,14,26,21/04/2019,Clasico
7070,6,15,20,26,27,21/04/2019,Clasico
7071,1,4,23,24,26,22/04/2019,Clasico
7072,1,9,24,27,28,22/04/2019,Clasico
7073,1,10,14,18,21,23/04/2019,Clasico
7074,1,2,3,14,15,23/04/2019,Clasico
7075,3,16,23,26,28,24/04/2019,Clasico
7076,3,4,8,10,24,24/04/2019,Clasico
7077,5,9,14,15,17,25/04/2019,Clasico
7078,2,3,7,20,23,25/04/2019,Clasico
7079,2,6,15,19,22,26/04/2019,Clasico
7080,3,9,13,18,26,26/04/2019,Clasico
7081,3,14,19,22,23,27/04/2019,Clasico
7082,5,10,14,26,28,27/04/2019,Clasico
7083,1,11,14,18,24,28/04/2019,Clasico
7084,2,4,8,16,17,28/04/2019,Clasico
7085,1,8,11,19,22,29/04/2019,Clasico
7086,2,3,6,9,24,29/04/2019,Clasico
7087,1,12,18,22,25,30/04/2019,Clasico
7088,2,4,6,19,26,30/04/2019,Clasico
7089,9,16,17,18,20,01/05/2019,Clasico
7090,6,10,13,21,22,01/05/2019,Clasico
7091,10,15,22,25,28,02/05/2019,Clasico
7092,1,2,14,15,26,02/05/2019,Clasico
7093,2,4,19,21,25,03/05/2019,Clasico
7094,10,11,17,19,26,03/05/2019,Clasico
7095,1,2,13,19,24,04/05/2019,Clasico
7096,3,5,10,13,19,04/05/2019,Clasico
7097,12,18,22,24,26,05/05/2019,Clasico
7098,1,8,19,21,24,05/05/2019,Clasico
7099,1,20,21,22,25,06/05/2019,Clasico
7100,1,12,24,27,28,06/05/2019,Clasico
7101,3,7,22,24,27,07/05/2019,Clasico
7102,5,6,17,18,25,07/05/2019,Clasico
7103,3,8,19,26,27,08/05/2019,Clasico
7104,3,4,9,12,17,08/05/2019,Clasico
7105,6,17,22,25,26,09/05/2019,Clasico
7106,4,10,14,17,22,09/05/2019,Clasico
7107,4,5,12,19,27,10/05/2019,Clasico
7108,4,18,19,20,26,10/05/2019,Clasico
7109,2,3,8,13,25,11/05/2019,Clasico
7110,3,4,16,22,27,11/05/2019,Clasico
7111,7,10,18,19,21,12/05/2019,Clasico
7112,4,7,10,19,24,12/05/2019,Clasico
7113,8,10,11,16,28,13/05/2019,Clasico
7114,2,4,7,16,20,13/05/2019,Clasico
7115,6,10,13,22,28,14/05/2019,Clasico
7116,1,3,10,17,18,14/05/2019,Clasico
7117,7,10,25,26,28,15/05/2019,Clasico
7118,8,10,21,26,28,15/05/2019,Clasico
7119,2,3,4,7,8,16/05/2019,Clasico
7120,6,13,14,22,25,16/05/2019,Clasico
7121,7,12,14,26,27,17/05/2019,Clasico
7122,21,22,24,25,26,17/05/2019,Clasico
7123,6,8,12,17,28,18/05/2019,Clasico
7124,8,9,16,23,28,18/05/2019,Clasico
7125,2,9,15,19,20,19/05/2019,Clasico
7126,3,8,13,24,27,19/05/2019,Clasico
7127,5,8,9,11,23,20/05/2019,Clasico
7128,8,14,15,20,28,20/05/2019,Clasico
7129,12,16,22,24,26,21/05/2019,Clasico
7130,3,9,14,21,22,21/05/2019,Clasico
7131,2,10,11,12,18,22/05/2019,Clasico
7132,4,6,13,17,21,22/05/2019,Clasico
7133,4,11,16,25,28,23/05/2019,Clasico
7134,1,6,20,22,25,23/05/2019,Clasico
7135,4,15,17,25,28,24/05/2019,Clasico
7136,3,17,21,26,28,24/05/2019,Clasico
7137,1,13,15,16,22,25/05/2019,Clasico
7138,2,5,13,15,20,25/05/2019,Clasico
7139,1,2,13,21,26,26/05/2019,Clasico
7140,1,6,7,12,16,26/05/2019,Clasico
7141,1,16,17,22,28,27/05/2019,Clasico
7142,5,11,13,19,28,27/05/2019,Clasico
7143,7,12,22,27,28,28/05/2019,Clasico
7144,1,5,16,20,26,28/05/2019,Clasico
7145,17,18,23,24,27,29/05/2019,Clasico
7146,2,9,18,21,23,29/05/2019,Clasico
7147,5,13,14,15,17,30/05/2019,Clasico
7148,14,16,18,24,28,30/05/2019,Clasico
7149,2,3,4,10,22,31/05/2019,Clasico
7150,2,7,16,20,26,31/05/2019,Clasico
7151,1,5,10,17,26,01/06/2019,Clasico
7152,4,14,18,21,25,01/06/2019,Clasico
7153,4,12,16,18,28,02/06/2019,Clasico
7154,7,10,21,25,26,02/06/2019,Clasico
7155,4,6,8,13,24,03/06/2019,Clasico
7156,5,8,10,12,23,03/06/2019,Clasico
7157,7,15,16,18,28,04/06/2019,Clasico
7158,3,10,15,19,20,04/06/2019,Clasico
7159,9,11,12,19,27,05/06/2019,Clasico
7160,4,5,8,19,20,05/06/2019,Clasico
7161,5,11,22,24,25,06/06/2019,Clasico
7162,3,6,23,25,27,06/06/2019,Clasico
7163,2,17,18,24,25,07/06/2019,Clasico
7164,8,9,14,24,25,07/06/2019,Clasico
7165,4,15,20,23,28,08/06/2019,Clasico
7166,2,4,10,16,20,08/06/2019,Clasico
7167,1,12,19,23,27,09/06/2019,Clasico
7168,1,4,9,11,21,09/06/2019,Clasico
7169,5,6,10,17,22,10/06/2019,Clasico
7170,9,16,18,22,28,10/06/2019,Clasico
7171,11,12,19,21,23,11/06/2019,Clasico
7172,3,7,12,21,25,11/06/2019,Clasico
7173,4,6,14,15,22,12/06/2019,Clasico
7174,6,12,24,26,27,12/06/2019,Clasico
7175,5,13,14,25,26,13/06/2019,Clasico
7176,1,20,22,24,26,13/06/2019,Clasico
7177,3,8,10,13,15,14/06/2019,Clasico
7178,3,9,14,23,24,14/06/2019,Clasico
7179,1,13,19,27,28,15/06/2019,Clasico
7180,4,7,15,18,21,15/06/2019,Clasico
7181,2,15,19,24,28,16/06/2019,Clasico
7182,4,5,14,18,26,16/06/2019,Clasico
7183,5,9,17,22,26,17/06/2019,Clasico
7184,10,12,17,18,20,17/06/2019,Clasico
7185,1,4,7,9,26,18/06/2019,Clasico
7186,2,3,5,10,25,18/06/2019,Clasico
7187,4,7,9,20,25,19/06/2019,Clasico
7188,4,7,9,14,22,19/06/2019,Clasico
7189,8,9,10,20,23,20/06/2019,Clasico
7190,5,12,13,19,21,20/06/2019,Clasico
7191,5,6,8,9,28,21/06/2019,Clasico
7192,13,15,17,18,27,21/06/2019,Clasico
7193,6,9,12,19,27,22/06/2019,Clasico
7194,4,5,7,19,21,22/06/2019,Clasico
7195,3,11,14,21,25,23/06/2019,Clasico
7196,1,7,9,11,23,23/06/2019,Clasico
7197,1,6,13,14,24,24/06/2019,Clasico
7198,5,7,15,20,26,24/06/2019,Clasico
7199,4,12,20,23,25,25/06/2019,Clasico
7200,1,8,9,11,28,25/06/2019,Clasico
7201,5,6,20,23,25,26/06/2019,Clasico
7202,2,8,10,11,23,26/06/2019,Clasico
7203,4,20,21,26,27,27/06/2019,Clasico
7204,10,12,15,17,19,27/06/2019,Clasico
7205,1,5,6,10,24,28/06/2019,Clasico
7206,7,9,19,23,26,28/06/2019,Clasico
7207,1,4,10,12,24,29/06/2019,Clasico
7208,3,5,11,17,28,29/06/2019,Clasico
7209,4,7,14,16,23,30/06/2019,Clasico
7210,2,5,6,19,28,30/06/2019,Clasico
7211,3,7,18,22,24,01/07/2019,Clasico
7212,4,5,7,20,26,01/07/2019,Clasico
7213,4,15,24,26,27,02/07/2019,Clasico
7214,6,11,18,26,27,02/07/2019,Clasico
7215,7,11,16,18,19,03/07/2019,Clasico
7216,1,5,9,14,22,03/07/2019,Clasico
7217,5,14,21,25,28,04/07/2019,Clasico
7218,4,7,8,13,25,04/07/2019,Clasico
7219,1,15,19,22,23,05/07/2019,Clasico
7220,1,3,10,12,18,05/07/2019,Clasico
7221,1,9,11,17,22,06/07/2019,Clasico
7222,1,2,6,23,28,06/07/2019,Clasico
7223,5,8,20,22,25,07/07/2019,Clasico
7224,5,8,17,25,26,07/07/2019,Clasico
7225,2,8,10,14,27,08/07/2019,Clasico
7226,2,16,21,22,28,08/07/2019,Clasico
7227,1,8,16,17,25,09/07/2019,Clasico
7228,3,12,18,24,28,09/07/2019,Clasico
7229,5,10,11,12,21,10/07/2019,Clasico
7230,4,8,16,18,25,10/07/2019,Clasico
7231,1,3,7,13,16,11/07/2019,Clasico
7232,7,8,22,25,26,11/07/2019,Clasico
7233,2,5,9,19,25,12/07/2019,Clasico
7234,5,13,16,19,28,12/07/2019,Clasico
7235,6,8,21,26,27,13/07/2019,Clasico
7236,6,7,20,24,26,13/07/2019,Clasico
7237,3,9,10,16,25,14/07/2019,Clasico
7238,1,2,5,16,20,14/07/2019,Clasico
7239,11,17,20,21,22,15/07/2019,Clasico
7240,8,12,16,22,25,15/07/2019,Clasico
7241,5,8,9,19,23,16/07/2019,Clasico
7242,4,8,13,14,25,16/07/2019,Clasico
7243,4,5,18,21,23,17/07/2019,Clasico
7244,2,9,15,24,26,17/07/2019,Clasico
7245,12,14,20,22,25,18/07/2019,Clasico
7246,15,16,19,20,26,18/07/2019,Clasico
7247,1,2,6,11,24,19/07/2019,Clasico
7248,1,2,6,7,27,19/07/2019,Clasico
7249,4,15,16,24,26,20/07/2019,Clasico
7250,11,18,21,24,25,20/07/2019,Clasico
7251,3,6,12,16,17,21/07/2019,Clasico
7252,10,11,17,21,28,21/07/2019,Clasico
7253,5,11,16,21,27,22/07/2019,Clasico
7254,8,11,15,18,27,22/07/2019,Clasico
7255,2,10,12,13,26,23/07/2019,Clasico
7256,4,5,7,13,27,23/07/2019,Clasico
7257,9,11,14,19,24,24/07/2019,Clasico
7258,1,3,7,25,27,24/07/2019,Clasico
7259,3,4,20,25,27,25/07/2019,Clasico
7260,2,8,14,17,23,25/07/2019,Clasico
7261,2,8,17,21,27,26/07/2019,Clasico
7262,7,10,16,27,28,26/07/2019,Clasico
7263,9,23,24,27,28,27/07/2019,Clasico
7264,5,12,20,21,25,27/07/2019,Clasico
7265,6,7,21,26,28,28/07/2019,Clasico
7266,2,9,14,20,28,28/07/2019,Clasico
7267,4,23,26,27,28,29/07/2019,Clasico
7268,14,15,18,22,28,29/07/2019,Clasico
7269,5,8,19,20,25,30/07/2019,Clasico
7270,1,3,6,12,20,30/07/2019,Clasico
7271,1,5,15,16,27,31/07/2019,Clasico
7272,2,3,20,26,27,31/07/2019,Clasico
7273,1,6,10,15,24,01/08/2019,Clasico
7274,6,8,11,22,26,01/08/2019,Clasico
7275,9,10,17,18,21,02/08/2019,Clasico
7276,2,9,13,14,15,02/08/2019,Clasico
7277,5,7,16,19,24,03/08/2019,Clasico
7278,3,6,13,21,24,03/08/2019,Clasico
7279,6,7,16,22,26,04/08/2019,Clasico
7280,5,17,21,23,24,04/08/2019,Clasico
7281,12,13,18,23,28,05/08/2019,Clasico
7282,1,2,12,15,18,05/08/2019,Clasico
7283,9,12,18,20,26,06/08/2019,Clasico
7284,5,9,11,16,22,06/08/2019,Clasico
7285,2,8,12,18,21,07/08/2019,Clasico
7286,1,4,5,17,20,07/08/2019,Clasico
7287,2,5,15,22,25,08/08/2019,Clasico
7288,1,5,17,19,23,08/08/2019,Clasico
7289,12,17,23,26,27,09/08/2019,Clasico
7290,6,8,9,12,27,09/08/2019,Clasico
7291,8,11,16,21,28,10/08/2019,Clasico
7292,14,15,18,22,26,10/08/2019,Clasico
7293,5,12,14,16,18,11/08/2019,Clasico
7294,6,10,16,18,24,11/08/2019,Clasico
7295,8,11,15,17,22,12/08/2019,Clasico
7296,11,16,19,25,27,12/08/2019,Clasico
7297,8,16,17,19,23,13/08/2019,Clasico
7298,1,2,5,6,10,13/08/2019,Clasico
7299,3,5,13,23,26,14/08/2019,Clasico
7300,3,4,6,12,13,14/08/2019,Clasico
7301,4,9,11,12,28,15/08/2019,Clasico
7302,4,9,17,22,25,15/08/2019,Clasico
7303,2,10,19,21,22,16/08/2019,Clasico
7304,1,10,16,18,22,16/08/2019,Clasico
7305,13,14,24,27,28,17/08/2019,Clasico
7306,4,9,13,20,25,17/08/2019,Clasico
7307,3,15,16,21,27,18/08/2019,Clasico
7308,7,8,10,15,24,18/08/2019,Clasico
7309,4,8,10,13,19,19/08/2019,Clasico
7310,1,4,8,16,26,19/08/2019,Clasico
7311,2,3,13,14,15,20/08/2019,Clasico
7312,9,15,18,25,27,20/08/2019,Clasico
7313,11,12,13,15,25,21/08/2019,Clasico
7314,2,6,15,21,24,21/08/2019,Clasico
7315,10,12,23,27,28,22/08/2019,Clasico
7316,2,10,17,18,21,22/08/2019,Clasico
7317,4,11,12,21,24,23/08/2019,Clasico
7318,11,16,17,21,27,23/08/2019,Clasico
7319,2,10,11,12,17,24/08/2019,Clasico
7320,1,7,10,27,28,24/08/2019,Clasico
7321,3,9,10,23,28,25/08/2019,Clasico
7322,2,4,18,23,26,25/08/2019,Clasico
7323,2,13,19,20,25,26/08/2019,Clasico
7324,1,8,14,23,27,26/08/2019,Clasico
7325,10,11,20,23,24,27/08/2019,Clasico
7326,2,4,19,27,28,27/08/2019,Clasico
7327,3,9,10,11,17,28/08/2019,Clasico
7328,5,9,15,16,19,28/08/2019,Clasico
7329,7,12,19,26,27,29/08/2019,Clasico
7330,10,16,18,21,27,29/08/2019,Clasico
7331,2,9,15,24,26,30/08/2019,Clasico
7332,14,15,20,22,27,30/08/2019,Clasico
7333,2,20,23,25,27,31/08/2019,Clasico
7334,11,16,20,24,27,31/08/2019,Clasico
7335,7,8,15,17,25,01/09/2019,Clasico
7336,9,10,11,13,20,01/09/2019,Clasico
7337,6,9,17,22,28,02/09/2019,Clasico
7338,2,7,13,20,28,02/09/2019,Clasico
7339,7,14,18,23,27,03/09/2019,Clasico
7340,14,16,18,21,23,03/09/2019,Clasico
7341,13,17,19,22,28,04/09/2019,Clasico
7342,19,23,24,26,28,04/09/2019,Clasico
7343,7,15,20,21,22,05/09/2019,Clasico
7344,6,9,18,20,23,05/09/2019,Clasico
7345,12,16,18,21,26,06/09/2019,Clasico
7346,5,11,14,26,27,06/09/2019,Clasico
7347,9,11,12,24,26,07/09/2019,Clasico
7348,2,17,19,26,28,07/09/2019,Clasico
7349,8,10,14,23,24,08/09/2019,Clasico
7350,3,13,15,23,24,08/09/2019,Clasico
7351,5,9,10,12,15,09/09/2019,Clasico
7352,1,6,11,15,22,09/09/2019,Clasico
7353,2,11,13,17,23,10/09/2019,Clasico
7354,14,16,18,21,25,10/09/2019,Clasico
7355,9,13,18,21,27,11/09/2019,Clasico
7356,10,12,14,19,23,11/09/2019,Clasico
7357,4,6,7,8,26,12/09/2019,Clasico
7358,14,17,18,23,24,12/09/2019,Clasico
7359,3,9,11,15,26,13/09/2019,Clasico
7360,6,11,26,27,28,13/09/2019,Clasico
7361,1,2,6,12,25,14/09/2019,Clasico
7362,3,7,10,19,24,14/09/2019,Clasico
7363,1,5,8,21,23,15/09/2019,Clasico
7364,2,3,6,23,28,15/09/2019,Clasico
7365,7,13,24,27,28,16/09/2019,Clasico
7366,3,19,22,24,27,16/09/2019,Clasico
7367,1,15,16,17,20,17/09/2019,Clasico
7368,6,8,9,15,25,17/09/2019,Clasico
7369,3,12,13,24,28,18/09/2019,Clasico
7370,1,11,12,22,25,18/09/2019,Clasico
7371,14,16,18,22,27,19/09/2019,Clasico
7372,3,18,20,27,28,19/09/2019,Clasico
7373,14,20,21,22,28,20/09/2019,Clasico
7374,10,15,18,25,28,20/09/2019,Clasico
7375,5,9,10,14,23,21/09/2019,Clasico
7376,8,10,18,20,27,21/09/2019,Clasico
7377,3,6,14,19,26,22/09/2019,Clasico
7378,3,9,11,14,21,22/09/2019,Clasico
7379,3,17,20,25,28,23/09/2019,Clasico
7380,9,22,23,25,26,23/09/2019,Clasico
7381,2,9,11,21,25,24/09/2019,Clasico
7382,11,17,22,23,26,24/09/2019,Clasico
7383,2,12,15,18,22,25/09/2019,Clasico
7384,1,9,17,26,28,25/09/2019,Clasico
7385,2,20,21,24,26,26/09/2019,Clasico
7386,2,13,18,22,26,26/09/2019,Clasico
7387,9,10,12,19,24,27/09/2019,Clasico
7388,8,13,14,20,28,27/09/2019,Clasico
7389,10,14,15,20,23,28/09/2019,Clasico
7390,4,5,6,24,26,28/09/2019,Clasico
7391,12,17,21,22,23,29/09/2019,Clasico
7392,1,5,6,10,21,29/09/2019,Clasico
7393,10,18,20,26,27,30/09/2019,Clasico
7394,12,15,16,20,23,30/09/2019,Clasico
7395,3,6,12,15,21,01/10/2019,Clasico
7396,7,9,14,25,27,01/10/2019,Clasico
7397,1,15,17,24,26,02/10/2019,Clasico
7398,2,3,12,17,26,02/10/2019,Clasico
7399,3,9,11,26,28,03/10/2019,Clasico
7400,5,13,14,15,17,03/10/2019,Clasico
7401,5,10,14,21,23,04/10/2019,Clasico
7402,1,11,16,17,24,04/10/2019,Clasico
7403,2,10,12,22,23,05/10/2019,Clasico
7404,10,17,20,23,24,05/10/2019,Clasico
7405,10,19,22,23,24,06/10/2019,Clasico
7406,4,14,15,26,28,06/10/2019,Clasico
7407,2,9,13,16,28,07/10/2019,Clasico
7408,2,5,14,21,25,07/10/2019,Clasico
7409,7,12,17,23,24,08/10/2019,Clasico
7410,7,15,22,27,28,08/10/2019,Clasico
7411,5,12,14,27,28,09/10/2019,Clasico
7412,2,5,9,11,22,09/10/2019,Clasico
7413,7,15,16,20,22,10/10/2019,Clasico
7414,9,12,14,16,25,10/10/2019,Clasico
7415,4,15,20,22,23,11/10/2019,Clasico
7416,5,7,10,15,27,11/10/2019,Clasico
7417,7,20,23,25,26,12/10/2019,Clasico
7418,5,7,19,21,28,12/10/2019,Clasico
7419,1,4,19,22,26,13/10/2019,Clasico
7420,4,10,12,25,28,13/10/2019,Clasico
7421,2,3,7,16,27,14/10/2019,Clasico
7422,3,10,12,21,27,14/10/2019,Clasico
7423,4,8,18,22,24,15/10/2019,Clasico
7424,5,11,16,17,18,15/10/2019,Clasico
7425,5,8,20,22,24,16/10/2019,Clasico
7426,7,18,23,26,28,16/10/2019,Clasico
7427,11,13,16,19,20,17/10/2019,Clasico
7428,6,7,15,19,23,17/10/2019,Clasico
7429,1,10,11,18,25,18/10/2019,Clasico
7430,4,5,11,22,24,18/10/2019,Clasico
7431,1,21,23,25,27,19/10/2019,Clasico
7432,2,7,8,17,21,19/10/2019,Clasico
7433,10,11,14,25,26,20/10/2019,Clasico
7434,6,9,16,23,27,20/10/2019,Clasico
7435,5,9,15,18,24,21/10/2019,Clasico
7436,3,9,21,27,28,21/10/2019,Clasico
7437,3,9,13,19,25,22/10/2019,Clasico
7438,5,8,9,14,26,22/10/2019,Clasico
7439,5,9,12,15,21,23/10/2019,Clasico
7440,10,11,12,19,24,23/10/2019,Clasico
7441,4,12,19,21,27,24/10/2019,Clasico
7442,2,8,10,16,28,24/10/2019,Clasico
7443,10,11,13,19,24,25/10/2019,Clasico
7444,3,13,19,21,24,25/10/2019,Clasico
7445,6,8,14,16,19,26/10/2019,Clasico
7446,21,23,24,25,28,26/10/2019,Clasico
7447,9,10,11,23,24,27/10/2019,Clasico
7448,2,4,9,10,27,27/10/2019,Clasico
7449,5,10,13,15,28,28/10/2019,Clasico
7450,5,12,15,23,28,28/10/2019,Clasico
7451,1,10,14,19,27,29/10/2019,Clasico
7452,5,7,8,9,14,29/10/2019,Clasico
7453,9,10,14,24,28,30/10/2019,Clasico
7454,4,11,12,13,21,30/10/2019,Clasico
7455,4,6,7,11,17,31/10/2019,Clasico
7456,1,4,15,16,26,31/10/2019,Clasico
7457,9,10,13,14,15,01/11/2019,Clasico
7458,2,7,12,18,22,01/11/2019,Clasico
7459,6,8,10,15,25,02/11/2019,Clasico
7460,11,16,17,19,28,02/11/2019,Clasico
7461,3,18,19,20,24,03/11/2019,Clasico
7462,9,10,17,19,26,03/11/2019,Clasico
7463,5,7,11,12,24,04/11/2019,Clasico
7464,3,9,13,22,24,04/11/2019,Clasico
7465,5,6,15,17,20,05/11/2019,Clasico
7466,11,14,17,22,24,05/11/2019,Clasico
7467,3,8,10,17,23,06/11/2019,Clasico
7468,8,11,13,15,16,06/11/2019,Clasico
7469,1,14,16,22,27,07/11/2019,Clasico
7470,6,11,14,18,25,07/11/2019,Clasico
7471,2,4,6,11,27,08/11/2019,Clasico
7472,1,2,13,24,26,08/11/2019,Clasico
7473,7,9,13,21,23,09/11/2019,Clasico
7474,6,13,21,27,28,09/11/2019,Clasico
7475,3,6,7,8,14,10/11/2019,Clasico
7476,2,5,12,21,25,10/11/2019,Clasico
7477,9,21,22,25,27,11/11/2019,Clasico
7478,10,13,18,21,27,11/11/2019,Clasico
7479,1,3,7,8,27,12/11/2019,Clasico
7480,2,5,8,18,21,12/11/2019,Clasico
7481,18,19,24,27,28,13/11/2019,Clasico
7482,2,19,20,24,27,13/11/2019,Clasico
7483,8,9,13,19,25,14/11/2019,Clasico
7484,2,4,10,19,24,14/11/2019,Clasico
7485,1,12,13,18,21,15/11/2019,Clasico
7486,16,17,18,24,27,15/11/2019,Clasico
7487,6,16,18,24,26,16/11/2019,Clasico
7488,7,14,17,23,24,16/11/2019,Clasico
7489,4,6,7,15,18,17/11/2019,Clasico
7490,8,10,12,16,26,17/11/2019,Clasico
7491,1,5,9,14,15,18/11/2019,Clasico
7492,10,11,21,23,26,18/11/2019,Clasico
7493,3,4,12,17,20,19/11/2019,Clasico
7494,1,10,14,19,23,19/11/2019,Clasico
7495,3,4,21,23,24,20/11/2019,Clasico
7496,9,12,20,22,25,20/11/2019,Clasico
7497,6,11,18,24,28,21/11/2019,Clasico
7498,2,4,8,14,16,21/11/2019,Clasico
7499,5,7,8,13,20,22/11/2019,Clasico
7500,2,12,15,20,21,22/11/2019,Clasico
7501,2,4,17,18,20,23/11/2019,Clasico
7502,6,12,23,24,26,23/11/2019,Clasico
7503,5,8,22,27,28,24/11/2019,Clasico
7504,1,10,14,17,22,24/11/2019,Clasico
7505,5,6,19,20,27,25/11/2019,Clasico
7506,2,9,16,26,27,25/11/2019,Clasico
7507,6,9,12,22,28,26/11/2019,Clasico
7508,9,13,21,26,28,26/11/2019,Clasico
7509,2,3,6,7,12,27/11/2019,Clasico
7510,5,10,11,17,20,27/11/2019,Clasico
7511,15,24,25,27,28,28/11/2019,Clasico
7512,1,4,22,26,28,28/11/2019,Clasico
7513,17,25,26,27,28,29/11/2019,Clasico
7514,10,13,18,19,22,29/11/2019,Clasico
7515,7,9,20,22,23,30/11/2019,Clasico
7516,4,7,18,22,23,30/11/2019,Clasico
7517,2,4,12,21,24,01/12/2019,Clasico
7518,3,4,6,7,28,01/12/2019,Clasico
7519,2,8,11,23,28,02/12/2019,Clasico
7520,5,19,22,23,25,02/12/2019,Clasico
7521,11,15,21,24,25,03/12/2019,Clasico
7522,5,13,16,22,28,03/12/2019,Clasico
7523,5,7,11,22,26,04/12/2019,Clasico
7524,12,14,16,19,27,04/12/2019,Clasico
7525,10,12,20,22,28,05/12/2019,Clasico
7526,2,3,6,13,16,05/12/2019,Clasico
7527,1,2,8,19,28,06/12/2019,Clasico
7528,8,11,23,24,28,06/12/2019,Clasico
7529,16,18,22,25,27,07/12/2019,Clasico
7530,1,5,12,13,23,07/12/2019,Clasico
7531,2,5,6,8,12,08/12/2019,Clasico
7532,8,17,24,25,27,08/12/2019,Clasico
7533,8,10,15,16,20,09/12/2019,Clasico
7534,7,8,18,19,25,09/12/2019,Clasico
7535,3,4,6,8,17,10/12/2019,Clasico
7536,3,10,15,16,18,10/12/2019,Clasico
7537,2,3,18,21,23,11/12/2019,Clasico
7538,11,13,16,23,26,11/12/2019,Clasico
7539,3,8,12,21,22,12/12/2019,Clasico
7540,7,9,19,20,24,12/12/2019,Clasico
7541,7,15,17,19,27,13/12/2019,Clasico
7542,1,7,9,11,15,13/12/2019,Clasico
7543,1,21,22,24,27,14/12/2019,Clasico
7544,3,7,11,15,24,14/12/2019,Clasico
7545,1,10,16,20,28,15/12/2019,Clasico
7546,1,5,9,10,16,15/12/2019,Clasico
7547,7,20,21,23,25,16/12/2019,Clasico
7548,8,9,11,24,27,16/12/2019,Clasico
7549,3,11,17,21,27,17/12/2019,Clasico
7550,1,6,8,11,25,17/12/2019,Clasico
7551,12,13,18,22,23,18/12/2019,Clasico
7552,3,5,8,12,21,18/12/2019,Clasico
7553,1,6,11,22,28,19/12/2019,Clasico
7554,1,2,10,21,24,19/12/2019,Clasico
7555,3,4,12,25,28,20/12/2019,Clasico
7556,1,6,7,10,24,20/12/2019,Clasico
7557,4,11,17,20,24,21/12/2019,Clasico
7558,1,11,16,21,23,21/12/2019,Clasico
7559,6,7,18,21,24,22/12/2019,Clasico
7560,3,6,8,24,25,22/12/2019,Clasico
7561,4,5,10,18,22,23/12/2019,Clasico
7562,7,12,17,23,28,23/12/2019,Clasico
7563,8,10,16,20,21,24/12/2019,Clasico
7564,4,7,9,14,21,24/12/2019,Clasico
7565,6,13,18,22,28,25/12/2019,Clasico
7566,4,6,13,14,28,25/12/2019,Clasico
7567,1,5,11,14,26,26/12/2019,Clasico
7568,1,3,9,11,24,26/12/2019,Clasico
7569,1,4,6,16,17,27/12/2019,Clasico
7570,6,14,15,22,25,27/12/2019,Clasico
7571,3,10,18,24,25,28/12/2019,Clasico
7572,4,11,12,24,25,28/12/2019,Clasico
7573,1,7,12,25,26,29/12/2019,Clasico
7574,4,7,12,20,24,29/12/2019,Clasico
7575,1,2,4,6,14,30/12/2019,Clasico
7576,1,5,9,17,18,30/12/2019,Clasico
7577,14,19,20,23,25,31/12/2019,Clasico
7578,4,8,14,20,23,31/12/2019,Clasico
7579,9,12,17,20,23,01/01/2020,Clasico
7580,3,13,17,22,28,01/01/2020,Clasico
7581,9,16,20,22,28,02/01/2020,Clasico
7582,1,6,8,13,22,02/01/2020,Clasico
7583,7,8,10,11,18,03/01/2020,Clasico
7584,5,8,11,16,28,03/01/2020,Clasico
7585,6,8,19,23,28,04/01/2020,Clasico
7586,3,20,21,22,25,04/01/2020,Clasico
7587,1,5,8,25,27,05/01/2020,Clasico
7588,1,3,4,8,25,05/01/2020,Clasico
7589,12,13,16,19,21,06/01/2020,Clasico
7590,1,2,8,17,27,06/01/2020,Clasico
7591,10,14,17,23,24,07/01/2020,Clasico
7592,11,18,20,23,25,07/01/2020,Clasico
7593,11,12,21,22,25,08/01/2020,Clasico
7594,8,14,16,18,22,08/01/2020,Clasico
7595,2,8,11,27,28,09/01/2020,Clasico
7596,4,5,10,18,21,09/01/2020,Clasico
7597,6,12,13,21,25,10/01/2020,Clasico
7598,5,9,10,17,24,10/01/2020,Clasico
7599,11,12,17,22,23,11/01/2020,Clasico
7600,15,16,20,21,24,11/01/2020,Clasico
7601,5,9,10,14,23,12/01/2020,Clasico
7602,11,17,18,24,25,12/01/2020,Clasico
7603,15,20,22,23,28,13/01/2020,Clasico
7604,10,12,13,20,23,13/01/2020,Clasico
7605,2,21,24,25,28,14/01/2020,Clasico
7606,6,13,18,20,28,14/01/2020,Clasico
7607,3,9,10,12,13,15/01/2020,Clasico
7608,2,4,6,7,16,15/01/2020,Clasico
7609,8,11,12,13,25,16/01/2020,Clasico
7610,4,9,16,17,20,16/01/2020,Clasico
7611,3,4,14,17,25,17/01/2020,Clasico
7612,3,7,24,25,27,17/01/2020,Clasico
7613,5,7,9,14,22,18/01/2020,Clasico
7614,1,8,14,17,21,18/01/2020,Clasico
7615,7,11,23,26,28,19/01/2020,Clasico
7616,4,12,24,26,27,19/01/2020,Clasico
7617,4,12,15,21,24,20/01/2020,Clasico
7618,2,5,18,23,24,20/01/2020,Clasico
7619,5,13,15,16,17,21/01/2020,Clasico
7620,5,21,22,23,25,21/01/2020,Clasico
7621,11,17,20,22,24,22/01/2020,Clasico
7622,4,15,16,18,27,22/01/2020,Clasico
7623,12,17,20,25,28,23/01/2020,Clasico
7624,2,4,22,25,27,23/01/2020,Clasico
7625,4,5,6,15,26,24/01/2020,Clasico
7626,1,7,9,16,18,24/01/2020,Clasico
7627,2,6,10,20,21,25/01/2020,Clasico
7628,2,3,10,22,25,25/01/2020,Clasico
7629,6,8,18,22,27,26/01/2020,Clasico
7630,4,5,15,20,26,26/01/2020,Clasico
7631,6,12,16,20,28,27/01/2020,Clasico
7632,6,11,12,19,27,27/01/2020,Clasico
7633,8,11,21,24,25,28/01/2020,Clasico
7634,7,19,20,24,26,28/01/2020,Clasico
7635,1,5,9,18,28,29/01/2020,Clasico
7636,1,12,13,14,21,29/01/2020,Clasico
7637,5,7,18,22,27,30/01/2020,Clasico
7638,2,5,8,11,20,30/01/2020,Clasico
7639,1,2,3,11,26,31/01/2020,Clasico
7640,2,7,16,22,25,31/01/2020,Clasico
7641,5,6,22,27,28,01/02/2020,Clasico
7642,9,10,14,21,24,01/02/2020,Clasico
7643,7,8,9,23,26,02/02/2020,Clasico
7644,4,10,11,20,24,02/02/2020,Clasico
7645,2,6,14,18,27,03/02/2020,Clasico
7646,3,6,7,14,28,03/02/2020,Clasico
7647,2,12,15,16,24,04/02/2020,Clasico
7648,7,9,13,14,28,04/02/2020,Clasico
7649,1,11,14,23,26,05/02/2020,Clasico
7650,5,8,11,22,24,05/02/2020,Clasico
7651,4,7,18,19,24,06/02/2020,Clasico
7652,8,9,17,18,26,06/02/2020,Clasico
7653,13,14,15,19,27,07/02/2020,Clasico
7654,4,5,6,15,26,07/02/2020,Clasico
7655,4,8,9,14,22,08/02/2020,Clasico
7656,1,5,7,24,28,08/02/2020,Clasico
7657,6,7,18,20,28,09/02/2020,Clasico
7658,7,12,22,26,27,09/02/2020,Clasico
7659,1,11,14,18,22,10/02/2020,Clasico
7660,2,3,13,25,26,10/02/2020,Clasico
7661,11,13,19,21,24,11/02/2020,Clasico
7662,7,15,21,22,25,11/02/2020,Clasico
7663,1,3,14,23,25,12/02/2020,Clasico
7664,1,8,19,22,23,12/02/2020,Clasico
7665,2,5,14,19,28,13/02/2020,Clasico
7666,4,11,12,15,25,13/02/2020,Clasico
7667,8,10,13,18,24,14/02/2020,Clasico
7668,4,9,19,21,26,14/02/2020,Clasico
7669,14,15,21,22,26,15/02/2020,Clasico
7670,3,9,10,21,24,15/02/2020,Clasico
7671,4,11,16,17,21,16/02/2020,Clasico
7672,10,15,18,23,26,16/02/2020,Clasico
7673,2,8,10,13,18,17/02/2020,Clasico
7674,6,16,17,24,25,17/02/2020,Clasico
7675,1,10,19,23,27,18/02/2020,Clasico
7676,7,15,18,21,22,18/02/2020,Clasico
7677,4,6,25,26,28,19/02/2020,Clasico
7678,2,7,13,24,25,19/02/2020,Clasico
7679,2,6,7,9,27,20/02/2020,Clasico
7680,4,8,9,11,27,20/02/2020,Clasico
7681,3,6,7,19,27,21/02/2020,Clasico
7682,11,20,21,22,25,21/02/2020,Clasico
7683,5,6,8,14,20,22/02/2020,Clasico
7684,3,16,17,25,26,22/02/2020,Clasico
7685,6,7,8,14,23,23/02/2020,Clasico
7686,5,12,18,20,25,23/02/2020,Clasico
7687,5,7,8,16,17,24/02/2020,Clasico
7688,6,11,18,19,26,24/02/2020,Clasico
7689,1,6,11,13,25,25/02/2020,Clasico
7690,1,2,5,16,27,25/02/2020,Clasico
7691,6,13,14,17,20,26/02/2020,Clasico
7692,13,19,23,27,28,26/02/2020,Clasico
7693,1,5,10,17,22,27/02/2020,Clasico
7694,3,9,13,17,23,27/02/2020,Clasico
7695,1,2,3,6,12,28/02/2020,Clasico
7696,9,13,20,23,26,28/02/2020,Clasico
7697,4,9,10,15,27,29/02/2020,Clasico
7698,4,14,19,24,28,29/02/2020,Clasico
7699,4,6,12,15,18,01/03/2020,Clasico
7700,1,3,8,15,23,01/03/2020,Clasico
7701,2,5,14,15,21,02/03/2020,Clasico
7702,4,9,10,14,25,02/03/2020,Clasico
7703,1,6,12,17,26,03/03/2020,Clasico
7704,4,10,11,23,25,03/03/2020,Clasico
7705,7,10,15,20,22,04/03/2020,Clasico
7706,11,12,15,18,25,04/03/2020,Clasico
7707,4,12,14,23,25,05/03/2020,Clasico
7708,4,7,19,23,28,05/03/2020,Clasico
7709,7,19,21,27,28,06/03/2020,Clasico
7710,1,8,15,16,27,06/03/2020,Clasico
7711,6,9,19,20,22,07/03/2020,Clasico
7712,9,11,14,16,17,07/03/2020,Clasico
7713,2,3,13,14,19,08/03/2020,Clasico
7714,8,12,16,21,27,08/03/2020,Clasico
7715,2,5,11,12,27,09/03/2020,Clasico
7716,15,19,20,24,26,09/03/2020,Clasico
7717,5,7,10,19,27,10/03/2020,Clasico
7718,3,9,13,23,25,10/03/2020,Clasico
7719,3,10,15,21,22,11/03/2020,Clasico
7720,6,8,12,18,22,11/03/2020,Clasico
7721,6,11,15,17,23,12/03/2020,Clasico
7722,1,4,10,21,27,12/03/2020,Clasico
7723,5,6,13,22,24,13/03/2020,Clasico
7724,5,7,8,12,16,13/03/2020,Clasico
7725,1,7,11,16,27,14/03/2020,Clasico
7726,8,13,14,19,27,14/03/2020,Clasico
7727,9,20,24,26,27,15/03/2020,Clasico
7728,3,13,19,20,24,15/03/2020,Clasico
7729,4,12,16,20,24,16/03/2020,Clasico
7730,9,13,23,26,27,16/03/2020,Clasico
7731,6,11,13,14,23,17/03/2020,Clasico
7732,13,17,18,27,28,17/03/2020,Clasico
7733,1,5,8,10,11,18/03/2020,Clasico
7734,2,4,6,15,22,18/03/2020,Clasico
7735,3,8,14,16,21,19/03/2020,Clasico
7736,15,19,21,24,26,19/03/2020,Clasico
7737,4,16,19,23,24,20/03/2020,Clasico
7738,3,4,8,16,28,20/03/2020,Clasico
7739,1,2,11,19,20,21/03/2020,Clasico
7740,2,19,22,23,28,21/03/2020,Clasico
7741,11,13,21,25,27,22/03/2020,Clasico
7742,5,6,9,11,24,22/03/2020,Clasico
7743,3,5,12,19,23,23/03/2020,Clasico
7744,9,12,13,16,24,23/03/2020,Clasico
7745,1,12,16,21,22,24/03/2020,Clasico
7746,5,7,11,12,16,24/03/2020,Clasico
7747,2,3,6,14,18,25/03/2020,Clasico
7748,5,7,9,13,17,25/03/2020,Clasico
7749,4,17,22,24,28,26/03/2020,Clasico
7750,4,9,20,22,26,26/03/2020,Clasico
7751,4,7,12,24,26,27/03/2020,Clasico
7752,2,12,17,19,24,27/03/2020,Clasico
7753,4,19,21,23,25,28/03/2020,Clasico
7754,4,12,15,19,28,28/03/2020,Clasico
7755,2,3,6,9,11,29/03/2020,Clasico
7756,1,6,9,18,22,29/03/2020,Clasico
7757,4,6,8,15,26,30/03/2020,Clasico
7758,4,10,23,25,28,30/03/2020,Clasico
7759,3,11,21,26,28,31/03/2020,Clasico
7760,3,10,20,27,28,31/03/2020,Clasico
7761,9,15,16,20,27,01/04/2020,Clasico
7762,1,2,10,12,28,01/04/2020,Clasico
7763,4,14,20,24,27,23/07/2020,Clasico
7764,1,2,8,9,13,23/07/2020,Clasico
7765,1,11,15,27,28,24/07/2020,Clasico
7766,4,12,13,23,26,24/07/2020,Clasico
7767,4,7,11,24,26,25/07/2020,Clasico
7768,6,7,10,17,24,25/07/2020,Clasico
7769,16,20,24,25,28,26/07/2020,Clasico
7770,8,13,22,27,28,26/07/2020,Clasico
7771,1,2,5,9,13,27/07/2020,Clasico
7772,6,17,18,24,26,27/07/2020,Clasico
7773,4,7,10,11,20,28/07/2020,Clasico
7774,6,10,11,22,27,28/07/2020,Clasico
7775,5,10,16,18,21,29/07/2020,Clasico
7776,2,8,15,16,19,29/07/2020,Clasico
7777,1,6,8,20,24,30/07/2020,Clasico
7778,3,8,10,15,17,30/07/2020,Clasico
7779,2,4,9,26,28,31/07/2020,Clasico
7780,5,7,11,23,28,31/07/2020,Clasico
7781,1,3,8,16,19,01/08/2020,Clasico
7782,8,17,19,20,26,01/08/2020,Clasico
7783,2,3,7,12,21,02/08/2020,Clasico
7784,9,11,12,22,23,02/08/2020,Clasico
7785,3,8,13,26,27,03/08/2020,Clasico
7786,2,7,19,24,28,03/08/2020,Clasico
7787,9,13,14,17,27,04/08/2020,Clasico
7788,8,13,14,15,16,04/08/2020,Clasico
7789,1,3,19,21,23,05/08/2020,Clasico
7790,2,10,14,25,27,05/08/2020,Clasico
7791,1,3,10,19,28,06/08/2020,Clasico
7792,1,10,16,18,20,06/08/2020,Clasico
7793,3,9,14,16,22,07/08/2020,Clasico
7794,6,11,12,15,24,07/08/2020,Clasico
7795,1,6,13,17,19,08/08/2020,Clasico
7796,9,11,15,16,18,08/08/2020,Clasico
7797,5,10,21,25,28,09/08/2020,Clasico
7798,6,16,17,25,27,09/08/2020,Clasico
7799,14,16,17,18,23,10/08/2020,Clasico
7800,1,2,6,11,20,10/08/2020,Clasico
7801,3,4,7,14,25,11/08/2020,Clasico
7802,3,5,9,13,26,11/08/2020,Clasico
7803,2,4,5,18,27,12/08/2020,Clasico
7804,1,3,13,14,15,12/08/2020,Clasico
7805,1,3,4,12,23,13/08/2020,Clasico
7806,3,5,6,11,28,13/08/2020,Clasico
7807,3,12,15,19,25,14/08/2020,Clasico
7808,16,18,26,27,28,14/08/2020,Clasico
7809,1,3,5,9,26,15/08/2020,Clasico
7810,8,11,14,15,28,15/08/2020,Clasico
7811,1,7,8,17,28,16/08/2020,Clasico
7812,10,18,20,21,25,16/08/2020,Clasico
7813,3,15,18,23,26,17/08/2020,Clasico
7814,11,13,24,25,27,17/08/2020,Clasico
7815,1,6,9,12,26,18/08/2020,Clasico
7816,2,5,6,12,17,18/08/2020,Clasico
7817,2,4,6,15,17,19/08/2020,Clasico
7818,2,6,16,22,28,19/08/2020,Clasico
7819,3,6,18,19,22,20/08/2020,Clasico
7820,10,14,15,23,27,20/08/2020,Clasico
7821,6,12,14,15,16,21/08/2020,Clasico
7822,1,10,16,18,25,21/08/2020,Clasico
7823,4,13,18,25,26,22/08/2020,Clasico
7824,6,7,16,21,22,22/08/2020,Clasico
7825,6,19,20,25,27,23/08/2020,Clasico
7826,4,6,8,18,25,23/08/2020,Clasico
7827,7,8,9,25,27,24/08/2020,Clasico
7828,1,8,16,21,25,24/08/2020,Clasico
7829,13,15,21,22,25,25/08/2020,Clasico
7830,10,13,18,20,23,25/08/2020,Clasico
7831,16,20,25,26,28,26/08/2020,Clasico
7832,4,5,13,24,27,26/08/2020,Clasico
7833,7,8,9,11,14,27/08/2020,Clasico
7834,10,18,19,24,26,27/08/2020,Clasico
7835,3,10,11,25,27,28/08/2020,Clasico
7836,5,6,14,16,28,28/08/2020,Clasico
7837,1,6,8,16,25,29/08/2020,Clasico
7838,11,16,17,19,27,29/08/2020,Clasico
7839,2,5,11,14,22,30/08/2020,Clasico
7840,17,21,23,27,28,30/08/2020,Clasico
7841,1,3,19,20,23,31/08/2020,Clasico
7842,1,4,10,23,25,31/08/2020,Clasico
7843,1,10,13,24,25,01/09/2020,Clasico
7844,8,13,17,18,19,01/09/2020,Clasico
7845,5,7,11,18,26,02/09/2020,Clasico
7846,3,5,16,23,26,02/09/2020,Clasico
7847,3,19,21,22,25,03/09/2020,Clasico
7848,1,5,20,25,28,03/09/2020,Clasico
7849,1,3,4,14,17,04/09/2020,Clasico
7850,2,4,13,21,25,04/09/2020,Clasico
7851,1,12,20,23,28,05/09/2020,Clasico
7852,3,10,14,16,26,05/09/2020,Clasico
7853,2,3,4,7,25,06/09/2020,Clasico
7854,9,12,13,23,26,06/09/2020,Clasico
7855,9,15,16,18,28,07/09/2020,Clasico
7856,9,14,20,22,27,07/09/2020,Clasico
7857,5,7,8,16,23,08/09/2020,Clasico
7858,1,4,12,19,27,08/09/2020,Clasico
7859,4,9,21,22,25,09/09/2020,Clasico
7860,6,11,18,20,25,09/09/2020,Clasico
7861,1,3,15,17,23,10/09/2020,Clasico
7862,11,14,16,17,22,10/09/2020,Clasico
7863,9,11,14,16,22,11/09/2020,Clasico
7864,1,2,4,5,13,11/09/2020,Clasico
7865,9,12,16,27,28,12/09/2020,Clasico
7866,8,9,10,22,26,12/09/2020,Clasico
7867,2,7,9,15,19,13/09/2020,Clasico
7868,10,12,14,15,24,13/09/2020,Clasico
7869,2,3,4,16,22,14/09/2020,Clasico
7870,9,12,13,21,24,14/09/2020,Clasico
7871,2,8,11,13,23,15/09/2020,Clasico
7872,1,7,11,19,26,15/09/2020,Clasico
7873,1,9,10,22,28,16/09/2020,Clasico
7874,2,8,16,17,26,16/09/2020,Clasico
7875,3,4,5,17,25,17/09/2020,Clasico
7876,3,5,19,20,23,17/09/2020,Clasico
7877,1,3,9,13,28,18/09/2020,Clasico
7878,7,8,17,23,25,18/09/2020,Clasico
7879,15,21,24,25,26,19/09/2020,Clasico
7880,1,4,21,24,25,19/09/2020,Clasico
7881,9,17,19,20,24,20/09/2020,Clasico
7882,1,6,15,16,17,20/09/2020,Clasico
7883,2,9,16,23,27,21/09/2020,Clasico
7884,3,6,16,18,20,21/09/2020,Clasico
7885,5,7,13,19,21,22/09/2020,Clasico
7886,8,12,19,23,28,22/09/2020,Clasico
7887,3,7,15,19,21,23/09/2020,Clasico
7888,10,14,17,22,25,23/09/2020,Clasico
7889,2,8,10,25,28,24/09/2020,Clasico
7890,6,8,19,23,25,24/09/2020,Clasico
7891,3,12,14,16,20,25/09/2020,Clasico
7892,1,8,13,18,28,25/09/2020,Clasico
7893,3,7,12,17,28,26/09/2020,Clasico
7894,16,21,22,23,25,26/09/2020,Clasico
7895,13,17,20,21,26,27/09/2020,Clasico
7896,3,7,17,18,24,27/09/2020,Clasico
7897,4,8,10,12,16,28/09/2020,Clasico
7898,8,15,18,23,26,28/09/2020,Clasico
7899,2,3,9,13,26,29/09/2020,Clasico
7900,10,15,16,21,27,29/09/2020,Clasico
7901,5,10,11,13,16,30/09/2020,Clasico
7902,1,9,15,26,28,30/09/2020,Clasico
7903,7,9,16,20,25,01/10/2020,Clasico
7904,1,6,9,25,27,01/10/2020,Clasico
7905,13,14,21,26,28,02/10/2020,Clasico
7906,1,4,15,17,18,02/10/2020,Clasico
7907,2,5,10,14,23,03/10/2020,Clasico
7908,12,14,16,20,22,03/10/2020,Clasico
7909,1,13,15,17,20,04/10/2020,Clasico
7910,3,9,11,13,26,04/10/2020,Clasico
7911,10,11,16,22,23,05/10/2020,Clasico
7912,2,3,5,13,28,05/10/2020,Clasico
7913,9,16,17,18,27,06/10/2020,Clasico
7914,2,6,19,20,24,06/10/2020,Clasico
7915,3,6,13,15,20,07/10/2020,Clasico
7916,3,10,12,15,19,07/10/2020,Clasico
7917,14,17,22,25,28,08/10/2020,Clasico
7918,12,13,14,16,26,08/10/2020,Clasico
7919,7,8,10,14,22,09/10/2020,Clasico
7920,8,13,16,20,24,09/10/2020,Clasico
7921,7,16,18,20,26,10/10/2020,Clasico
7922,1,3,9,11,16,10/10/2020,Clasico
7923,2,9,11,13,18,11/10/2020,Clasico
7924,6,11,16,17,25,11/10/2020,Clasico
7925,6,7,22,23,25,12/10/2020,Clasico
7926,5,7,8,20,27,12/10/2020,Clasico
7927,5,10,12,13,16,13/10/2020,Clasico
7928,3,16,17,24,27,13/10/2020,Clasico
7929,4,9,14,16,28,14/10/2020,Clasico
7930,7,10,11,14,24,14/10/2020,Clasico
7931,3,5,9,13,27,15/10/2020,Clasico
7932,2,9,10,19,20,15/10/2020,Clasico
7933,6,13,21,25,26,16/10/2020,Clasico
7934,1,7,9,13,19,16/10/2020,Clasico
7935,1,8,13,18,21,17/10/2020,Clasico
7936,8,17,19,20,21,17/10/2020,Clasico
7937,2,5,10,23,25,18/10/2020,Clasico
7938,4,7,10,20,21,18/10/2020,Clasico
7939,2,3,5,18,28,19/10/2020,Clasico
7940,6,9,11,18,20,19/10/2020,Clasico
7941,7,12,16,19,25,20/10/2020,Clasico
7942,3,9,11,17,25,20/10/2020,Clasico
7943,8,13,22,23,28,21/10/2020,Clasico
7944,8,9,20,24,27,21/10/2020,Clasico
7945,2,7,10,18,21,22/10/2020,Clasico
7946,7,8,18,22,26,22/10/2020,Clasico
7947,3,10,12,18,19,23/10/2020,Clasico
7948,3,6,17,18,21,23/10/2020,Clasico
7949,2,5,13,21,28,24/10/2020,Clasico
7950,1,6,11,12,19,24/10/2020,Clasico
7951,2,6,13,22,25,25/10/2020,Clasico
7952,10,14,15,20,26,25/10/2020,Clasico
7953,1,7,8,18,28,26/10/2020,Clasico
7954,1,6,19,20,22,26/10/2020,Clasico
7955,2,20,21,23,28,27/10/2020,Clasico
7956,1,10,18,21,24,27/10/2020,Clasico
7957,6,16,18,20,26,28/10/2020,Clasico
7958,1,6,16,24,27,28/10/2020,Clasico
7959,5,10,12,21,26,29/10/2020,Clasico
7960,2,12,14,19,28,29/10/2020,Clasico
7961,4,12,19,23,25,30/10/2020,Clasico
7962,1,3,5,18,23,30/10/2020,Clasico
7963,1,10,15,22,25,31/10/2020,Clasico
7964,2,5,6,20,27,31/10/2020,Clasico
7965,3,5,7,10,26,01/11/2020,Clasico
7966,3,4,14,18,25,01/11/2020,Clasico
7967,1,3,5,7,10,02/11/2020,Clasico
7968,1,3,20,23,24,02/11/2020,Clasico
7969,2,17,19,22,27,03/11/2020,Clasico
7970,1,2,3,8,17,03/11/2020,Clasico
7971,3,10,14,22,24,04/11/2020,Clasico
7972,1,3,10,23,26,04/11/2020,Clasico
7973,3,5,12,15,28,05/11/2020,Clasico
7974,1,3,6,10,12,05/11/2020,Clasico
7975,3,5,7,22,23,06/11/2020,Clasico
7976,4,9,11,12,16,06/11/2020,Clasico
7977,3,9,10,17,21,07/11/2020,Clasico
7978,4,5,15,22,27,07/11/2020,Clasico
7979,11,13,15,23,27,08/11/2020,Clasico
7980,6,12,13,14,18,08/11/2020,Clasico
7981,4,20,23,24,25,09/11/2020,Clasico
7982,3,4,20,21,27,09/11/2020,Clasico
7983,8,14,20,26,28,10/11/2020,Clasico
7984,7,9,18,19,20,10/11/2020,Clasico
7985,4,11,14,15,17,11/11/2020,Clasico
7986,3,10,18,25,28,11/11/2020,Clasico
7987,9,11,22,23,25,12/11/2020,Clasico
7988,3,4,17,19,24,12/11/2020,Clasico
7989,2,11,13,20,21,13/11/2020,Clasico
7990,1,6,12,14,16,13/11/2020,Clasico
7991,1,15,24,26,27,14/11/2020,Clasico
7992,12,13,22,24,27,14/11/2020,Clasico
7993,1,4,10,12,28,15/11/2020,Clasico
7994,1,4,10,17,26,15/11/2020,Clasico
7995,1,2,3,21,22,16/11/2020,Clasico
7996,1,5,9,12,23,16/11/2020,Clasico
7997,1,2,5,12,19,17/11/2020,Clasico
7998,3,4,12,18,21,17/11/2020,Clasico
7999,1,8,11,22,24,18/11/2020,Clasico
8000,1,8,13,18,26,18/11/2020,Clasico
8001,6,11,16,24,26,19/11/2020,Clasico
8002,5,16,17,26,28,19/11/2020,Clasico
8003,1,3,6,21,22,20/11/2020,Clasico
8004,2,9,10,21,26,20/11/2020,Clasico
8005,4,9,10,18,24,21/11/2020,Clasico
8006,8,9,13,22,26,21/11/2020,Clasico
8007,3,6,8,20,22,22/11/2020,Clasico
8008,1,10,14,17,23,22/11/2020,Clasico
8009,4,17,20,24,26,23/11/2020,Clasico
8010,1,5,8,9,25,23/11/2020,Clasico
8011,2,4,16,21,23,24/11/2020,Clasico
8012,3,4,13,16,27,24/11/2020,Clasico
8013,6,12,14,17,19,25/11/2020,Clasico
8014,3,8,12,14,16,25/11/2020,Clasico
8015,1,5,6,21,28,26/11/2020,Clasico
8016,3,9,13,19,25,26/11/2020,Clasico
8017,2,4,10,11,19,27/11/2020,Clasico
8018,6,11,15,25,26,27/11/2020,Clasico
8019,4,5,12,17,24,28/11/2020,Clasico
8020,1,4,5,7,8,28/11/2020,Clasico
8021,4,12,14,17,18,29/11/2020,Clasico
8022,8,12,24,27,28,29/11/2020,Clasico
8023,1,6,9,12,28,30/11/2020,Clasico
8024,2,13,15,22,25,30/11/2020,Clasico
8025,1,2,5,6,28,01/12/2020,Clasico
8026,12,15,19,21,24,01/12/2020,Clasico
8027,4,5,14,16,23,02/12/2020,Clasico
8028,5,7,16,26,27,02/12/2020,Clasico
8029,1,2,11,14,22,03/12/2020,Clasico
8030,3,4,8,9,22,03/12/2020,Clasico
8031,4,11,12,14,16,04/12/2020,Clasico
8032,1,4,22,24,25,04/12/2020,Clasico
8033,2,12,14,25,28,05/12/2020,Clasico
8034,4,5,10,12,13,05/12/2020,Clasico
8035,1,8,10,17,20,06/12/2020,Clasico
8036,8,11,19,24,27,06/12/2020,Clasico
8037,4,13,20,24,28,07/12/2020,Clasico
8038,10,13,19,24,26,07/12/2020,Clasico
8039,14,15,22,24,26,08/12/2020,Clasico
8040,4,8,10,18,27,08/12/2020,Clasico
8041,5,8,12,17,18,09/12/2020,Clasico
8042,5,7,14,21,24,09/12/2020,Clasico
8043,3,7,13,16,21,10/12/2020,Clasico
8044,11,13,19,22,24,10/12/2020,Clasico
8045,2,4,7,9,13,11/12/2020,Clasico
8046,7,9,21,23,24,11/12/2020,Clasico
8047,1,5,6,11,27,12/12/2020,Clasico
8048,5,7,9,13,27,12/12/2020,Clasico
8049,4,5,11,12,26,13/12/2020,Clasico
8050,1,11,12,23,26,13/12/2020,Clasico
8051,3,5,10,12,17,14/12/2020,Clasico
8052,13,16,21,24,25,14/12/2020,Clasico
8053,4,12,13,14,16,15/12/2020,Clasico
8054,4,9,15,17,25,15/12/2020,Clasico
8055,2,6,12,23,25,16/12/2020,Clasico
8056,5,7,13,15,22,16/12/2020,Clasico
8057,3,16,21,24,26,17/12/2020,Clasico
8058,12,14,15,24,25,17/12/2020,Clasico
8059,5,10,12,20,23,18/12/2020,Clasico
8060,1,14,15,24,27,18/12/2020,Clasico
8061,2,15,19,23,25,19/12/2020,Clasico
8062,6,13,18,23,28,19/12/2020,Clasico
8063,1,2,19,24,25,20/12/2020,Clasico
8064,8,9,16,19,27,20/12/2020,Clasico
8065,9,20,21,27,28,21/12/2020,Clasico
8066,3,6,16,21,23,21/12/2020,Clasico
8067,9,18,19,20,28,22/12/2020,Clasico
8068,9,13,19,21,24,22/12/2020,Clasico
8069,3,7,12,20,21,23/12/2020,Clasico
8070,4,11,21,23,27,23/12/2020,Clasico
8071,1,5,16,18,24,24/12/2020,Clasico
8072,1,4,19,20,25,24/12/2020,Clasico
8073,4,6,10,13,22,25/12/2020,Clasico
8074,5,9,10,17,25,25/12/2020,Clasico
8075,1,6,18,20,28,26/12/2020,Clasico
8076,3,5,11,19,22,26/12/2020,Clasico
8077,5,19,22,24,28,27/12/2020,Clasico
8078,4,5,14,20,22,27/12/2020,Clasico
8079,6,10,22,25,28,28/12/2020,Clasico
8080,9,22,25,26,27,28/12/2020,Clasico
8081,1,9,22,26,28,29/12/2020,Clasico
8082,5,8,16,26,27,29/12/2020,Clasico
8083,5,13,21,25,26,30/12/2020,Clasico
8084,9,11,15,21,27,30/12/2020,Clasico
8085,3,11,12,17,24,31/12/2020,Clasico
8086,5,8,12,15,28,31/12/2020,Clasico
8087,1,11,18,19,23,01/01/2021,Clasico
8088,6,12,17,18,22,01/01/2021,Clasico
8089,3,4,6,10,26,02/01/2021,Clasico
8090,2,4,8,13,24,02/01/2021,Clasico
8091,3,4,9,14,22,03/01/2021,Clasico
8092,1,3,17,20,24,03/01/2021,Clasico
8093,4,5,10,11,20,04/01/2021,Clasico
8094,1,12,17,26,28,04/01/2021,Clasico
8095,5,14,15,16,20,05/01/2021,Clasico
8096,2,3,9,14,24,05/01/2021,Clasico
8097,5,7,14,17,19,06/01/2021,Clasico
8098,9,20,22,23,27,06/01/2021,Clasico
8099,6,10,11,25,26,07/01/2021,Clasico
8100,3,9,11,12,14,07/01/2021,Clasico
8101,3,9,14,17,27,08/01/2021,Clasico
8102,5,9,16,21,23,08/01/2021,Clasico
8103,8,14,15,25,26,09/01/2021,Clasico
8104,3,9,10,16,21,09/01/2021,Clasico
8105,1,15,16,18,24,10/01/2021,Clasico
8106,4,11,12,19,21,10/01/2021,Clasico
8107,4,15,18,19,22,11/01/2021,Clasico
8108,4,11,12,21,28,11/01/2021,Clasico
8109,5,7,12,14,25,12/01/2021,Clasico
8110,4,6,8,21,27,12/01/2021,Clasico
8111,3,8,11,23,28,13/01/2021,Clasico
8112,2,13,15,17,25,13/01/2021,Clasico
8113,1,4,12,13,27,14/01/2021,Clasico
8114,1,9,12,21,28,14/01/2021,Clasico
8115,4,5,7,13,16,15/01/2021,Clasico
8116,2,8,17,21,22,15/01/2021,Clasico
8117,5,13,14,15,27,16/01/2021,Clasico
8118,4,9,15,18,23,16/01/2021,Clasico
8119,3,8,18,20,24,17/01/2021,Clasico
8120,2,16,17,18,25,17/01/2021,Clasico
8121,3,5,8,14,17,18/01/2021,Clasico
8122,5,6,14,16,24,18/01/2021,Clasico
8123,6,11,12,23,27,19/01/2021,Clasico
8124,1,5,6,13,21,19/01/2021,Clasico
8125,6,8,22,23,24,20/01/2021,Clasico
8126,11,12,14,19,22,20/01/2021,Clasico
8127,4,6,24,26,27,21/01/2021,Clasico
8128,3,5,11,13,25,21/01/2021,Clasico
8129,4,5,10,21,24,22/01/2021,Clasico
8130,7,9,11,14,21,22/01/2021,Clasico
8131,7,10,11,12,13,23/01/2021,Clasico
8132,2,8,13,14,18,23/01/2021,Clasico
8133,4,8,11,12,15,24/01/2021,Clasico
8134,4,5,13,18,25,24/01/2021,Clasico
8135,6,13,18,22,25,25/01/2021,Clasico
8136,8,12,15,21,26,25/01/2021,Clasico
8137,3,9,19,24,26,26/01/2021,Clasico
8138,1,11,13,19,21,26/01/2021,Clasico
8139,6,9,10,23,28,27/01/2021,Clasico
8140,7,11,15,16,25,27/01/2021,Clasico
8141,12,20,23,25,27,28/01/2021,Clasico
8142,3,4,10,11,20,28/01/2021,Clasico
8143,4,6,11,17,22,29/01/2021,Clasico
8144,4,5,14,22,28,29/01/2021,Clasico
8145,2,16,22,25,27,30/01/2021,Clasico
8146,1,3,12,15,18,30/01/2021,Clasico
8147,8,16,17,21,22,31/01/2021,Clasico
8148,1,4,13,18,25,31/01/2021,Clasico
8149,5,11,15,27,28,01/02/2021,Clasico
8150,4,10,16,19,27,01/02/2021,Clasico
8151,17,18,20,26,27,02/02/2021,Clasico
8152,2,5,6,15,18,02/02/2021,Clasico
8153,1,4,7,10,14,03/02/2021,Clasico
8154,3,17,21,22,26,03/02/2021,Clasico
8155,4,5,7,11,14,04/02/2021,Clasico
8156,1,3,11,22,26,04/02/2021,Clasico
8157,9,20,25,27,28,05/02/2021,Clasico
8158,3,13,14,15,17,05/02/2021,Clasico
8159,5,6,9,19,25,06/02/2021,Clasico
8160,5,12,15,24,27,06/02/2021,Clasico
8161,6,9,11,17,27,07/02/2021,Clasico
8162,4,6,7,25,26,07/02/2021,Clasico
8163,2,4,13,21,22,08/02/2021,Clasico
8164,6,15,17,19,21,08/02/2021,Clasico
8165,5,13,16,25,27,09/02/2021,Clasico
8166,2,3,20,26,27,09/02/2021,Clasico
8167,1,4,6,10,15,10/02/2021,Clasico
8168,5,16,23,24,27,10/02/2021,Clasico
8169,3,11,14,24,25,11/02/2021,Clasico
8170,12,13,18,19,25,11/02/2021,Clasico
8171,9,10,14,20,23,12/02/2021,Clasico
8172,5,9,14,21,22,12/02/2021,Clasico
8173,8,9,20,25,26,13/02/2021,Clasico
8174,6,8,14,18,20,13/02/2021,Clasico
8175,11,12,16,17,20,14/02/2021,Clasico
8176,1,9,12,22,23,14/02/2021,Clasico
8177,9,15,16,19,25,15/02/2021,Clasico
8178,1,5,13,24,27,15/02/2021,Clasico
8179,1,9,11,26,28,16/02/2021,Clasico
8180,1,10,18,21,24,16/02/2021,Clasico
8181,4,6,10,14,15,17/02/2021,Clasico
8182,7,10,24,26,27,17/02/2021,Clasico
8183,10,12,19,21,28,18/02/2021,Clasico
8184,6,7,20,27,28,18/02/2021,Clasico
8185,3,5,6,9,27,19/02/2021,Clasico
8186,9,13,16,17,25,19/02/2021,Clasico
8187,3,7,21,22,23,20/02/2021,Clasico
8188,2,4,10,13,19,20/02/2021,Clasico
8189,10,14,16,21,26,21/02/2021,Clasico
8190,4,11,14,16,23,21/02/2021,Clasico
8191,4,16,17,19,23,22/02/2021,Clasico
8192,3,5,15,17,25,22/02/2021,Clasico
8193,3,5,13,20,24,23/02/2021,Clasico
8194,1,2,9,25,27,23/02/2021,Clasico
8195,2,9,10,21,24,24/02/2021,Clasico
8196,4,8,13,21,24,24/02/2021,Clasico
8197,3,15,16,17,23,25/02/2021,Clasico
8198,6,12,19,20,21,25/02/2021,Clasico
8199,1,2,6,14,24,26/02/2021,Clasico
8200,4,13,14,15,25,26/02/2021,Clasico
8201,5,16,17,20,27,27/02/2021,Clasico
8202,5,8,11,18,19,27/02/2021,Clasico
8203,5,13,23,26,27,28/02/2021,Clasico
8204,10,11,13,24,25,28/02/2021,Clasico
8205,1,4,21,22,27,01/03/2021,Clasico
8206,6,7,20,22,25,01/03/2021,Clasico
8207,4,7,9,19,27,02/03/2021,Clasico
8208,12,17,20,21,23,02/03/2021,Clasico
8209,2,3,7,11,21,03/03/2021,Clasico
8210,2,10,12,16,21,03/03/2021,Clasico
8211,11,18,21,22,28,04/03/2021,Clasico
8212,1,6,12,18,20,04/03/2021,Clasico
8213,1,2,20,23,25,05/03/2021,Clasico
8214,5,6,19,26,27,05/03/2021,Clasico
8215,2,4,18,21,27,06/03/2021,Clasico
8216,6,18,20,24,26,06/03/2021,Clasico
8217,5,7,9,11,17,07/03/2021,Clasico
8218,3,6,17,20,21,07/03/2021,Clasico
8219,6,11,12,23,24,08/03/2021,Clasico
8220,4,10,23,25,26,08/03/2021,Clasico
8221,2,4,9,16,21,09/03/2021,Clasico
8222,4,5,10,11,16,09/03/2021,Clasico
8223,5,10,17,20,23,10/03/2021,Clasico
8224,1,5,9,15,27,10/03/2021,Clasico
8225,2,5,10,12,19,11/03/2021,Clasico
8226,6,9,10,16,20,11/03/2021,Clasico
8227,4,13,18,26,28,12/03/2021,Clasico
8228,10,18,20,23,26,12/03/2021,Clasico
8229,4,12,15,20,23,13/03/2021,Clasico
8230,6,12,20,21,22,13/03/2021,Clasico
8231,5,7,11,20,26,14/03/2021,Clasico
8232,1,4,6,11,28,14/03/2021,Clasico
8233,2,20,23,25,28,15/03/2021,Clasico
8234,3,6,9,11,23,15/03/2021,Clasico
8235,7,11,12,24,28,16/03/2021,Clasico
8236,1,4,8,9,21,16/03/2021,Clasico
8237,14,19,20,22,23,17/03/2021,Clasico
8238,6,7,8,14,28,17/03/2021,Clasico
8239,5,12,19,21,28,18/03/2021,Clasico
8240,12,13,20,25,27,18/03/2021,Clasico
8241,2,3,5,6,14,19/03/2021,Clasico
8242,5,10,14,19,24,19/03/2021,Clasico
8243,3,12,21,24,28,20/03/2021,Clasico
8244,2,8,15,26,27,20/03/2021,Clasico
8245,2,3,4,6,28,21/03/2021,Clasico
8246,5,9,15,22,25,21/03/2021,Clasico
8247,10,17,18,22,27,22/03/2021,Clasico
8248,9,14,21,24,26,22/03/2021,Clasico
8249,12,17,19,22,27,23/03/2021,Clasico
8250,3,5,8,15,26,23/03/2021,Clasico
8251,5,8,10,11,25,24/03/2021,Clasico
8252,10,12,19,21,27,24/03/2021,Clasico
8253,5,8,17,20,26,25/03/2021,Clasico
8254,5,10,17,19,21,25/03/2021,Clasico
8255,2,5,8,15,19,26/03/2021,Clasico
8256,7,10,12,19,21,26/03/2021,Clasico
8257,19,21,22,23,24,27/03/2021,Clasico
8258,1,2,5,21,24,27/03/2021,Clasico
8259,14,16,18,22,26,28/03/2021,Clasico
8260,2,7,10,17,18,28/03/2021,Clasico
8261,5,16,22,23,25,29/03/2021,Clasico
8262,4,8,10,12,23,29/03/2021,Clasico
8263,1,8,13,16,25,30/03/2021,Clasico
8264,7,19,24,26,27,30/03/2021,Clasico
8265,3,7,12,16,21,31/03/2021,Clasico
8266,5,15,19,20,28,31/03/2021,Clasico
8267,13,18,23,24,28,01/04/2021,Clasico
8268,12,13,23,26,27,01/04/2021,Clasico
8269,2,5,9,22,28,02/04/2021,Clasico
8270,2,4,5,20,23,02/04/2021,Clasico
8271,6,11,14,16,23,03/04/2021,Clasico
8272,4,11,14,18,21,03/04/2021,Clasico
8273,2,3,9,12,27,04/04/2021,Clasico
8274,2,21,22,25,26,04/04/2021,Clasico
8275,3,9,14,17,28,05/04/2021,Clasico
8276,1,11,14,16,28,05/04/2021,Clasico
8277,2,7,11,16,25,06/04/2021,Clasico
8278,2,5,7,12,14,06/04/2021,Clasico
8279,4,10,11,24,27,07/04/2021,Clasico
8280,1,2,5,11,22,07/04/2021,Clasico
8281,2,4,9,10,13,08/04/2021,Clasico
8282,2,11,23,27,28,08/04/2021,Clasico
8283,1,2,6,19,25,09/04/2021,Clasico
8284,6,8,13,16,24,09/04/2021,Clasico
8285,1,3,6,7,23,10/04/2021,Clasico
8286,3,15,25,27,28,10/04/2021,Clasico
8287,3,8,11,15,22,11/04/2021,Clasico
8288,2,9,12,17,22,11/04/2021,Clasico
8289,1,2,7,24,27,12/04/2021,Clasico
8290,4,10,15,16,20,12/04/2021,Clasico
8291,3,8,14,18,21,13/04/2021,Clasico
8292,4,11,15,18,24,13/04/2021,Clasico
8293,3,20,21,25,28,14/04/2021,Clasico
8294,5,12,16,20,22,14/04/2021,Clasico
8295,9,16,18,24,27,15/04/2021,Clasico
8296,6,8,13,18,21,15/04/2021,Clasico
8297,4,7,10,23,26,16/04/2021,Clasico
8298,2,4,8,13,15,16/04/2021,Clasico
8299,12,16,24,25,26,17/04/2021,Clasico
8300,2,3,6,12,18,17/04/2021,Clasico
8301,3,4,8,11,28,18/04/2021,Clasico
8302,3,8,17,20,26,18/04/2021,Clasico
8303,11,16,22,25,28,19/04/2021,Clasico
8304,2,5,11,25,27,19/04/2021,Clasico
8305,7,12,14,16,19,20/04/2021,Clasico
8306,5,9,15,19,24,20/04/2021,Clasico
8307,5,15,18,23,28,21/04/2021,Clasico
8308,2,12,15,27,28,21/04/2021,Clasico
8309,5,7,8,18,19,22/04/2021,Clasico
8310,3,6,13,22,27,22/04/2021,Clasico
8311,10,17,18,22,28,23/04/2021,Clasico
8312,3,10,12,20,21,23/04/2021,Clasico
8313,5,12,13,19,24,24/04/2021,Clasico
8314,2,7,12,19,27,24/04/2021,Clasico
8315,6,7,17,25,28,25/04/2021,Clasico
8316,5,6,10,13,24,25/04/2021,Clasico
8317,7,11,12,13,15,26/04/2021,Clasico
8318,2,6,13,15,23,26/04/2021,Clasico
8319,1,9,12,22,28,27/04/2021,Clasico
8320,4,9,10,18,23,27/04/2021,Clasico
8321,2,4,10,12,14,28/04/2021,Clasico
8322,11,15,18,19,21,28/04/2021,Clasico
8323,1,3,12,18,19,29/04/2021,Clasico
8324,12,13,14,17,26,29/04/2021,Clasico
8325,10,12,17,19,23,30/04/2021,Clasico
8326,4,8,11,18,28,30/04/2021,Clasico
8327,1,9,17,21,28,01/05/2021,Clasico
8328,1,6,13,14,21,01/05/2021,Clasico
8329,6,8,15,23,24,02/05/2021,Clasico
8330,7,10,23,27,28,02/05/2021,Clasico
8331,4,5,15,19,23,03/05/2021,Clasico
8332,3,10,11,21,22,03/05/2021,Clasico
8333,3,4,9,16,21,04/05/2021,Clasico
8334,3,21,24,25,28,04/05/2021,Clasico
8335,2,8,11,14,17,05/05/2021,Clasico
8336,1,5,6,10,22,05/05/2021,Clasico
8337,3,10,13,18,25,06/05/2021,Clasico
8338,2,4,5,14,23,06/05/2021,Clasico
8339,11,13,15,20,27,07/05/2021,Clasico
8340,10,14,18,21,26,07/05/2021,Clasico
8341,13,18,22,26,28,08/05/2021,Clasico
8342,14,15,17,21,23,08/05/2021,Clasico
8343,1,11,16,21,27,09/05/2021,Clasico
8344,1,11,12,22,28,09/05/2021,Clasico
8345,7,16,18,23,24,10/05/2021,Clasico
8346,4,11,17,22,27,10/05/2021,Clasico
8347,5,10,13,16,21,11/05/2021,Clasico
8348,8,9,10,13,26,11/05/2021,Clasico
8349,2,9,17,25,26,12/05/2021,Clasico
8350,8,10,15,17,26,12/05/2021,Clasico
8351,2,9,11,15,26,13/05/2021,Clasico
8352,10,11,13,20,28,13/05/2021,Clasico
8353,1,10,13,14,18,14/05/2021,Clasico
8354,4,5,16,23,25,14/05/2021,Clasico
8355,11,17,20,26,28,15/05/2021,Clasico
8356,3,4,8,15,24,15/05/2021,Clasico
8357,8,10,11,22,27,16/05/2021,Clasico
8358,3,5,9,12,17,16/05/2021,Clasico
8359,2,12,13,19,22,17/05/2021,Clasico
8360,2,10,12,22,28,17/05/2021,Clasico
8361,10,12,14,18,26,18/05/2021,Clasico
8362,6,12,13,14,24,18/05/2021,Clasico
8363,5,6,12,20,24,19/05/2021,Clasico
8364,2,8,22,23,25,19/05/2021,Clasico
8365,1,2,3,4,15,20/05/2021,Clasico
8366,8,9,19,24,25,20/05/2021,Clasico
8367,1,3,7,10,18,21/05/2021,Clasico
8368,1,3,7,12,16,21/05/2021,Clasico
8369,6,7,9,18,26,22/05/2021,Clasico
8370,3,10,13,22,26,22/05/2021,Clasico
8371,6,11,13,21,26,23/05/2021,Clasico
8372,12,15,16,17,24,23/05/2021,Clasico
8373,5,14,17,21,24,24/05/2021,Clasico
8374,12,20,24,25,27,24/05/2021,Clasico
8375,7,8,13,20,27,25/05/2021,Clasico
8376,16,20,23,24,27,25/05/2021,Clasico
8377,1,8,20,26,27,26/05/2021,Clasico
8378,1,10,14,17,19,26/05/2021,Clasico
8379,2,7,11,12,23,27/05/2021,Clasico
8380,9,12,14,15,27,27/05/2021,Clasico
8381,1,6,7,17,24,28/05/2021,Clasico
8382,9,16,17,18,23,28/05/2021,Clasico
8383,2,13,14,22,28,29/05/2021,Clasico
8384,9,10,13,14,19,29/05/2021,Clasico
8385,15,20,21,22,26,30/05/2021,Clasico
8386,1,13,14,19,27,30/05/2021,Clasico
8387,1,5,8,13,20,31/05/2021,Clasico
8388,1,9,12,18,25,31/05/2021,Clasico
8389,1,10,12,19,20,01/06/2021,Clasico
8390,11,12,22,25,26,01/06/2021,Clasico
8391,12,13,19,25,26,02/06/2021,Clasico
8392,10,20,23,24,25,02/06/2021,Clasico
8393,4,5,9,11,24,03/06/2021,Clasico
8394,6,8,17,20,25,03/06/2021,Clasico
8395,14,17,19,20,25,04/06/2021,Clasico
8396,2,3,7,14,27,04/06/2021,Clasico
8397,3,16,20,21,26,05/06/2021,Clasico
8398,2,5,6,17,22,05/06/2021,Clasico
8399,8,17,23,24,25,06/06/2021,Clasico
8400,2,7,14,18,27,06/06/2021,Clasico
8401,6,14,15,21,28,07/06/2021,Clasico
8402,5,7,11,12,13,07/06/2021,Clasico
8403,2,10,11,20,21,08/06/2021,Clasico
8404,4,9,23,25,28,08/06/2021,Clasico
8405,3,8,10,15,17,09/06/2021,Clasico
8406,2,4,11,16,23,09/06/2021,Clasico
8407,2,12,19,22,28,10/06/2021,Clasico
8408,3,4,13,14,24,10/06/2021,Clasico
8409,8,9,10,15,24,11/06/2021,Clasico
8410,6,14,18,19,20,11/06/2021,Clasico
8411,1,4,21,22,27,12/06/2021,Clasico
8412,17,20,21,23,26,12/06/2021,Clasico
8413,2,3,9,10,15,13/06/2021,Clasico
8414,6,11,12,15,16,13/06/2021,Clasico
8415,5,8,11,17,26,14/06/2021,Clasico
8416,2,10,12,24,25,14/06/2021,Clasico
8417,9,19,21,25,27,15/06/2021,Clasico
8418,4,6,12,14,26,15/06/2021,Clasico
8419,6,9,11,17,23,16/06/2021,Clasico
8420,8,13,14,21,27,16/06/2021,Clasico
8421,2,6,9,21,28,17/06/2021,Clasico
8422,10,11,13,19,21,17/06/2021,Clasico
8423,5,7,14,19,21,18/06/2021,Clasico
8424,13,14,16,23,24,18/06/2021,Clasico
8425,4,6,7,18,24,19/06/2021,Clasico
8426,7,17,19,24,25,19/06/2021,Clasico
8427,9,14,21,24,28,20/06/2021,Clasico
8428,3,8,9,18,26,20/06/2021,Clasico
8429,1,13,19,21,28,21/06/2021,Clasico
8430,12,15,16,22,27,21/06/2021,Clasico
8431,1,6,9,22,27,22/06/2021,Clasico
8432,1,8,16,23,27,22/06/2021,Clasico
8433,4,10,13,15,25,23/06/2021,Clasico
8434,9,16,23,24,27,23/06/2021,Clasico
8435,7,11,16,20,23,24/06/2021,Clasico
8436,3,15,21,25,28,24/06/2021,Clasico
8437,8,12,18,20,22,25/06/2021,Clasico
8438,5,7,8,17,27,25/06/2021,Clasico
8439,5,11,12,15,20,26/06/2021,Clasico
8440,8,11,16,17,21,26/06/2021,Clasico
8441,1,2,3,11,14,27/06/2021,Clasico
8442,1,4,9,10,24,27/06/2021,Clasico
8443,1,6,15,17,20,28/06/2021,Clasico
8444,8,9,10,16,18,28/06/2021,Clasico
8445,1,2,3,16,18,29/06/2021,Clasico
8446,6,9,10,22,27,29/06/2021,Clasico
8447,9,13,20,22,25,30/06/2021,Clasico
8448,9,11,16,17,27,30/06/2021,Clasico
8449,3,9,10,16,21,01/07/2021,Clasico
8450,2,7,12,19,22,01/07/2021,Clasico
8451,9,14,17,22,25,02/07/2021,Clasico
8452,7,15,19,26,28,02/07/2021,Clasico
8453,1,8,10,20,24,03/07/2021,Clasico
8454,1,7,9,18,20,03/07/2021,Clasico
8455,4,5,7,15,23,04/07/2021,Clasico
8456,5,6,8,10,11,04/07/2021,Clasico
8457,2,12,17,18,27,05/07/2021,Clasico
8458,7,8,10,14,15,05/07/2021,Clasico
8459,4,9,13,18,25,06/07/2021,Clasico
8460,1,2,10,12,13,06/07/2021,Clasico
8461,2,7,11,13,27,07/07/2021,Clasico
8462,15,16,23,25,27,07/07/2021,Clasico
8463,3,8,22,24,26,08/07/2021,Clasico
8464,2,6,8,9,18,08/07/2021,Clasico
8465,7,17,19,23,25,09/07/2021,Clasico
8466,11,21,22,27,28,09/07/2021,Clasico
8467,2,6,7,16,24,10/07/2021,Clasico
8468,4,12,15,20,25,10/07/2021,Clasico
8469,2,3,6,10,11,11/07/2021,Clasico
8470,3,4,17,24,27,11/07/2021,Clasico
8471,5,9,10,20,27,12/07/2021,Clasico
8472,3,13,16,24,27,12/07/2021,Clasico
8473,5,7,9,17,18,13/07/2021,Clasico
8474,2,4,10,12,20,13/07/2021,Clasico
8475,6,9,21,24,26,14/07/2021,Clasico
8476,5,6,8,17,22,14/07/2021,Clasico
8477,5,12,16,19,25,15/07/2021,Clasico
8478,7,12,16,18,25,15/07/2021,Clasico
8479,2,5,11,12,20,16/07/2021,Clasico
8480,5,9,13,18,24,16/07/2021,Clasico
8481,3,12,14,21,26,17/07/2021,Clasico
8482,6,14,16,18,26,17/07/2021,Clasico
8483,7,14,16,21,26,18/07/2021,Clasico
8484,5,7,8,21,22,18/07/2021,Clasico
8485,12,13,16,18,19,19/07/2021,Clasico
8486,1,5,12,16,28,19/07/2021,Clasico
8487,2,6,18,23,24,20/07/2021,Clasico
8488,2,10,16,22,28,20/07/2021,Clasico
8489,1,10,16,20,25,21/07/2021,Clasico
8490,3,7,16,20,23,21/07/2021,Clasico
8491,10,14,18,23,27,22/07/2021,Clasico
8492,2,4,12,20,28,22/07/2021,Clasico
8493,8,10,11,14,24,23/07/2021,Clasico
8494,4,6,13,23,24,23/07/2021,Clasico
8495,3,10,15,18,21,24/07/2021,Clasico
8496,3,7,15,17,26,24/07/2021,Clasico
8497,1,8,9,10,28,25/07/2021,Clasico
8498,6,7,8,9,21,25/07/2021,Clasico
8499,12,16,21,22,24,26/07/2021,Clasico
8500,2,4,13,16,19,26/07/2021,Clasico
8501,9,10,21,22,23,27/07/2021,Clasico
8502,8,18,23,26,27,27/07/2021,Clasico
8503,3,7,8,12,20,28/07/2021,Clasico
8504,11,14,22,25,28,28/07/2021,Clasico
8505,3,6,7,14,28,29/07/2021,Clasico
8506,4,7,10,14,22,29/07/2021,Clasico
8507,12,14,19,22,25,30/07/2021,Clasico
8508,15,20,23,25,26,30/07/2021,Clasico
8509,16,19,20,26,28,31/07/2021,Clasico
8510,6,7,15,16,24,31/07/2021,Clasico
8511,1,2,13,25,26,01/08/2021,Clasico
8512,4,8,13,16,22,01/08/2021,Clasico
8513,1,10,14,16,21,02/08/2021,Clasico
8514,3,12,15,19,27,02/08/2021,Clasico
8515,5,9,12,19,24,03/08/2021,Clasico
8516,2,9,10,17,22,03/08/2021,Clasico
8517,1,7,13,17,28,04/08/2021,Clasico
8518,5,7,10,16,19,04/08/2021,Clasico
8519,8,13,19,20,27,05/08/2021,Clasico
8520,4,7,11,22,25,05/08/2021,Clasico
8521,10,20,21,26,28,06/08/2021,Clasico
8522,1,4,10,13,23,06/08/2021,Clasico
8523,8,17,18,23,25,07/08/2021,Clasico
8524,17,21,22,25,26,07/08/2021,Clasico
8525,3,7,10,18,21,08/08/2021,Clasico
8526,2,8,9,18,24,08/08/2021,Clasico
8527,10,13,14,17,19,09/08/2021,Clasico
8528,6,15,16,18,27,09/08/2021,Clasico
8529,5,13,18,25,27,10/08/2021,Clasico
8530,3,12,17,18,23,10/08/2021,Clasico
8531,3,9,15,17,20,11/08/2021,Clasico
8532,3,8,12,16,19,11/08/2021,Clasico
8533,4,5,19,23,25,12/08/2021,Clasico
8534,2,5,8,11,27,12/08/2021,Clasico
8535,1,12,17,19,27,13/08/2021,Clasico
8536,8,11,16,24,28,13/08/2021,Clasico
8537,1,2,9,12,21,14/08/2021,Clasico
8538,1,15,20,23,25,14/08/2021,Clasico
8539,6,10,13,25,28,15/08/2021,Clasico
8540,1,2,6,16,25,15/08/2021,Clasico
8541,10,13,21,23,26,16/08/2021,Clasico
8542,3,14,19,25,26,16/08/2021,Clasico
8543,3,16,18,27,28,17/08/2021,Clasico
8544,4,14,20,24,25,17/08/2021,Clasico
8545,7,12,16,21,26,18/08/2021,Clasico
8546,3,6,18,21,28,18/08/2021,Clasico
8547,5,6,20,24,25,19/08/2021,Clasico
8548,4,5,15,17,20,19/08/2021,Clasico
8549,1,13,16,18,26,20/08/2021,Clasico
8550,2,7,17,20,22,20/08/2021,Clasico
8551,10,13,17,24,25,21/08/2021,Clasico
8552,9,13,19,26,27,21/08/2021,Clasico
8553,1,15,23,24,28,22/08/2021,Clasico
8554,1,3,4,10,20,22/08/2021,Clasico
8555,5,9,12,18,20,23/08/2021,Clasico
8556,12,14,15,16,28,23/08/2021,Clasico
8557,11,21,24,26,28,24/08/2021,Clasico
8558,1,9,15,16,28,24/08/2021,Clasico
8559,1,3,4,5,27,25/08/2021,Clasico
8560,4,7,10,11,26,25/08/2021,Clasico
8561,7,9,21,26,27,26/08/2021,Clasico
8562,5,6,15,17,18,26/08/2021,Clasico
8563,10,11,16,19,21,27/08/2021,Clasico
8564,11,12,19,23,24,27/08/2021,Clasico
8565,14,18,24,27,28,28/08/2021,Clasico
8566,2,13,19,20,24,28/08/2021,Clasico
8567,4,8,10,16,21,29/08/2021,Clasico
8568,4,10,11,13,25,29/08/2021,Clasico
8569,2,3,5,8,28,30/08/2021,Clasico
8570,1,7,8,14,24,30/08/2021,Clasico
8571,1,11,12,24,26,31/08/2021,Clasico
8572,15,17,22,25,27,31/08/2021,Clasico
8573,1,7,11,19,23,01/09/2021,Clasico
8574,6,8,12,19,22,01/09/2021,Clasico
8575,4,7,10,17,23,02/09/2021,Clasico
8576,1,16,17,20,27,02/09/2021,Clasico
8577,2,8,14,17,28,03/09/2021,Clasico
8578,2,7,10,14,23,03/09/2021,Clasico
8579,13,21,22,27,28,04/09/2021,Clasico
8580,2,5,17,20,26,04/09/2021,Clasico
8581,5,17,21,23,27,05/09/2021,Clasico
8582,12,19,23,25,27,05/09/2021,Clasico
8583,8,10,12,17,24,06/09/2021,Clasico
8584,8,9,13,18,25,06/09/2021,Clasico
8585,3,8,22,24,25,07/09/2021,Clasico
8586,4,12,16,21,23,07/09/2021,Clasico
8587,9,15,18,19,21,08/09/2021,Clasico
8588,8,14,22,26,27,08/09/2021,Clasico
8589,4,7,8,14,17,09/09/2021,Clasico
8590,3,4,6,12,17,09/09/2021,Clasico
8591,1,5,6,7,20,10/09/2021,Clasico
8592,1,2,10,17,28,10/09/2021,Clasico
8593,5,10,14,17,28,11/09/2021,Clasico
8594,5,8,20,24,28,11/09/2021,Clasico
8595,7,11,17,19,28,12/09/2021,Clasico
8596,4,6,10,18,23,12/09/2021,Clasico
8597,1,2,4,14,22,13/09/2021,Clasico
8598,6,9,17,20,21,13/09/2021,Clasico
8599,4,16,18,21,22,14/09/2021,Clasico
8600,3,8,16,17,22,14/09/2021,Clasico
8601,6,12,13,19,26,15/09/2021,Clasico
8602,3,8,17,21,25,15/09/2021,Clasico
8603,7,11,16,22,25,16/09/2021,Clasico
8604,3,5,18,21,27,16/09/2021,Clasico
8605,8,22,24,25,27,17/09/2021,Clasico
8606,2,7,14,17,25,17/09/2021,Clasico
8607,4,13,16,22,28,18/09/2021,Clasico
8608,9,12,21,26,28,18/09/2021,Clasico
8609,3,8,16,18,25,19/09/2021,Clasico
8610,4,5,11,12,26,19/09/2021,Clasico
8611,4,12,15,22,26,20/09/2021,Clasico
8612,2,6,18,24,27,20/09/2021,Clasico
8613,2,15,18,19,23,21/09/2021,Clasico
8614,4,10,16,17,26,21/09/2021,Clasico
8615,1,2,3,16,26,22/09/2021,Clasico
8616,4,6,15,21,27,22/09/2021,Clasico
8617,7,13,20,21,23,23/09/2021,Clasico
8618,3,4,6,7,28,23/09/2021,Clasico
8619,8,9,20,21,26,24/09/2021,Clasico
8620,5,6,8,14,22,24/09/2021,Clasico
8621,5,13,14,27,28,25/09/2021,Clasico
8622,9,14,18,23,24,25/09/2021,Clasico
8623,4,12,15,18,27,26/09/2021,Clasico
8624,1,3,8,12,20,26/09/2021,Clasico
8625,3,7,11,20,22,27/09/2021,Clasico
8626,1,7,15,16,18,27/09/2021,Clasico
8627,6,11,17,26,27,28/09/2021,Clasico
8628,2,3,9,23,26,28/09/2021,Clasico
8629,5,7,12,16,22,29/09/2021,Clasico
8630,11,16,18,19,21,29/09/2021,Clasico
8631,6,16,22,23,25,30/09/2021,Clasico
8632,8,11,12,20,27,30/09/2021,Clasico
8633,1,3,16,20,25,01/10/2021,Clasico
8634,2,5,8,12,23,01/10/2021,Clasico
8635,1,2,7,26,27,02/10/2021,Clasico
8636,7,15,18,20,21,02/10/2021,Clasico
8637,7,8,10,22,26,03/10/2021,Clasico
8638,3,6,12,22,27,03/10/2021,Clasico
8639,3,4,7,14,24,04/10/2021,Clasico
8640,1,6,13,16,23,04/10/2021,Clasico
8641,6,11,16,22,27,05/10/2021,Clasico
8642,1,14,16,20,26,05/10/2021,Clasico
8643,2,5,7,22,24,06/10/2021,Clasico
8644,5,9,12,15,19,06/10/2021,Clasico
8645,2,3,5,6,15,07/10/2021,Clasico
8646,4,8,16,17,25,07/10/2021,Clasico
8647,6,7,14,27,28,08/10/2021,Clasico
8648,2,3,12,21,27,08/10/2021,Clasico
8649,1,8,12,18,22,09/10/2021,Clasico
8650,2,5,14,19,21,09/10/2021,Clasico
8651,3,10,14,25,26,10/10/2021,Clasico
8652,3,9,12,13,20,10/10/2021,Clasico
8653,1,5,13,14,23,11/10/2021,Clasico
8654,2,11,12,13,16,11/10/2021,Clasico
8655,1,11,22,27,28,12/10/2021,Clasico
8656,8,14,15,19,26,12/10/2021,Clasico
8657,14,15,17,19,28,13/10/2021,Clasico
8658,6,17,23,26,28,13/10/2021,Clasico
8659,7,9,21,23,26,14/10/2021,Clasico
8660,1,2,3,5,12,14/10/2021,Clasico
8661,3,10,16,20,26,15/10/2021,Clasico
8662,7,13,21,26,27,15/10/2021,Clasico
8663,4,10,14,18,19,16/10/2021,Clasico
8664,4,16,17,20,26,16/10/2021,Clasico
8665,4,11,15,26,28,17/10/2021,Clasico
8666,2,8,18,21,24,17/10/2021,Clasico
8667,5,12,17,19,22,18/10/2021,Clasico
8668,3,10,12,15,28,18/10/2021,Clasico
8669,2,4,5,16,28,19/10/2021,Clasico
8670,3,6,13,21,25,19/10/2021,Clasico
8671,3,7,10,12,25,20/10/2021,Clasico
8672,8,11,16,19,20,20/10/2021,Clasico
8673,9,14,16,21,28,21/10/2021,Clasico
8674,5,9,17,24,28,21/10/2021,Clasico
8675,16,18,22,23,26,22/10/2021,Clasico
8676,3,9,17,18,20,22/10/2021,Clasico
8677,6,10,14,19,28,23/10/2021,Clasico
8678,6,10,11,12,14,23/10/2021,Clasico
8679,9,13,20,21,27,24/10/2021,Clasico
8680,8,10,16,17,22,24/10/2021,Clasico
8681,11,18,23,27,28,25/10/2021,Clasico
8682,2,3,21,25,28,25/10/2021,Clasico
8683,10,15,16,17,27,26/10/2021,Clasico
8684,2,9,12,25,28,26/10/2021,Clasico
8685,3,5,10,25,27,27/10/2021,Clasico
8686,4,8,14,16,24,27/10/2021,Clasico
8687,5,10,13,17,22,28/10/2021,Clasico
8688,6,18,19,22,26,28/10/2021,Clasico
8689,2,4,10,16,28,29/10/2021,Clasico
8690,3,6,10,12,19,29/10/2021,Clasico
8691,3,7,8,12,16,30/10/2021,Clasico
8692,2,10,13,14,16,30/10/2021,Clasico
8693,10,16,18,24,27,31/10/2021,Clasico
8694,3,5,8,14,16,31/10/2021,Clasico
8695,7,8,17,22,24,01/11/2021,Clasico
8696,1,6,7,17,27,01/11/2021,Clasico
8697,10,15,18,22,26,02/11/2021,Clasico
8698,3,12,14,15,23,02/11/2021,Clasico
8699,1,2,5,8,19,03/11/2021,Clasico
8700,1,3,14,15,28,03/11/2021,Clasico
8701,7,14,19,22,23,04/11/2021,Clasico
8702,2,9,19,20,28,04/11/2021,Clasico
8703,4,9,10,20,23,05/11/2021,Clasico
8704,4,7,17,18,23,05/11/2021,Clasico
8705,7,14,18,24,27,06/11/2021,Clasico
8706,6,8,10,20,26,06/11/2021,Clasico
8707,1,4,6,22,27,07/11/2021,Clasico
8708,6,9,14,19,22,07/11/2021,Clasico
8709,7,12,14,19,22,08/11/2021,Clasico
8710,1,3,17,19,21,08/11/2021,Clasico
8711,9,10,13,19,27,09/11/2021,Clasico
8712,1,11,13,14,19,09/11/2021,Clasico
8713,2,13,17,22,26,10/11/2021,Clasico
8714,8,19,21,22,25,10/11/2021,Clasico
8715,8,14,23,24,26,11/11/2021,Clasico
8716,12,19,22,23,27,11/11/2021,Clasico
8717,13,16,17,22,23,12/11/2021,Clasico
8718,2,6,9,10,21,12/11/2021,Clasico
8719,2,7,8,11,15,13/11/2021,Clasico
8720,4,6,10,15,18,13/11/2021,Clasico
8721,8,9,22,25,27,14/11/2021,Clasico
8722,7,17,19,22,24,14/11/2021,Clasico
8723,2,15,19,22,28,15/11/2021,Clasico
8724,7,9,14,18,24,15/11/2021,Clasico
8725,3,4,18,19,22,16/11/2021,Clasico
8726,6,14,15,23,26,16/11/2021,Clasico
8727,3,16,18,25,26,17/11/2021,Clasico
8728,4,6,10,15,22,17/11/2021,Clasico
8729,4,9,10,19,27,18/11/2021,Clasico
8730,5,9,15,22,24,18/11/2021,Clasico
8731,3,7,16,25,26,19/11/2021,Clasico
8732,1,18,21,24,26,19/11/2021,Clasico
8733,1,2,13,17,21,20/11/2021,Clasico
8734,5,9,19,23,24,20/11/2021,Clasico
8735,1,4,20,22,24,21/11/2021,Clasico
8736,4,8,18,23,27,21/11/2021,Clasico
8737,1,8,19,20,24,22/11/2021,Clasico
8738,5,10,15,18,28,22/11/2021,Clasico
8739,4,6,8,13,19,23/11/2021,Clasico
8740,2,4,6,10,12,23/11/2021,Clasico
8741,13,17,19,21,22,24/11/2021,Clasico
8742,6,12,18,21,27,24/11/2021,Clasico
8743,1,5,18,19,26,25/11/2021,Clasico
8744,4,6,17,23,24,25/11/2021,Clasico
8745,6,9,16,17,26,26/11/2021,Clasico
8746,7,8,9,26,27,26/11/2021,Clasico
8747,1,3,4,12,13,27/11/2021,Clasico
8748,10,11,21,22,28,27/11/2021,Clasico
8749,19,20,22,26,28,28/11/2021,Clasico
8750,2,12,14,22,27,28/11/2021,Clasico
8751,10,11,15,21,23,29/11/2021,Clasico
8752,9,15,18,25,27,29/11/2021,Clasico
8753,5,14,16,18,28,30/11/2021,Clasico
8754,1,4,8,25,27,30/11/2021,Clasico
8755,2,12,13,17,26,01/12/2021,Clasico
8756,3,9,15,19,24,01/12/2021,Clasico
8757,1,5,10,15,27,02/12/2021,Clasico
8758,2,6,9,19,23,02/12/2021,Clasico
8759,4,6,10,11,28,03/12/2021,Clasico
8760,3,13,21,25,28,03/12/2021,Clasico
8761,7,8,13,22,23,04/12/2021,Clasico
8762,2,7,11,13,21,04/12/2021,Clasico
8763,6,8,12,14,18,05/12/2021,Clasico
8764,9,10,18,19,25,05/12/2021,Clasico
8765,1,3,10,20,21,06/12/2021,Clasico
8766,10,14,16,24,28,06/12/2021,Clasico
8767,15,17,18,20,24,07/12/2021,Clasico
8768,2,7,14,20,24,07/12/2021,Clasico
8769,1,6,15,18,20,08/12/2021,Clasico
8770,15,21,22,24,25,08/12/2021,Clasico
8771,2,13,14,15,24,09/12/2021,Clasico
8772,6,17,19,21,25,09/12/2021,Clasico
8773,14,16,24,25,26,10/12/2021,Clasico
8774,6,10,19,20,25,10/12/2021,Clasico
8775,15,18,20,24,25,11/12/2021,Clasico
8776,10,12,18,24,26,11/12/2021,Clasico
8777,2,5,13,23,27,12/12/2021,Clasico
8778,5,7,10,16,27,12/12/2021,Clasico
8779,2,7,15,17,25,13/12/2021,Clasico
8780,12,16,19,22,26,13/12/2021,Clasico
8781,5,7,15,19,28,14/12/2021,Clasico
8782,9,14,19,20,23,14/12/2021,Clasico
8783,5,9,12,14,22,15/12/2021,Clasico
8784,3,6,13,16,18,15/12/2021,Clasico
8785,3,11,19,25,27,16/12/2021,Clasico
8786,5,7,17,18,20,16/12/2021,Clasico
8787,4,15,22,23,26,17/12/2021,Clasico
8788,1,4,13,24,27,17/12/2021,Clasico
8789,6,8,21,24,27,18/12/2021,Clasico
8790,1,2,9,15,23,18/12/2021,Clasico
8791,4,15,23,24,27,19/12/2021,Clasico
8792,6,10,19,20,21,19/12/2021,Clasico
8793,3,5,9,16,20,20/12/2021,Clasico
8794,2,4,12,26,28,20/12/2021,Clasico
8795,4,6,12,19,20,21/12/2021,Clasico
8796,5,7,9,13,20,21/12/2021,Clasico
8797,4,13,15,16,23,22/12/2021,Clasico
8798,1,2,8,11,15,22/12/2021,Clasico
8799,1,5,13,16,23,23/12/2021,Clasico
8800,6,9,10,16,22,23/12/2021,Clasico
8801,1,2,20,26,28,24/12/2021,Clasico
8802,7,12,23,24,27,24/12/2021,Clasico
8803,3,4,16,20,23,25/12/2021,Clasico
8804,1,9,11,16,17,25/12/2021,Clasico
8805,1,2,10,11,13,26/12/2021,Clasico
8806,5,12,19,26,27,26/12/2021,Clasico
8807,1,2,5,12,18,27/12/2021,Clasico
8808,3,14,15,17,21,27/12/2021,Clasico
8809,1,4,14,17,25,28/12/2021,Clasico
8810,1,4,16,18,24,28/12/2021,Clasico
8811,2,6,9,10,26,29/12/2021,Clasico
8812,2,14,20,22,26,29/12/2021,Clasico
8813,4,5,17,21,23,30/12/2021,Clasico
8814,11,17,18,20,26,30/12/2021,Clasico
8815,2,8,9,10,12,31/12/2021,Clasico
8816,1,2,3,7,8,31/12/2021,Clasico
8817,5,11,16,18,20,01/01/2022,Clasico
8818,4,9,17,21,23,01/01/2022,Clasico
8819,1,8,13,17,19,02/01/2022,Clasico
8820,3,9,20,21,28,02/01/2022,Clasico
8821,9,15,22,25,26,03/01/2022,Clasico
8822,2,6,8,9,23,03/01/2022,Clasico
8823,10,18,23,24,26,04/01/2022,Clasico
8824,13,14,15,21,28,04/01/2022,Clasico
8825,3,5,8,9,25,05/01/2022,Clasico
8826,3,5,11,17,19,05/01/2022,Clasico
8827,8,10,17,24,27,06/01/2022,Clasico
8828,1,6,11,12,27,06/01/2022,Clasico
8829,5,8,13,16,26,07/01/2022,Clasico
8830,5,18,19,23,25,07/01/2022,Clasico
8831,5,14,16,21,24,08/01/2022,Clasico
8832,9,11,12,15,22,08/01/2022,Clasico
8833,1,12,17,22,26,09/01/2022,Clasico
8834,3,9,11,16,25,09/01/2022,Clasico
8835,1,10,12,17,20,10/01/2022,Clasico
8836,2,3,11,21,22,10/01/2022,Clasico
8837,16,17,20,24,26,11/01/2022,Clasico
8838,2,6,7,15,26,11/01/2022,Clasico
8839,9,12,16,20,23,12/01/2022,Clasico
8840,9,10,12,14,21,12/01/2022,Clasico
8841,4,10,13,14,18,13/01/2022,Clasico
8842,6,10,12,15,20,13/01/2022,Clasico
8843,7,10,11,20,25,14/01/2022,Clasico
8844,13,14,15,20,22,14/01/2022,Clasico
8845,3,6,10,11,22,15/01/2022,Clasico
8846,7,11,18,24,26,15/01/2022,Clasico
8847,3,6,11,18,21,16/01/2022,Clasico
8848,15,16,20,22,25,16/01/2022,Clasico
8849,2,5,6,18,27,17/01/2022,Clasico
8850,3,8,9,10,12,17/01/2022,Clasico
8851,1,4,11,21,24,18/01/2022,Clasico
8852,10,13,15,16,24,18/01/2022,Clasico
8853,2,5,8,25,27,19/01/2022,Clasico
8854,2,4,10,19,27,19/01/2022,Clasico
8855,7,10,13,15,22,20/01/2022,Clasico
8856,6,10,16,17,27,20/01/2022,Clasico
8857,4,5,9,16,21,21/01/2022,Clasico
8858,13,18,19,22,28,21/01/2022,Clasico
8859,8,12,15,18,25,22/01/2022,Clasico
8860,2,6,8,10,23,22/01/2022,Clasico
8861,1,4,7,10,18,23/01/2022,Clasico
8862,1,2,3,11,17,23/01/2022,Clasico
8863,5,8,9,18,27,24/01/2022,Clasico
8864,15,17,23,25,26,24/01/2022,Clasico
8865,4,13,16,23,28,25/01/2022,Clasico
8866,1,6,10,17,24,25/01/2022,Clasico
8867,4,7,13,15,28,26/01/2022,Clasico
8868,1,3,14,15,16,26/01/2022,Clasico
8869,12,13,20,21,25,27/01/2022,Clasico
8870,7,15,20,21,28,27/01/2022,Clasico
8871,2,3,10,15,19,28/01/2022,Clasico
8872,7,20,21,24,27,28/01/2022,Clasico
8873,8,18,19,24,28,29/01/2022,Clasico
8874,1,5,7,22,25,29/01/2022,Clasico
8875,18,20,22,26,27,30/01/2022,Clasico
8876,5,16,18,19,25,30/01/2022,Clasico
8877,4,13,24,25,28,31/01/2022,Clasico
8878,1,14,18,23,26,31/01/2022,Clasico
8879,2,8,12,21,28,01/02/2022,Clasico
8880,4,20,23,25,27,01/02/2022,Clasico
8881,1,8,10,12,14,02/02/2022,Clasico
8882,4,5,6,11,22,02/02/2022,Clasico
8883,1,6,8,11,14,03/02/2022,Clasico
8884,9,10,11,13,27,03/02/2022,Clasico
8885,2,8,20,26,27,04/02/2022,Clasico
8886,2,3,13,18,28,04/02/2022,Clasico
8887,1,3,6,15,24,05/02/2022,Clasico
8888,5,10,15,21,24,05/02/2022,Clasico
8889,4,6,11,17,24,06/02/2022,Clasico
8890,2,16,19,25,28,06/02/2022,Clasico
8891,4,12,16,26,28,07/02/2022,Clasico
8892,1,12,15,21,26,07/02/2022,Clasico
8893,9,10,14,16,27,08/02/2022,Clasico
8894,1,3,4,15,18,08/02/2022,Clasico
8895,1,9,12,13,21,09/02/2022,Clasico
8896,5,14,21,23,26,09/02/2022,Clasico
8897,6,15,16,26,27,10/02/2022,Clasico
8898,1,10,12,17,19,10/02/2022,Clasico
8899,1,6,12,22,25,11/02/2022,Clasico
8900,10,11,15,20,24,11/02/2022,Clasico
8901,8,15,21,24,28,12/02/2022,Clasico
8902,3,6,8,15,26,12/02/2022,Clasico
8903,5,13,22,24,27,13/02/2022,Clasico
8904,13,18,24,25,28,13/02/2022,Clasico
8905,2,19,23,26,28,14/02/2022,Clasico
8906,3,11,14,17,21,14/02/2022,Clasico
8907,3,7,13,14,19,15/02/2022,Clasico
8908,6,7,10,14,27,15/02/2022,Clasico
8909,3,10,14,22,23,16/02/2022,Clasico
8910,1,15,17,25,27,16/02/2022,Clasico
8911,5,8,11,14,28,17/02/2022,Clasico
8912,1,4,14,18,20,17/02/2022,Clasico
8913,11,14,17,27,28,18/02/2022,Clasico
8914,1,4,9,13,28,18/02/2022,Clasico
8915,1,4,6,16,25,19/02/2022,Clasico
8916,5,6,17,18,24,19/02/2022,Clasico
8917,12,18,19,24,27,20/02/2022,Clasico
8918,3,5,9,15,21,20/02/2022,Clasico
8919,2,9,15,16,20,21/02/2022,Clasico
8920,2,10,11,15,17,21/02/2022,Clasico
8921,1,2,4,14,17,22/02/2022,Clasico
8922,9,13,22,24,27,22/02/2022,Clasico
8923,1,2,18,19,26,23/02/2022,Clasico
8924,3,4,11,14,15,23/02/2022,Clasico
8925,5,13,14,21,28,24/02/2022,Clasico
8926,4,5,9,12,18,24/02/2022,Clasico
8927,4,10,12,24,27,25/02/2022,Clasico
8928,1,2,8,19,28,25/02/2022,Clasico
8929,11,23,24,27,28,26/02/2022,Clasico
8930,1,4,6,12,27,26/02/2022,Clasico
8931,10,11,16,17,18,27/02/2022,Clasico
8932,5,17,18,22,27,27/02/2022,Clasico
8933,1,10,16,25,27,28/02/2022,Clasico
8934,5,9,13,16,24,28/02/2022,Clasico
8935,1,11,19,21,27,01/03/2022,Clasico
8936,6,11,12,17,24,01/03/2022,Clasico
8937,3,6,20,23,28,02/03/2022,Clasico
8938,14,22,24,25,27,02/03/2022,Clasico
8939,2,15,17,22,26,03/03/2022,Clasico
8940,4,8,15,25,26,03/03/2022,Clasico
8941,7,11,19,21,26,04/03/2022,Clasico
8942,2,7,17,21,28,04/03/2022,Clasico
8943,1,7,9,11,17,05/03/2022,Clasico
8944,18,19,24,27,28,05/03/2022,Clasico
8945,1,4,9,12,26,06/03/2022,Clasico
8946,4,5,16,18,26,06/03/2022,Clasico
8947,4,8,20,26,28,07/03/2022,Clasico
8948,2,17,20,27,28,07/03/2022,Clasico
8949,2,7,9,16,17,08/03/2022,Clasico
8950,9,11,12,17,21,08/03/2022,Clasico
8951,3,10,12,20,26,09/03/2022,Clasico
8952,1,18,21,23,27,09/03/2022,Clasico
8953,5,9,15,16,25,10/03/2022,Clasico
8954,1,2,3,13,19,10/03/2022,Clasico
8955,2,13,18,20,21,11/03/2022,Clasico
8956,7,8,11,14,17,11/03/2022,Clasico
8957,4,7,16,18,23,12/03/2022,Clasico
8958,11,22,24,26,27,12/03/2022,Clasico
8959,11,14,17,18,24,13/03/2022,Clasico
8960,7,12,13,21,28,13/03/2022,Clasico
8961,2,7,14,20,23,14/03/2022,Clasico
8962,1,12,14,27,28,14/03/2022,Clasico
8963,1,4,8,23,26,15/03/2022,Clasico
8964,2,11,23,25,28,15/03/2022,Clasico
8965,7,13,16,25,26,16/03/2022,Clasico
8966,1,19,20,21,26,16/03/2022,Clasico
8967,4,11,18,23,24,17/03/2022,Clasico
8968,10,13,14,22,28,17/03/2022,Clasico
8969,9,20,22,23,24,18/03/2022,Clasico
8970,3,16,19,20,27,18/03/2022,Clasico
8971,2,9,25,26,27,19/03/2022,Clasico
8972,1,2,17,22,25,19/03/2022,Clasico
8973,6,7,13,20,28,20/03/2022,Clasico
8974,4,6,9,14,17,20/03/2022,Clasico
8975,7,11,21,22,24,21/03/2022,Clasico
8976,2,5,16,20,21,21/03/2022,Clasico
8977,3,5,8,9,26,22/03/2022,Clasico
8978,5,10,13,19,25,22/03/2022,Clasico
8979,4,23,25,26,28,23/03/2022,Clasico
8980,9,11,24,26,27,23/03/2022,Clasico
8981,8,11,19,22,23,24/03/2022,Clasico
8982,5,9,11,12,18,24/03/2022,Clasico
8983,7,8,9,17,20,25/03/2022,Clasico
8984,2,8,11,12,19,25/03/2022,Clasico
8985,1,10,11,14,21,26/03/2022,Clasico
8986,3,12,18,24,26,26/03/2022,Clasico
8987,1,6,8,16,23,27/03/2022,Clasico
8988,4,7,8,11,26,27/03/2022,Clasico
8989,8,12,14,15,16,28/03/2022,Clasico
8990,5,16,20,21,27,28/03/2022,Clasico
8991,9,17,18,22,27,29/03/2022,Clasico
8992,9,10,12,26,27,29/03/2022,Clasico
8993,13,15,16,23,27,30/03/2022,Clasico
8994,2,9,20,23,27,30/03/2022,Clasico
8995,4,6,7,8,15,31/03/2022,Clasico
8996,1,16,19,21,26,31/03/2022,Clasico
8997,5,6,12,14,18,01/04/2022,Clasico
8998,3,16,17,22,23,01/04/2022,Clasico
8999,7,9,13,15,18,02/04/2022,Clasico
9000,2,18,19,20,22,02/04/2022,Clasico
9001,7,12,16,23,25,03/04/2022,Clasico
9002,4,7,17,24,27,03/04/2022,Clasico
9003,8,9,20,21,27,04/04/2022,Clasico
9004,8,10,13,18,19,04/04/2022,Clasico
9005,1,3,6,12,20,05/04/2022,Clasico
9006,6,7,11,16,27,05/04/2022,Clasico
9007,1,3,8,13,15,06/04/2022,Clasico
9008,13,15,21,24,28,06/04/2022,Clasico
9009,1,12,13,14,15,07/04/2022,Clasico
9010,2,5,8,10,18,07/04/2022,Clasico
9011,1,6,7,22,24,08/04/2022,Clasico
9012,2,7,11,12,17,08/04/2022,Clasico
9013,1,6,15,18,22,09/04/2022,Clasico
9014,15,17,18,23,24,09/04/2022,Clasico
9015,2,4,9,11,14,10/04/2022,Clasico
9016,12,15,20,27,28,10/04/2022,Clasico
9017,2,5,16,22,27,11/04/2022,Clasico
9018,10,20,21,23,27,11/04/2022,Clasico
9019,2,9,11,12,18,12/04/2022,Clasico
9020,2,3,11,19,21,12/04/2022,Clasico
9021,4,16,22,23,27,13/04/2022,Clasico
9022,16,21,22,24,25,13/04/2022,Clasico
9023,7,13,15,20,24,14/04/2022,Clasico
9024,2,14,15,18,26,14/04/2022,Clasico
9025,5,6,14,15,22,15/04/2022,Clasico
9026,4,17,22,23,24,15/04/2022,Clasico
9027,9,12,19,24,25,16/04/2022,Clasico
9028,2,13,18,22,28,16/04/2022,Clasico
9029,6,7,12,19,22,17/04/2022,Clasico
9030,9,10,20,23,24,17/04/2022,Clasico
9031,3,7,13,24,27,18/04/2022,Clasico
9032,1,2,12,15,16,18/04/2022,Clasico
9033,5,10,19,20,23,19/04/2022,Clasico
9034,12,17,19,20,21,19/04/2022,Clasico
9035,2,5,11,23,27,20/04/2022,Clasico
9036,4,9,11,14,28,20/04/2022,Clasico
9037,2,4,10,17,25,21/04/2022,Clasico
9038,6,10,14,18,23,21/04/2022,Clasico
9039,4,15,22,24,27,22/04/2022,Clasico
9040,1,2,7,22,24,22/04/2022,Clasico
9041,1,4,12,14,23,23/04/2022,Clasico
9042,8,10,13,23,24,23/04/2022,Clasico
9043,4,6,7,19,27,24/04/2022,Clasico
9044,1,19,23,25,26,24/04/2022,Clasico
9045,2,11,12,24,28,25/04/2022,Clasico
9046,2,10,22,24,27,25/04/2022,Clasico
9047,10,15,18,21,22,26/04/2022,Clasico
9048,4,8,12,14,25,26/04/2022,Clasico
9049,7,12,17,23,26,27/04/2022,Clasico
9050,12,15,21,22,25,27/04/2022,Clasico
9051,12,17,21,24,28,28/04/2022,Clasico
9052,1,12,13,24,26,28/04/2022,Clasico
9053,4,6,11,14,25,29/04/2022,Clasico
9054,1,4,14,16,23,29/04/2022,Clasico
9055,6,8,12,22,28,30/04/2022,Clasico
9056,6,8,14,19,28,30/04/2022,Clasico
9057,7,13,14,24,26,01/05/2022,Clasico
9058,5,9,15,22,28,01/05/2022,Clasico
9059,9,10,12,16,25,02/05/2022,Clasico
9060,11,15,17,20,28,02/05/2022,Clasico
9061,2,6,13,15,24,03/05/2022,Clasico
9062,3,9,25,27,28,03/05/2022,Clasico
9063,5,6,20,21,27,04/05/2022,Clasico
9064,3,14,17,18,25,04/05/2022,Clasico
9065,1,9,15,23,28,05/05/2022,Clasico
9066,2,9,14,16,17,05/05/2022,Clasico
9067,3,9,10,14,21,06/05/2022,Clasico
9068,4,5,9,22,24,06/05/2022,Clasico
9069,8,15,16,20,22,07/05/2022,Clasico
9070,8,21,22,24,25,07/05/2022,Clasico
9071,1,12,14,17,20,08/05/2022,Clasico
9072,9,12,16,17,24,08/05/2022,Clasico
9073,7,12,18,24,28,09/05/2022,Clasico
9074,2,5,9,20,23,09/05/2022,Clasico
9075,6,9,10,12,26,10/05/2022,Clasico
9076,9,18,24,25,26,10/05/2022,Clasico
9077,8,11,14,16,19,11/05/2022,Clasico
9078,3,5,6,7,23,11/05/2022,Clasico
9079,5,10,15,16,21,12/05/2022,Clasico
9080,1,5,20,26,28,12/05/2022,Clasico
9081,2,8,25,26,28,13/05/2022,Clasico
9082,6,17,18,21,23,13/05/2022,Clasico
9083,12,13,14,18,22,14/05/2022,Clasico
9084,4,8,19,24,27,14/05/2022,Clasico
9085,5,7,15,19,27,15/05/2022,Clasico
9086,4,8,11,14,18,15/05/2022,Clasico
9087,3,9,13,27,28,16/05/2022,Clasico
9088,1,9,11,26,28,16/05/2022,Clasico
9089,1,7,13,16,27,17/05/2022,Clasico
9090,7,10,12,13,23,17/05/2022,Clasico
9091,1,2,17,21,25,18/05/2022,Clasico
9092,19,20,22,27,28,18/05/2022,Clasico
9093,3,12,20,25,26,19/05/2022,Clasico
9094,3,13,19,24,27,19/05/2022,Clasico
9095,10,13,18,26,28,20/05/2022,Clasico
9096,2,19,22,24,25,20/05/2022,Clasico
9097,4,11,15,21,24,21/05/2022,Clasico
9098,11,14,20,25,27,21/05/2022,Clasico
9099,4,9,17,24,26,22/05/2022,Clasico
9100,10,16,21,22,23,22/05/2022,Clasico
9101,1,8,9,11,21,23/05/2022,Clasico
9102,2,5,18,21,24,23/05/2022,Clasico
9103,12,14,16,20,21,24/05/2022,Clasico
9104,2,3,13,18,20,24/05/2022,Clasico
9105,3,19,20,21,24,25/05/2022,Clasico
9106,1,2,18,23,26,25/05/2022,Clasico
9107,3,6,10,19,24,26/05/2022,Clasico
9108,3,8,17,19,25,26/05/2022,Clasico
9109,4,6,15,16,27,27/05/2022,Clasico
9110,2,10,24,26,27,27/05/2022,Clasico
9111,12,13,14,26,27,28/05/2022,Clasico
9112,2,3,6,21,24,28/05/2022,Clasico
9113,6,11,18,19,25,29/05/2022,Clasico
9114,9,11,14,18,25,29/05/2022,Clasico
9115,2,3,9,14,28,30/05/2022,Clasico
9116,13,15,19,22,27,30/05/2022,Clasico
9117,6,7,16,18,20,31/05/2022,Clasico
9118,1,4,5,16,27,31/05/2022,Clasico
9119,5,7,19,24,27,01/06/2022,Clasico
9120,1,2,15,23,28,01/06/2022,Clasico
9121,4,6,13,21,26,02/06/2022,Clasico
9122,3,6,8,15,18,02/06/2022,Clasico
9123,4,6,23,26,27,03/06/2022,Clasico
9124,4,5,11,13,25,03/06/2022,Clasico
9125,3,18,20,23,24,04/06/2022,Clasico
9126,2,10,11,15,25,04/06/2022,Clasico
9127,8,15,22,26,27,05/06/2022,Clasico
9128,8,15,21,22,25,05/06/2022,Clasico
9129,5,7,11,15,23,06/06/2022,Clasico
9130,3,10,17,22,28,06/06/2022,Clasico
9131,9,12,15,19,27,07/06/2022,Clasico
9132,4,7,11,16,17,07/06/2022,Clasico
9133,2,6,15,19,28,08/06/2022,Clasico
9134,1,4,6,7,18,08/06/2022,Clasico
9135,3,9,13,19,22,09/06/2022,Clasico
9136,12,15,21,27,28,09/06/2022,Clasico
9137,8,11,13,14,15,10/06/2022,Clasico
9138,5,7,8,14,23,10/06/2022,Clasico
9139,7,12,19,26,27,11/06/2022,Clasico
9140,6,12,15,16,28,11/06/2022,Clasico
9141,1,7,12,19,25,12/06/2022,Clasico
9142,5,12,20,23,26,12/06/2022,Clasico
9143,7,10,11,17,18,13/06/2022,Clasico
9144,5,22,23,27,28,13/06/2022,Clasico
9145,2,3,4,10,21,14/06/2022,Clasico
9146,5,13,17,18,19,14/06/2022,Clasico
9147,2,4,6,17,25,15/06/2022,Clasico
9148,2,6,10,18,20,15/06/2022,Clasico
9149,1,10,11,20,27,16/06/2022,Clasico
9150,8,11,16,20,22,16/06/2022,Clasico
9151,2,3,18,21,26,17/06/2022,Clasico
9152,2,6,11,16,23,17/06/2022,Clasico
9153,9,10,11,12,13,18/06/2022,Clasico
9154,2,10,18,25,26,18/06/2022,Clasico
9155,7,8,13,21,26,19/06/2022,Clasico
9156,2,9,13,20,25,19/06/2022,Clasico
9157,6,11,20,23,26,20/06/2022,Clasico
9158,9,14,16,19,27,20/06/2022,Clasico
9159,3,13,16,21,28,21/06/2022,Clasico
9160,6,17,20,26,27,21/06/2022,Clasico
9161,4,6,8,12,27,22/06/2022,Clasico
9162,1,14,18,21,23,22/06/2022,Clasico
9163,1,2,7,22,26,23/06/2022,Clasico
9164,3,4,9,11,28,23/06/2022,Clasico
9165,6,7,15,21,24,24/06/2022,Clasico
9166,3,4,8,21,26,24/06/2022,Clasico
9167,2,3,15,21,24,25/06/2022,Clasico
9168,5,17,20,23,24,25/06/2022,Clasico
9169,3,4,8,17,20,26/06/2022,Clasico
9170,1,4,15,18,26,26/06/2022,Clasico
9171,2,3,21,24,25,27/06/2022,Clasico
9172,2,3,11,12,13,27/06/2022,Clasico
9173,5,10,15,26,27,28/06/2022,Clasico
9174,6,7,8,10,24,28/06/2022,Clasico
9175,1,5,13,14,28,29/06/2022,Clasico
9176,2,13,17,26,28,29/06/2022,Clasico
9177,1,9,11,17,18,30/06/2022,Clasico
9178,4,6,8,14,23,30/06/2022,Clasico
9179,2,11,12,18,27,01/07/2022,Clasico
9180,11,12,16,21,25,01/07/2022,Clasico
9181,4,10,12,14,17,02/07/2022,Clasico
9182,2,14,15,26,27,02/07/2022,Clasico
9183,1,3,5,22,27,03/07/2022,Clasico
9184,4,10,18,23,27,03/07/2022,Clasico
9185,2,6,12,13,24,04/07/2022,Clasico
9186,4,7,18,20,21,04/07/2022,Clasico
9187,1,8,19,24,25,05/07/2022,Clasico
9188,2,5,9,14,15,05/07/2022,Clasico
9189,5,16,17,22,24,06/07/2022,Clasico
9190,2,6,17,23,25,06/07/2022,Clasico
9191,1,8,14,22,25,07/07/2022,Clasico
9192,9,18,19,25,27,07/07/2022,Clasico
9193,9,13,15,16,22,08/07/2022,Clasico
9194,1,2,5,13,15,08/07/2022,Clasico
9195,2,5,8,12,19,09/07/2022,Clasico
9196,3,6,9,14,20,09/07/2022,Clasico
9197,3,8,9,19,24,10/07/2022,Clasico
9198,4,7,16,22,28,10/07/2022,Clasico
9199,3,4,6,26,27,11/07/2022,Clasico
9200,5,6,17,26,27,11/07/2022,Clasico
9201,3,10,11,17,23,12/07/2022,Clasico
9202,4,7,11,12,24,12/07/2022,Clasico
9203,3,12,15,20,25,13/07/2022,Clasico
9204,3,6,20,25,26,13/07/2022,Clasico
9205,1,9,10,19,24,14/07/2022,Clasico
9206,7,17,22,25,28,14/07/2022,Clasico
9207,9,11,13,17,22,15/07/2022,Clasico
9208,8,12,15,18,25,15/07/2022,Clasico
9209,2,4,13,17,18,16/07/2022,Clasico
9210,6,9,11,14,18,16/07/2022,Clasico
9211,2,10,16,24,25,17/07/2022,Clasico
9212,8,12,20,24,26,17/07/2022,Clasico
9213,7,11,15,19,24,18/07/2022,Clasico
9214,5,20,22,23,28,18/07/2022,Clasico
9215,12,16,17,21,27,19/07/2022,Clasico
9216,9,11,19,26,28,19/07/2022,Clasico
9217,1,13,17,21,26,20/07/2022,Clasico
9218,3,19,22,24,27,20/07/2022,Clasico
9219,7,13,14,15,26,21/07/2022,Clasico
9220,2,4,7,14,27,21/07/2022,Clasico
9221,6,10,12,18,19,22/07/2022,Clasico
9222,2,11,12,15,19,22/07/2022,Clasico
9223,2,9,14,19,28,23/07/2022,Clasico
9224,9,11,12,16,18,23/07/2022,Clasico
9225,1,2,5,15,26,24/07/2022,Clasico
9226,6,16,19,23,27,24/07/2022,Clasico
9227,5,6,10,21,24,25/07/2022,Clasico
9228,4,8,14,23,25,25/07/2022,Clasico
9229,4,14,18,24,27,26/07/2022,Clasico
9230,1,7,9,20,22,26/07/2022,Clasico
9231,2,3,5,23,26,27/07/2022,Clasico
9232,7,12,23,24,28,27/07/2022,Clasico
9233,1,2,18,22,27,28/07/2022,Clasico
9234,4,12,20,25,26,28/07/2022,Clasico
9235,1,2,6,7,8,29/07/2022,Clasico
9236,2,8,13,18,27,29/07/2022,Clasico
9237,4,8,9,14,25,30/07/2022,Clasico
9238,5,15,21,22,25,30/07/2022,Clasico
9239,5,11,15,21,23,31/07/2022,Clasico
9240,11,12,14,21,27,31/07/2022,Clasico
9241,2,6,17,23,27,01/08/2022,Clasico
9242,1,6,9,20,28,01/08/2022,Clasico
9243,4,11,12,13,26,02/08/2022,Clasico
9244,5,15,17,20,23,02/08/2022,Clasico
9245,3,4,8,12,18,03/08/2022,Clasico
9246,5,9,20,24,27,03/08/2022,Clasico
9247,6,9,12,17,20,04/08/2022,Clasico
9248,1,13,16,21,27,04/08/2022,Clasico
9249,2,9,16,20,26,05/08/2022,Clasico
9250,2,5,14,19,22,05/08/2022,Clasico
9251,9,11,17,24,26,06/08/2022,Clasico
9252,5,6,19,23,26,06/08/2022,Clasico
9253,1,2,13,23,25,07/08/2022,Clasico
9254,1,9,13,19,25,07/08/2022,Clasico
9255,10,17,21,22,24,08/08/2022,Clasico
9256,3,9,12,18,26,08/08/2022,Clasico
9257,1,2,5,9,24,09/08/2022,Clasico
9258,5,6,17,25,27,09/08/2022,Clasico
9259,12,15,17,20,23,10/08/2022,Clasico
9260,5,10,11,17,27,10/08/2022,Clasico
9261,4,5,7,15,25,11/08/2022,Clasico
9262,4,7,15,19,24,11/08/2022,Clasico
9263,4,10,11,13,18,12/08/2022,Clasico
9264,1,6,7,24,26,12/08/2022,Clasico
9265,1,2,8,23,26,13/08/2022,Clasico
9266,5,10,20,24,26,13/08/2022,Clasico
9267,1,2,10,13,21,14/08/2022,Clasico
9268,1,13,17,26,27,14/08/2022,Clasico
9269,6,9,10,15,26,15/08/2022,Clasico
9270,1,5,9,20,24,15/08/2022,Clasico
9271,4,7,17,21,26,16/08/2022,Clasico
9272,2,6,9,14,26,16/08/2022,Clasico
9273,2,12,13,15,19,17/08/2022,Clasico
9274,4,7,12,22,26,17/08/2022,Clasico
9275,14,17,22,23,28,18/08/2022,Clasico
9276,2,7,10,24,27,18/08/2022,Clasico
9277,13,14,16,18,21,19/08/2022,Clasico
9278,1,2,9,11,19,19/08/2022,Clasico
9279,3,10,12,20,21,20/08/2022,Clasico
9280,2,6,9,21,22,20/08/2022,Clasico
9281,4,8,12,15,19,21/08/2022,Clasico
9282,3,10,17,27,28,21/08/2022,Clasico
9283,1,7,9,11,28,22/08/2022,Clasico
9284,12,18,20,26,28,22/08/2022,Clasico
9285,16,18,23,26,27,23/08/2022,Clasico
9286,8,14,21,22,23,23/08/2022,Clasico
9287,2,10,17,23,27,24/08/2022,Clasico
9288,1,11,14,16,21,24/08/2022,Clasico
9289,9,11,13,23,28,25/08/2022,Clasico
9290,3,5,11,12,28,25/08/2022,Clasico
9291,3,5,6,23,24,26/08/2022,Clasico
9292,2,4,13,14,18,26/08/2022,Clasico
9293,2,5,10,11,27,27/08/2022,Clasico
9294,12,14,16,18,26,27/08/2022,Clasico
9295,2,3,17,18,22,28/08/2022,Clasico
9296,1,3,11,15,17,28/08/2022,Clasico
9297,4,7,20,22,24,29/08/2022,Clasico
9298,12,19,26,27,28,29/08/2022,Clasico
9299,4,9,14,17,26,30/08/2022,Clasico
9300,9,14,18,21,28,30/08/2022,Clasico
9301,7,9,20,21,24,31/08/2022,Clasico
9302,5,12,13,18,19,31/08/2022,Clasico
9303,1,3,7,11,24,01/09/2022,Clasico
9304,3,5,9,13,27,01/09/2022,Clasico
9305,2,8,11,21,24,02/09/2022,Clasico
9306,8,15,17,18,21,02/09/2022,Clasico
9307,6,13,21,27,28,03/09/2022,Clasico
9308,3,4,17,19,20,03/09/2022,Clasico
9309,1,8,12,14,15,04/09/2022,Clasico
9310,4,11,13,23,28,04/09/2022,Clasico
9311,6,12,14,18,22,05/09/2022,Clasico
9312,3,4,7,21,24,05/09/2022,Clasico
9313,6,15,17,22,28,06/09/2022,Clasico
9314,8,17,22,24,26,06/09/2022,Clasico
9315,2,6,9,11,26,07/09/2022,Clasico
9316,10,16,19,20,22,07/09/2022,Clasico
9317,5,11,12,18,27,08/09/2022,Clasico
9318,6,8,12,19,26,08/09/2022,Clasico
9319,2,14,15,17,22,09/09/2022,Clasico
9320,2,15,17,25,26,09/09/2022,Clasico
9321,1,2,3,5,12,10/09/2022,Clasico
9322,5,9,10,14,24,10/09/2022,Clasico
9323,1,2,12,23,28,11/09/2022,Clasico
9324,3,10,11,20,26,11/09/2022,Clasico
9325,6,9,13,18,28,12/09/2022,Clasico
9326,4,15,21,22,26,12/09/2022,Clasico
9327,5,12,16,26,27,13/09/2022,Clasico
9328,2,5,16,20,21,13/09/2022,Clasico
9329,6,8,10,17,18,14/09/2022,Clasico
9330,7,11,17,21,22,14/09/2022,Clasico
9331,3,9,15,17,18,15/09/2022,Clasico
9332,8,10,14,26,28,15/09/2022,Clasico
9333,13,14,19,21,22,16/09/2022,Clasico
9334,14,16,20,22,24,16/09/2022,Clasico
9335,3,4,5,24,27,17/09/2022,Clasico
9336,3,6,8,15,21,17/09/2022,Clasico
9337,7,8,17,20,27,18/09/2022,Clasico
9338,2,5,13,21,24,18/09/2022,Clasico
9339,7,8,17,24,28,19/09/2022,Clasico
9340,3,6,11,14,24,19/09/2022,Clasico
9341,8,18,20,23,26,20/09/2022,Clasico
9342,1,5,8,21,27,20/09/2022,Clasico
9343,1,4,16,20,27,21/09/2022,Clasico
9344,5,11,21,23,27,21/09/2022,Clasico
9345,4,10,11,16,21,22/09/2022,Clasico
9346,6,9,12,15,22,22/09/2022,Clasico
9347,3,10,12,15,25,23/09/2022,Clasico
9348,1,4,7,10,12,23/09/2022,Clasico
9349,1,2,12,23,25,24/09/2022,Clasico
9350,4,10,14,25,28,24/09/2022,Clasico
9351,7,8,12,15,19,25/09/2022,Clasico
9352,7,8,15,18,27,25/09/2022,Clasico
9353,10,11,14,27,28,26/09/2022,Clasico
9354,5,7,11,14,24,26/09/2022,Clasico
9355,6,11,13,25,27,27/09/2022,Clasico
9356,5,6,19,22,25,27/09/2022,Clasico
9357,1,6,11,26,28,28/09/2022,Clasico
9358,3,7,20,21,23,28/09/2022,Clasico
9359,2,3,9,14,16,29/09/2022,Clasico
9360,1,8,13,19,20,29/09/2022,Clasico
9361,3,4,13,15,20,30/09/2022,Clasico
9362,2,5,12,19,21,30/09/2022,Clasico
9363,2,7,14,15,23,01/10/2022,Clasico
9364,5,9,13,19,24,01/10/2022,Clasico
9365,1,3,9,17,18,02/10/2022,Clasico
9366,1,3,4,11,15,02/10/2022,Clasico
9367,2,5,11,26,27,03/10/2022,Clasico
9368,2,3,14,21,26,03/10/2022,Clasico
9369,6,9,10,21,23,04/10/2022,Clasico
9370,4,6,9,18,28,04/10/2022,Clasico
9371,8,12,14,16,17,05/10/2022,Clasico
9372,1,10,13,17,18,05/10/2022,Clasico
9373,4,12,13,18,23,06/10/2022,Clasico
9374,1,4,5,24,26,06/10/2022,Clasico
9375,9,11,17,19,20,07/10/2022,Clasico
9376,12,18,21,22,23,07/10/2022,Clasico
9377,5,9,22,23,24,08/10/2022,Clasico
9378,3,4,8,17,28,08/10/2022,Clasico
9379,9,10,12,24,26,09/10/2022,Clasico
9380,9,12,17,20,27,09/10/2022,Clasico
9381,2,24,25,27,28,10/10/2022,Clasico
9382,3,6,14,22,23,10/10/2022,Clasico
9383,1,4,14,20,27,11/10/2022,Clasico
9384,3,20,22,24,28,11/10/2022,Clasico
9385,5,8,13,25,28,12/10/2022,Clasico
9386,3,4,9,15,28,12/10/2022,Clasico
9387,15,17,24,25,28,13/10/2022,Clasico
9388,14,17,19,21,28,13/10/2022,Clasico
9389,8,10,11,12,15,14/10/2022,Clasico
9390,1,4,6,12,13,14/10/2022,Clasico
9391,9,18,21,24,27,15/10/2022,Clasico
9392,6,8,10,22,28,15/10/2022,Clasico
9393,8,11,16,18,27,16/10/2022,Clasico
9394,8,18,22,26,28,16/10/2022,Clasico
9395,2,9,20,22,24,17/10/2022,Clasico
9396,5,21,22,27,28,17/10/2022,Clasico
9397,1,6,7,8,23,18/10/2022,Clasico
9398,3,10,16,17,27,18/10/2022,Clasico
9399,6,11,12,21,24,19/10/2022,Clasico
9400,3,5,18,25,26,19/10/2022,Clasico
9401,2,5,12,18,28,20/10/2022,Clasico
9402,6,8,9,16,21,20/10/2022,Clasico
9403,1,8,11,22,24,21/10/2022,Clasico
9404,13,21,24,26,27,21/10/2022,Clasico
9405,1,3,10,20,25,22/10/2022,Clasico
9406,7,17,19,20,28,22/10/2022,Clasico
9407,1,6,13,17,21,23/10/2022,Clasico
9408,4,11,14,23,28,23/10/2022,Clasico
9409,3,4,6,11,24,24/10/2022,Clasico
9410,8,9,14,18,19,24/10/2022,Clasico
9411,1,5,9,10,23,25/10/2022,Clasico
9412,4,5,6,16,24,25/10/2022,Clasico
9413,1,17,23,26,28,26/10/2022,Clasico
9414,5,8,13,16,22,26/10/2022,Clasico
9415,3,15,16,19,21,27/10/2022,Clasico
9416,5,10,14,20,28,27/10/2022,Clasico
9417,14,22,25,26,27,28/10/2022,Clasico
9418,5,6,7,11,23,28/10/2022,Clasico
9419,6,10,16,17,23,29/10/2022,Clasico
9420,1,8,15,18,25,29/10/2022,Clasico
9421,6,19,21,24,26,30/10/2022,Clasico
9422,3,10,21,22,23,30/10/2022,Clasico
9423,4,6,18,24,28,31/10/2022,Clasico
9424,2,7,8,13,23,31/10/2022,Clasico
9425,5,9,14,23,28,01/11/2022,Clasico
9426,5,11,20,23,26,01/11/2022,Clasico
9427,1,2,6,8,25,02/11/2022,Clasico
9428,8,9,10,11,26,02/11/2022,Clasico
9429,3,17,19,23,28,03/11/2022,Clasico
9430,1,9,16,25,27,03/11/2022,Clasico
9431,2,3,5,22,28,04/11/2022,Clasico
9432,1,7,9,19,20,04/11/2022,Clasico
9433,7,11,14,25,26,05/11/2022,Clasico
9434,5,10,15,17,28,05/11/2022,Clasico
9435,2,4,8,17,21,06/11/2022,Clasico
9436,1,5,13,15,22,06/11/2022,Clasico
9437,7,8,11,19,22,07/11/2022,Clasico
9438,2,14,16,23,28,07/11/2022,Clasico
9439,2,7,17,25,27,08/11/2022,Clasico
9440,4,9,13,15,16,08/11/2022,Clasico
9441,4,18,20,24,27,09/11/2022,Clasico
9442,9,10,14,18,23,09/11/2022,Clasico
9443,9,14,19,26,28,10/11/2022,Clasico
9444,8,10,20,22,26,10/11/2022,Clasico
9445,7,15,16,22,27,11/11/2022,Clasico
9446,5,6,10,20,23,11/11/2022,Clasico
9447,6,10,16,24,26,12/11/2022,Clasico
9448,12,13,17,18,24,12/11/2022,Clasico
9449,14,15,16,25,28,13/11/2022,Clasico
9450,9,16,19,22,23,13/11/2022,Clasico
9451,1,7,10,22,23,14/11/2022,Clasico
9452,2,10,14,18,20,14/11/2022,Clasico
9453,2,3,6,10,25,15/11/2022,Clasico
9454,2,3,6,8,19,15/11/2022,Clasico
9455,1,2,8,18,23,16/11/2022,Clasico
9456,4,5,9,23,25,16/11/2022,Clasico
9457,2,4,6,7,27,17/11/2022,Clasico
9458,2,4,5,7,14,17/11/2022,Clasico
9459,4,14,17,24,25,18/11/2022,Clasico
9460,9,11,13,21,27,18/11/2022,Clasico
9461,13,15,21,24,25,19/11/2022,Clasico
9462,3,6,17,18,28,19/11/2022,Clasico
9463,2,3,11,13,22,20/11/2022,Clasico
9464,3,4,12,16,23,20/11/2022,Clasico
9465,1,9,18,26,27,21/11/2022,Clasico
9466,1,5,8,11,12,21/11/2022,Clasico
9467,8,18,19,20,25,22/11/2022,Clasico
9468,6,13,14,23,28,22/11/2022,Clasico
9469,1,4,9,18,24,23/11/2022,Clasico
9470,1,2,5,19,28,23/11/2022,Clasico
9471,1,7,9,21,26,24/11/2022,Clasico
9472,1,10,13,15,16,24/11/2022,Clasico
9473,11,12,13,15,24,25/11/2022,Clasico
9474,7,14,19,20,21,25/11/2022,Clasico
9475,2,12,14,25,27,26/11/2022,Clasico
9476,2,3,11,25,28,26/11/2022,Clasico
9477,12,13,18,19,22,27/11/2022,Clasico
9478,2,7,10,23,25,27/11/2022,Clasico
9479,1,13,14,18,19,28/11/2022,Clasico
9480,10,13,18,23,27,28/11/2022,Clasico
9481,7,17,23,25,26,29/11/2022,Clasico
9482,2,4,6,17,20,29/11/2022,Clasico
9483,4,10,13,25,28,30/11/2022,Clasico
9484,1,12,15,16,25,30/11/2022,Clasico
9485,2,6,9,12,23,01/12/2022,Clasico
9486,9,10,11,20,26,01/12/2022,Clasico
9487,7,8,19,27,28,02/12/2022,Clasico
9488,1,2,9,18,20,02/12/2022,Clasico
9489,1,10,11,15,24,03/12/2022,Clasico
9490,1,7,9,24,27,03/12/2022,Clasico
9491,3,15,24,25,28,04/12/2022,Clasico
9492,2,8,19,21,25,04/12/2022,Clasico
9493,12,16,18,21,27,05/12/2022,Clasico
9494,1,8,10,16,25,05/12/2022,Clasico
9495,3,11,13,18,19,06/12/2022,Clasico
9496,5,15,21,26,28,06/12/2022,Clasico
9497,5,16,20,21,25,07/12/2022,Clasico
9498,2,11,19,25,27,07/12/2022,Clasico
9499,10,11,16,17,27,08/12/2022,Clasico
9500,1,4,7,8,14,08/12/2022,Clasico
9501,8,12,19,26,27,09/12/2022,Clasico
9502,4,10,11,22,28,09/12/2022,Clasico
9503,10,13,24,25,27,10/12/2022,Clasico
9504,2,9,13,18,28,10/12/2022,Clasico
9505,12,14,16,21,28,11/12/2022,Clasico
9506,2,3,15,23,26,11/12/2022,Clasico
9507,10,11,14,16,21,12/12/2022,Clasico
9508,1,5,18,20,28,12/12/2022,Clasico
9509,2,3,14,21,22,13/12/2022,Clasico
9510,3,4,13,17,28,13/12/2022,Clasico
9511,6,8,10,22,25,14/12/2022,Clasico
9512,1,4,18,21,23,14/12/2022,Clasico
9513,3,5,10,14,24,15/12/2022,Clasico
9514,9,10,16,17,20,15/12/2022,Clasico
9515,1,2,5,19,27,16/12/2022,Clasico
9516,4,5,6,17,26,16/12/2022,Clasico
9517,2,3,4,18,22,17/12/2022,Clasico
9518,9,15,18,22,25,17/12/2022,Clasico
9519,15,17,19,20,27,18/12/2022,Clasico
9520,2,3,6,8,27,18/12/2022,Clasico
9521,1,10,17,18,25,19/12/2022,Clasico
9522,7,10,12,18,27,19/12/2022,Clasico
9523,1,2,3,5,25,20/12/2022,Clasico
9524,7,19,24,25,27,20/12/2022,Clasico
9525,3,8,12,21,25,21/12/2022,Clasico
9526,3,5,7,13,20,21/12/2022,Clasico
9527,1,21,22,24,28,22/12/2022,Clasico
9528,2,9,12,13,14,22/12/2022,Clasico
9529,1,10,15,16,26,23/12/2022,Clasico
9530,7,8,14,20,22,23/12/2022,Clasico
9531,11,16,25,26,27,24/12/2022,Clasico
9532,1,6,11,12,20,24/12/2022,Clasico
9533,6,8,18,19,22,25/12/2022,Clasico
9534,1,8,10,12,21,25/12/2022,Clasico
9535,5,8,12,13,20,26/12/2022,Clasico
9536,4,12,21,22,27,26/12/2022,Clasico
9537,1,13,17,19,24,27/12/2022,Clasico
9538,1,4,9,17,26,27/12/2022,Clasico
9539,4,6,10,11,12,28/12/2022,Clasico
9540,8,15,19,24,25,28/12/2022,Clasico
9541,5,11,18,19,25,29/12/2022,Clasico
9542,4,10,18,25,26,29/12/2022,Clasico
9543,9,12,16,25,26,30/12/2022,Clasico
9544,4,6,8,11,22,30/12/2022,Clasico
9545,2,5,8,10,19,31/12/2022,Clasico
9546,5,14,18,23,27,31/12/2022,Clasico
9547,9,22,23,25,28,01/01/2023,Clasico
9548,4,11,16,24,26,01/01/2023,Clasico
9549,1,5,8,13,26,02/01/2023,Clasico
9550,10,14,22,23,27,02/01/2023,Clasico
9551,3,8,15,17,28,03/01/2023,Clasico
9552,4,5,24,27,28,03/01/2023,Clasico
9553,5,10,21,24,27,04/01/2023,Clasico
9554,3,11,22,24,25,04/01/2023,Clasico
9555,3,9,11,12,13,05/01/2023,Clasico
9556,8,13,16,22,24,05/01/2023,Clasico
9557,5,10,15,16,17,06/01/2023,Clasico
9558,3,12,17,21,23,06/01/2023,Clasico
9559,5,7,11,19,20,07/01/2023,Clasico
9560,3,4,12,20,21,07/01/2023,Clasico
9561,4,17,21,22,26,08/01/2023,Clasico
9562,4,12,13,16,22,08/01/2023,Clasico
9563,1,5,11,12,14,09/01/2023,Clasico
9564,4,10,21,23,28,09/01/2023,Clasico
9565,3,4,14,18,21,10/01/2023,Clasico
9566,19,21,22,27,28,10/01/2023,Clasico
9567,1,3,7,16,26,11/01/2023,Clasico
9568,8,10,12,14,21,11/01/2023,Clasico
9569,10,11,14,15,19,12/01/2023,Clasico
9570,3,15,17,18,21,12/01/2023,Clasico
9571,1,2,17,25,27,13/01/2023,Clasico
9572,2,5,8,11,28,13/01/2023,Clasico
9573,5,6,8,15,17,14/01/2023,Clasico
9574,2,3,16,23,26,14/01/2023,Clasico
9575,3,14,23,24,27,15/01/2023,Clasico
9576,7,13,14,15,17,15/01/2023,Clasico
9577,2,18,23,27,28,16/01/2023,Clasico
9578,18,20,22,23,28,16/01/2023,Clasico
9579,5,8,12,21,24,17/01/2023,Clasico
9580,9,13,23,24,28,17/01/2023,Clasico
9581,1,3,10,12,25,18/01/2023,Clasico
9582,10,18,24,26,27,18/01/2023,Clasico
9583,14,21,24,25,26,19/01/2023,Clasico
9584,1,7,11,17,28,19/01/2023,Clasico
9585,7,11,20,25,26,20/01/2023,Clasico
9586,3,7,18,19,21,20/01/2023,Clasico
9587,7,8,16,19,26,21/01/2023,Clasico
9588,3,6,10,23,25,21/01/2023,Clasico
9589,1,2,19,20,23,22/01/2023,Clasico
9590,3,5,16,17,22,22/01/2023,Clasico
9591,4,8,13,16,21,23/01/2023,Clasico
9592,4,11,14,15,23,23/01/2023,Clasico
9593,9,16,18,22,26,24/01/2023,Clasico
9594,10,18,22,24,26,24/01/2023,Clasico
9595,6,13,17,18,22,25/01/2023,Clasico
9596,1,4,18,21,23,25/01/2023,Clasico
9597,1,8,15,18,23,26/01/2023,Clasico
9598,4,12,16,19,20,26/01/2023,Clasico
9599,2,3,8,19,25,27/01/2023,Clasico
9600,4,7,9,13,18,27/01/2023,Clasico
9601,2,5,9,19,27,28/01/2023,Clasico
9602,12,16,22,23,25,28/01/2023,Clasico
9603,2,3,6,13,25,29/01/2023,Clasico
9604,16,18,23,27,28,29/01/2023,Clasico
9605,6,20,24,25,28,30/01/2023,Clasico
9606,4,5,9,10,12,30/01/2023,Clasico
9607,2,8,9,23,28,31/01/2023,Clasico
9608,12,15,17,19,24,31/01/2023,Clasico
9609,3,5,8,25,28,01/02/2023,Clasico
9610,3,6,12,16,24,01/02/2023,Clasico
9611,6,12,14,19,24,02/02/2023,Clasico
9612,8,16,18,19,28,02/02/2023,Clasico
9613,20,21,23,24,25,03/02/2023,Clasico
9614,6,10,20,25,27,03/02/2023,Clasico
9615,3,5,10,14,18,04/02/2023,Clasico
9616,8,15,17,21,27,04/02/2023,Clasico
9617,4,10,14,15,26,05/02/2023,Clasico
9618,1,8,9,13,25,05/02/2023,Clasico
9619,5,7,8,17,27,06/02/2023,Clasico
9620,19,20,21,24,25,06/02/2023,Clasico
9621,3,5,11,19,26,07/02/2023,Clasico
9622,3,4,6,7,21,07/02/2023,Clasico
9623,2,3,8,15,22,08/02/2023,Clasico
9624,7,10,19,21,25,08/02/2023,Clasico
9625,2,5,19,24,25,09/02/2023,Clasico
9626,10,18,21,25,27,09/02/2023,Clasico
9627,1,4,8,25,28,10/02/2023,Clasico
9628,5,6,8,15,26,10/02/2023,Clasico
9629,14,18,22,23,25,11/02/2023,Clasico
9630,2,11,15,16,19,11/02/2023,Clasico
9631,3,17,19,22,27,12/02/2023,Clasico
9632,2,10,24,26,27,12/02/2023,Clasico
9633,1,2,5,12,19,13/02/2023,Clasico
9634,4,12,18,20,22,13/02/2023,Clasico
9635,6,8,9,12,24,14/02/2023,Clasico
9636,10,11,15,18,25,14/02/2023,Clasico
9637,1,4,19,22,26,15/02/2023,Clasico
9638,2,8,18,19,22,15/02/2023,Clasico
9639,2,5,20,21,28,16/02/2023,Clasico
9640,8,9,16,19,26,16/02/2023,Clasico
9641,3,22,23,24,28,17/02/2023,Clasico
9642,1,9,13,22,27,17/02/2023,Clasico
9643,8,10,12,13,27,18/02/2023,Clasico
9644,4,7,14,19,22,18/02/2023,Clasico
9645,5,10,12,16,25,19/02/2023,Clasico
9646,4,9,14,19,26,19/02/2023,Clasico
9647,2,4,15,21,24,20/02/2023,Clasico
9648,7,8,9,12,21,20/02/2023,Clasico
9649,1,4,11,18,25,21/02/2023,Clasico
9650,1,12,18,24,25,21/02/2023,Clasico
9651,1,6,7,14,22,22/02/2023,Clasico
9652,12,13,15,17,27,22/02/2023,Clasico
9653,4,5,8,12,22,23/02/2023,Clasico
9654,7,14,21,26,28,23/02/2023,Clasico
9655,12,13,22,26,27,24/02/2023,Clasico
9656,7,12,18,20,23,24/02/2023,Clasico
9657,3,9,21,24,28,25/02/2023,Clasico
9658,1,8,19,21,23,25/02/2023,Clasico
9659,10,12,20,22,24,26/02/2023,Clasico
9660,11,18,20,21,23,26/02/2023,Clasico
9661,2,12,14,16,26,27/02/2023,Clasico
9662,3,8,11,13,25,27/02/2023,Clasico
9663,1,3,4,20,28,28/02/2023,Clasico
9664,11,12,13,17,26,28/02/2023,Clasico
9665,1,6,16,18,23,01/03/2023,Clasico
9666,7,19,20,25,28,01/03/2023,Clasico
9667,6,7,19,23,24,02/03/2023,Clasico
9668,5,10,13,15,20,02/03/2023,Clasico
9669,5,11,12,13,23,03/03/2023,Clasico
9670,4,7,13,24,27,03/03/2023,Clasico
9671,4,8,26,27,28,04/03/2023,Clasico
9672,14,18,23,25,26,04/03/2023,Clasico
9673,1,11,23,24,26,05/03/2023,Clasico
9674,1,13,14,15,21,05/03/2023,Clasico
9675,2,10,15,23,27,06/03/2023,Clasico
9676,7,11,14,21,25,06/03/2023,Clasico
9677,13,20,22,23,27,07/03/2023,Clasico
9678,4,11,19,26,27,07/03/2023,Clasico
9679,2,3,5,10,13,08/03/2023,Clasico
9680,12,13,14,24,27,08/03/2023,Clasico
9681,1,13,17,18,25,09/03/2023,Clasico
9682,1,6,16,19,20,09/03/2023,Clasico
9683,3,5,8,16,22,10/03/2023,Clasico
9684,5,9,10,16,26,10/03/2023,Clasico
9685,6,7,23,24,26,11/03/2023,Clasico
9686,2,7,14,22,23,11/03/2023,Clasico
9687,1,3,5,8,16,12/03/2023,Clasico
9688,3,7,12,17,26,12/03/2023,Clasico
9689,6,9,16,21,23,13/03/2023,Clasico
9690,2,20,24,25,27,13/03/2023,Clasico
9691,1,7,11,15,17,14/03/2023,Clasico
9692,6,10,18,24,27,14/03/2023,Clasico
9693,2,6,10,11,28,15/03/2023,Clasico
9694,11,14,18,21,28,15/03/2023,Clasico
9695,1,9,15,19,22,16/03/2023,Clasico
9696,6,8,22,27,28,16/03/2023,Clasico
9697,1,4,6,12,20,17/03/2023,Clasico
9698,2,9,13,16,27,17/03/2023,Clasico
9699,10,14,23,24,25,18/03/2023,Clasico
9700,1,7,16,19,26,18/03/2023,Clasico
9701,2,5,14,16,25,19/03/2023,Clasico
9702,3,16,18,23,27,19/03/2023,Clasico
9703,8,12,13,16,26,20/03/2023,Clasico
9704,4,18,20,23,25,20/03/2023,Clasico
9705,9,12,13,20,22,21/03/2023,Clasico
9706,8,9,10,20,27,21/03/2023,Clasico
9707,2,4,13,18,20,22/03/2023,Clasico
9708,1,5,7,13,18,22/03/2023,Clasico
9709,3,5,6,7,8,23/03/2023,Clasico
9710,7,18,20,23,27,23/03/2023,Clasico
9711,7,8,10,18,22,24/03/2023,Clasico
9712,5,10,14,23,27,24/03/2023,Clasico
9713,2,3,17,19,24,25/03/2023,Clasico
9714,1,9,11,15,16,25/03/2023,Clasico
9715,3,10,16,17,23,26/03/2023,Clasico
9716,3,10,11,13,28,26/03/2023,Clasico
9717,3,6,8,11,15,27/03/2023,Clasico
9718,5,12,13,19,28,27/03/2023,Clasico
9719,6,11,13,24,25,28/03/2023,Clasico
9720,13,14,20,25,28,28/03/2023,Clasico
9721,4,6,8,14,25,29/03/2023,Clasico
9722,11,13,18,21,26,29/03/2023,Clasico
9723,8,19,21,22,28,30/03/2023,Clasico
9724,9,13,16,20,26,30/03/2023,Clasico
9725,1,6,8,11,27,31/03/2023,Clasico
9726,4,10,13,19,22,31/03/2023,Clasico
9727,5,7,14,19,28,01/04/2023,Clasico
9728,2,4,15,16,22,01/04/2023,Clasico
9729,3,14,21,22,23,02/04/2023,Clasico
9730,9,13,16,17,27,02/04/2023,Clasico
9731,2,14,17,24,27,03/04/2023,Clasico
9732,1,15,17,23,27,03/04/2023,Clasico
9733,13,14,17,26,28,04/04/2023,Clasico
9734,6,13,17,24,27,04/04/2023,Clasico
9735,1,11,13,16,27,05/04/2023,Clasico
9736,8,13,16,19,23,05/04/2023,Clasico
9737,8,10,12,18,28,06/04/2023,Clasico
9738,8,12,19,20,28,06/04/2023,Clasico
9739,4,6,14,19,27,07/04/2023,Clasico
9740,15,16,18,19,22,07/04/2023,Clasico
9741,2,12,16,22,28,08/04/2023,Clasico
9742,1,3,5,14,15,08/04/2023,Clasico
9743,2,3,4,5,20,09/04/2023,Clasico
9744,10,13,16,18,20,09/04/2023,Clasico
9745,2,5,8,12,19,10/04/2023,Clasico
9746,17,22,24,27,28,10/04/2023,Clasico
9747,5,6,7,10,20,11/04/2023,Clasico
9748,3,12,18,20,28,11/04/2023,Clasico
9749,1,2,7,16,18,12/04/2023,Clasico
9750,2,3,7,18,19,12/04/2023,Clasico
9751,4,8,12,13,17,13/04/2023,Clasico
9752,3,5,8,14,26,13/04/2023,Clasico
9753,3,7,10,16,18,14/04/2023,Clasico
9754,8,21,23,25,28,14/04/2023,Clasico
9755,3,8,13,14,27,15/04/2023,Clasico
9756,11,18,20,24,25,15/04/2023,Clasico
9757,2,4,19,22,23,16/04/2023,Clasico
9758,7,22,24,26,27,16/04/2023,Clasico
9759,4,8,9,15,16,17/04/2023,Clasico
9760,12,18,19,22,23,17/04/2023,Clasico
9761,3,9,10,13,24,18/04/2023,Clasico
9762,3,14,19,25,27,18/04/2023,Clasico
9763,8,12,14,19,28,19/04/2023,Clasico
9764,3,9,13,17,25,19/04/2023,Clasico
9765,9,10,11,13,14,20/04/2023,Clasico
9766,4,15,23,24,25,20/04/2023,Clasico
9767,1,9,10,20,23,21/04/2023,Clasico
9768,1,5,17,24,28,21/04/2023,Clasico
9769,3,15,17,19,21,22/04/2023,Clasico
9770,2,6,8,21,26,22/04/2023,Clasico
9771,2,4,6,12,20,23/04/2023,Clasico
9772,7,10,13,16,22,23/04/2023,Clasico
9773,2,4,9,15,28,24/04/2023,Clasico
9774,9,12,13,21,28,24/04/2023,Clasico
9775,7,10,13,19,24,25/04/2023,Clasico
9776,2,10,19,21,24,25/04/2023,Clasico
9777,5,11,15,18,26,26/04/2023,Clasico
9778,5,11,17,21,22,26/04/2023,Clasico
9779,3,12,14,18,22,27/04/2023,Clasico
9780,5,9,13,17,25,27/04/2023,Clasico
9781,4,9,17,20,23,28/04/2023,Clasico
9782,6,9,19,22,23,28/04/2023,Clasico
9783,15,16,19,21,22,29/04/2023,Clasico
9784,3,8,15,22,23,29/04/2023,Clasico
9785,7,14,18,22,25,30/04/2023,Clasico
9786,13,14,19,22,28,30/04/2023,Clasico
9787,1,7,10,17,20,01/05/2023,Clasico
9788,7,9,10,14,21,01/05/2023,Clasico
9789,13,17,19,22,27,02/05/2023,Clasico
9790,4,15,16,17,21,02/05/2023,Clasico
9791,4,7,8,10,23,03/05/2023,Clasico
9792,2,3,4,15,19,03/05/2023,Clasico
9793,8,13,15,16,23,04/05/2023,Clasico
9794,2,6,9,14,21,04/05/2023,Clasico
9795,8,15,17,18,19,05/05/2023,Clasico
9796,5,6,8,18,23,05/05/2023,Clasico
9797,7,12,15,21,24,06/05/2023,Clasico
9798,5,14,16,21,24,06/05/2023,Clasico
9799,6,14,18,20,27,07/05/2023,Clasico
9800,2,20,22,25,26,07/05/2023,Clasico
9801,1,2,9,10,24,08/05/2023,Clasico
9802,6,8,18,20,24,08/05/2023,Clasico
9803,3,4,11,21,28,09/05/2023,Clasico
9804,5,11,15,16,18,09/05/2023,Clasico
9805,1,3,10,13,18,10/05/2023,Clasico
9806,3,7,23,24,26,10/05/2023,Clasico
9807,1,17,20,21,22,11/05/2023,Clasico
9808,8,10,13,23,26,11/05/2023,Clasico
9809,6,8,11,19,27,12/05/2023,Clasico
9810,7,9,11,24,27,12/05/2023,Clasico
9811,20,22,23,25,27,13/05/2023,Clasico
9812,8,19,25,27,28,13/05/2023,Clasico
9813,1,3,5,13,17,14/05/2023,Clasico
9814,4,5,13,15,20,14/05/2023,Clasico
9815,4,7,18,20,28,15/05/2023,Clasico
9816,16,20,22,24,27,15/05/2023,Clasico
9817,1,13,14,15,24,16/05/2023,Clasico
9818,5,9,15,20,22,16/05/2023,Clasico
9819,3,7,18,23,28,17/05/2023,Clasico
9820,12,13,15,17,25,17/05/2023,Clasico
9821,4,12,24,26,27,18/05/2023,Clasico
9822,5,15,17,22,28,18/05/2023,Clasico
9823,1,2,4,20,27,19/05/2023,Clasico
9824,1,4,11,13,25,19/05/2023,Clasico
9825,7,18,20,24,26,20/05/2023,Clasico
9826,15,16,22,25,26,20/05/2023,Clasico
9827,1,6,10,17,27,21/05/2023,Clasico
9828,2,3,7,8,12,21/05/2023,Clasico
9829,2,5,21,22,26,22/05/2023,Clasico
9830,2,6,11,18,22,22/05/2023,Clasico
9831,6,10,14,19,28,23/05/2023,Clasico
9832,3,9,18,19,26,23/05/2023,Clasico
9833,3,10,11,13,26,24/05/2023,Clasico
9834,1,2,3,10,25,24/05/2023,Clasico
9835,8,11,12,13,18,25/05/2023,Clasico
9836,1,12,17,20,26,25/05/2023,Clasico
9837,14,19,21,25,26,26/05/2023,Clasico
9838,8,14,18,27,28,26/05/2023,Clasico
9839,1,15,23,25,27,27/05/2023,Clasico
9840,2,10,17,26,27,27/05/2023,Clasico
9841,4,8,11,20,28,28/05/2023,Clasico
9842,3,7,9,10,27,28/05/2023,Clasico
9843,4,6,13,22,26,29/05/2023,Clasico
9844,1,7,11,19,28,29/05/2023,Clasico
9845,2,3,7,12,15,30/05/2023,Clasico
9846,1,2,21,23,26,30/05/2023,Clasico
9847,3,8,12,15,21,31/05/2023,Clasico
9848,2,7,8,15,23,31/05/2023,Clasico
9849,3,9,12,20,28,01/06/2023,Clasico
9850,3,10,15,20,25,01/06/2023,Clasico
9851,9,14,18,21,24,02/06/2023,Clasico
9852,5,12,15,16,19,02/06/2023,Clasico
9853,3,7,9,17,27,03/06/2023,Clasico
9854,1,2,13,15,21,03/06/2023,Clasico
9855,2,4,9,20,24,04/06/2023,Clasico
9856,11,13,14,21,28,04/06/2023,Clasico
9857,4,11,15,20,24,05/06/2023,Clasico
9858,2,5,13,21,25,05/06/2023,Clasico
9859,15,17,23,24,25,06/06/2023,Clasico
9860,7,11,17,25,28,06/06/2023,Clasico
9861,7,14,17,24,26,07/06/2023,Clasico
9862,2,8,9,20,27,07/06/2023,Clasico
9863,12,17,21,22,23,08/06/2023,Clasico
9864,1,6,8,14,26,08/06/2023,Clasico
9865,11,14,17,21,23,09/06/2023,Clasico
9866,1,5,14,20,26,09/06/2023,Clasico
9867,2,9,23,24,25,10/06/2023,Clasico
9868,13,14,17,20,23,10/06/2023,Clasico
9869,9,16,22,24,28,11/06/2023,Clasico
9870,5,14,19,20,26,11/06/2023,Clasico
9871,4,8,12,26,28,12/06/2023,Clasico
9872,4,11,17,23,27,12/06/2023,Clasico
9873,5,8,13,20,25,13/06/2023,Clasico
9874,2,3,4,19,28,13/06/2023,Clasico
9875,5,8,9,12,26,14/06/2023,Clasico
9876,3,5,11,18,28,14/06/2023,Clasico
9877,2,6,11,13,23,15/06/2023,Clasico
9878,6,9,12,13,16,15/06/2023,Clasico
9879,10,11,16,25,28,16/06/2023,Clasico
9880,10,16,24,26,28,16/06/2023,Clasico
9881,4,7,15,17,27,17/06/2023,Clasico
9882,4,5,8,12,20,17/06/2023,Clasico
9883,3,7,10,12,26,18/06/2023,Clasico
9884,4,5,8,11,12,18/06/2023,Clasico
9885,11,15,17,18,21,19/06/2023,Clasico
9886,6,9,19,20,27,19/06/2023,Clasico
9887,1,5,8,10,27,20/06/2023,Clasico
9888,1,4,6,9,28,20/06/2023,Clasico
9889,3,5,10,17,19,21/06/2023,Clasico
9890,1,4,9,12,26,21/06/2023,Clasico
9891,21,22,23,25,28,22/06/2023,Clasico
9892,1,3,9,12,21,22/06/2023,Clasico
9893,4,6,7,18,19,23/06/2023,Clasico
9894,2,13,15,23,27,23/06/2023,Clasico
9895,1,2,4,15,19,24/06/2023,Clasico
9896,7,12,19,23,28,24/06/2023,Clasico
9897,1,11,17,19,20,25/06/2023,Clasico
9898,8,20,22,24,28,25/06/2023,Clasico
9899,1,12,13,19,24,26/06/2023,Clasico
9900,10,13,14,25,26,26/06/2023,Clasico
9901,9,10,12,25,28,27/06/2023,Clasico
9902,3,9,13,21,28,27/06/2023,Clasico
9903,3,5,12,21,27,28/06/2023,Clasico
9904,2,7,8,13,25,28/06/2023,Clasico
9905,3,8,14,15,21,29/06/2023,Clasico
9906,3,5,12,14,27,29/06/2023,Clasico
9907,1,2,8,15,20,30/06/2023,Clasico
9908,5,6,12,18,21,30/06/2023,Clasico
9909,1,4,21,24,28,01/07/2023,Clasico
9910,5,9,10,15,18,01/07/2023,Clasico
9911,1,3,5,8,23,02/07/2023,Clasico
9912,2,12,18,23,24,02/07/2023,Clasico
9913,2,18,21,25,27,03/07/2023,Clasico
9914,4,7,15,22,24,03/07/2023,Clasico
9915,3,8,17,19,21,04/07/2023,Clasico
9916,7,15,20,22,25,04/07/2023,Clasico
9917,3,8,9,19,21,05/07/2023,Clasico
9918,15,22,24,25,27,05/07/2023,Clasico
9919,2,8,13,16,18,06/07/2023,Clasico
9920,3,4,7,16,27,06/07/2023,Clasico
9921,4,8,13,14,28,07/07/2023,Clasico
9922,3,5,10,17,23,07/07/2023,Clasico
9923,8,23,24,25,27,08/07/2023,Clasico
9924,4,9,11,15,25,08/07/2023,Clasico
9925,1,4,10,17,19,09/07/2023,Clasico
9926,1,11,14,15,28,09/07/2023,Clasico
9927,4,11,15,17,24,10/07/2023,Clasico
9928,6,9,10,16,19,10/07/2023,Clasico
9929,3,14,15,16,26,11/07/2023,Clasico
9930,2,5,7,27,28,11/07/2023,Clasico
9931,2,4,14,16,20,12/07/2023,Clasico
9932,1,15,18,20,28,12/07/2023,Clasico
9933,3,5,8,22,25,13/07/2023,Clasico
9934,9,14,17,21,26,13/07/2023,Clasico
9935,4,9,11,14,21,14/07/2023,Clasico
9936,1,19,20,21,28,14/07/2023,Clasico
9937,3,5,7,11,15,15/07/2023,Clasico
9938,6,7,12,14,15,15/07/2023,Clasico
9939,8,20,24,26,28,16/07/2023,Clasico
9940,2,11,13,22,25,16/07/2023,Clasico
9941,1,4,16,20,27,17/07/2023,Clasico
9942,3,8,11,26,28,17/07/2023,Clasico
9943,3,8,15,20,27,18/07/2023,Clasico
9944,2,5,11,16,20,18/07/2023,Clasico
9945,3,6,7,15,23,19/07/2023,Clasico
9946,2,3,13,16,19,19/07/2023,Clasico
9947,14,17,19,27,28,20/07/2023,Clasico
9948,13,17,25,27,28,20/07/2023,Clasico
9949,8,9,10,11,16,21/07/2023,Clasico
9950,1,14,16,17,28,21/07/2023,Clasico
9951,7,17,25,26,28,22/07/2023,Clasico
9952,1,10,12,24,28,22/07/2023,Clasico
9953,3,5,17,19,23,23/07/2023,Clasico
9954,2,6,16,23,28,23/07/2023,Clasico
9955,2,14,19,26,28,24/07/2023,Clasico
9956,5,10,23,24,28,24/07/2023,Clasico
9957,2,11,12,18,26,25/07/2023,Clasico
9958,5,9,16,17,27,25/07/2023,Clasico
9959,4,13,15,21,28,26/07/2023,Clasico
9960,6,17,21,22,27,26/07/2023,Clasico
9961,2,6,12,22,27,27/07/2023,Clasico
9962,5,6,13,23,25,27/07/2023,Clasico
9963,10,11,13,17,19,28/07/2023,Clasico
9964,4,5,6,12,19,28/07/2023,Clasico
9965,6,11,13,14,25,29/07/2023,Clasico
9966,3,8,16,23,28,29/07/2023,Clasico
9967,8,11,22,26,28,30/07/2023,Clasico
9968,2,4,7,9,26,30/07/2023,Clasico
9969,7,11,18,22,23,31/07/2023,Clasico
9970,1,4,10,11,27,31/07/2023,Clasico
9971,7,13,20,22,23,01/08/2023,Clasico
9972,5,21,22,23,28,01/08/2023,Clasico
9973,2,3,4,11,15,02/08/2023,Clasico
9974,2,10,15,16,21,02/08/2023,Clasico
9975,10,15,16,20,24,03/08/2023,Clasico
9976,14,19,21,23,28,03/08/2023,Clasico
9977,7,10,11,17,18,04/08/2023,Clasico
9978,4,7,17,22,28,04/08/2023,Clasico
9979,8,13,15,23,24,05/08/2023,Clasico
9980,1,2,14,21,25,05/08/2023,Clasico
9981,9,15,22,25,26,06/08/2023,Clasico
9982,7,14,17,24,28,06/08/2023,Clasico
9983,1,4,7,10,21,07/08/2023,Clasico
9984,6,12,13,20,21,07/08/2023,Clasico
9985,5,11,14,25,27,08/08/2023,Clasico
9986,2,3,15,17,28,08/08/2023,Clasico
9987,7,10,13,22,25,09/08/2023,Clasico
9988,9,10,14,17,28,09/08/2023,Clasico
9989,14,15,26,27,28,10/08/2023,Clasico
9990,3,5,14,23,27,10/08/2023,Clasico
9991,2,3,9,22,25,11/08/2023,Clasico
9992,16,20,21,26,28,11/08/2023,Clasico
9993,2,16,22,27,28,12/08/2023,Clasico
9994,6,10,18,24,25,12/08/2023,Clasico
9995,6,11,13,23,25,13/08/2023,Clasico
9996,3,9,12,26,28,13/08/2023,Clasico
9997,6,9,19,22,26,14/08/2023,Clasico
9998,3,5,19,22,25,14/08/2023,Clasico
9999,7,24,25,26,27,15/08/2023,Clasico
10000,4,10,14,21,26,15/08/2023,Clasico
10001,3,11,14,15,17,16/08/2023,Clasico
10002,3,5,7,14,23,16/08/2023,Clasico
10003,3,5,9,17,26,17/08/2023,Clasico
10004,2,6,12,26,28,17/08/2023,Clasico
10005,13,14,23,26,27,18/08/2023,Clasico
10006,11,16,23,26,27,18/08/2023,Clasico
10007,2,7,13,27,28,19/08/2023,Clasico
10008,10,19,21,22,23,19/08/2023,Clasico
10009,2,4,14,18,27,20/08/2023,Clasico
10010,2,7,15,19,24,20/08/2023,Clasico
10011,8,16,18,19,20,21/08/2023,Clasico
10012,7,21,22,23,26,21/08/2023,Clasico
10013,10,17,21,23,27,22/08/2023,Clasico
10014,3,5,8,22,25,22/08/2023,Clasico
10015,8,13,14,17,28,23/08/2023,Clasico
10016,7,14,22,27,28,23/08/2023,Clasico
10017,1,2,3,10,14,24/08/2023,Clasico
10018,3,4,7,14,23,24/08/2023,Clasico
10019,1,3,4,9,28,25/08/2023,Clasico
10020,5,8,11,19,26,25/08/2023,Clasico
10021,3,5,22,26,27,26/08/2023,Clasico
10022,1,13,14,17,19,26/08/2023,Clasico
10023,3,11,12,14,21,27/08/2023,Clasico
10024,2,4,11,15,23,27/08/2023,Clasico
10025,3,6,8,16,23,28/08/2023,Clasico
10026,4,6,17,18,23,28/08/2023,Clasico
10027,2,4,6,9,20,29/08/2023,Clasico
10028,1,5,16,20,24,29/08/2023,Clasico
10029,10,15,20,26,27,30/08/2023,Clasico
10030,1,4,10,12,16,30/08/2023,Clasico
10031,2,7,18,20,28,31/08/2023,Clasico
10032,4,7,8,19,27,31/08/2023,Clasico
10033,1,13,16,20,26,01/09/2023,Clasico
10034,3,9,14,24,26,01/09/2023,Clasico
10035,2,7,13,14,21,02/09/2023,Clasico
10036,2,14,21,25,26,02/09/2023,Clasico
10037,8,17,18,23,27,03/09/2023,Clasico
10038,1,4,12,16,19,03/09/2023,Clasico
10039,4,6,8,20,24,04/09/2023,Clasico
10040,2,5,13,21,28,04/09/2023,Clasico
10041,7,10,15,17,22,05/09/2023,Clasico
10042,1,7,9,10,14,05/09/2023,Clasico
10043,1,4,8,15,21,06/09/2023,Clasico
10044,15,16,20,21,27,06/09/2023,Clasico
10045,1,3,15,24,25,07/09/2023,Clasico
10046,3,14,17,22,24,07/09/2023,Clasico
10047,2,4,5,21,22,08/09/2023,Clasico
10048,7,11,15,18,25,08/09/2023,Clasico
10049,7,8,16,17,19,09/09/2023,Clasico
10050,13,18,19,21,23,09/09/2023,Clasico
10051,4,5,10,12,13,10/09/2023,Clasico
10052,4,10,11,16,27,10/09/2023,Clasico
10053,2,7,11,19,24,11/09/2023,Clasico
10054,3,10,12,15,23,11/09/2023,Clasico
10055,1,4,8,10,12,12/09/2023,Clasico
10056,4,13,18,19,27,12/09/2023,Clasico
10057,5,8,14,25,26,13/09/2023,Clasico
10058,7,16,18,20,22,13/09/2023,Clasico
10059,2,4,11,13,15,14/09/2023,Clasico
10060,11,12,20,23,28,14/09/2023,Clasico
10061,5,10,15,19,26,15/09/2023,Clasico
10062,5,7,10,20,26,15/09/2023,Clasico
10063,1,9,10,15,16,16/09/2023,Clasico
10064,5,10,11,23,26,16/09/2023,Clasico
10065,1,17,21,24,25,17/09/2023,Clasico
10066,2,3,7,23,26,17/09/2023,Clasico
10067,4,5,6,7,10,18/09/2023,Clasico
10068,4,12,15,20,24,18/09/2023,Clasico
10069,2,4,7,10,23,19/09/2023,Clasico
10070,13,14,15,23,25,19/09/2023,Clasico
10071,5,16,23,26,28,20/09/2023,Clasico
10072,4,17,18,22,23,20/09/2023,Clasico
10073,1,2,5,11,17,21/09/2023,Clasico
10074,5,14,15,16,18,21/09/2023,Clasico
10075,8,10,16,21,27,22/09/2023,Clasico
10076,2,6,8,12,27,22/09/2023,Clasico
10077,18,21,23,24,28,23/09/2023,Clasico
10078,2,7,8,10,18,23/09/2023,Clasico
10079,1,9,10,14,28,24/09/2023,Clasico
10080,3,13,14,16,24,24/09/2023,Clasico
10081,2,5,8,16,28,25/09/2023,Clasico
10082,2,11,20,22,26,25/09/2023,Clasico
10083,1,4,7,12,23,26/09/2023,Clasico
10084,18,20,25,27,28,26/09/2023,Clasico
10085,2,5,6,7,22,27/09/2023,Clasico
10086,5,11,13,16,23,27/09/2023,Clasico
10087,8,11,13,18,27,28/09/2023,Clasico
10088,7,12,17,22,28,28/09/2023,Clasico
10089,11,14,16,17,20,29/09/2023,Clasico
10090,2,3,5,23,25,29/09/2023,Clasico
10091,2,4,18,20,22,30/09/2023,Clasico
10092,5,7,13,15,17,30/09/2023,Clasico
10093,8,22,25,26,27,01/10/2023,Clasico
10094,7,8,18,25,27,01/10/2023,Clasico
10095,6,7,9,11,25,02/10/2023,Clasico
10096,5,10,23,24,26,02/10/2023,Clasico
10097,3,9,11,13,14,03/10/2023,Clasico
10098,6,9,15,21,27,03/10/2023,Clasico
10099,4,6,12,13,23,04/10/2023,Clasico
10100,2,4,15,23,24,04/10/2023,Clasico
10101,4,11,13,18,26,05/10/2023,Clasico
10102,9,13,19,26,28,05/10/2023,Clasico
10103,1,4,8,10,16,06/10/2023,Clasico
10104,1,2,14,19,26,06/10/2023,Clasico
10105,1,6,18,20,23,07/10/2023,Clasico
10106,4,19,20,21,28,07/10/2023,Clasico
10107,4,11,23,24,26,08/10/2023,Clasico
10108,7,12,19,20,24,08/10/2023,Clasico
10109,4,7,10,15,21,09/10/2023,Clasico
10110,3,13,17,20,26,09/10/2023,Clasico
10111,6,14,16,18,27,10/10/2023,Clasico
10112,2,3,10,20,22,10/10/2023,Clasico
10113,4,7,12,16,23,11/10/2023,Clasico
10114,2,16,19,20,25,11/10/2023,Clasico
10115,4,6,19,23,27,12/10/2023,Clasico
10116,13,14,21,22,27,12/10/2023,Clasico
10117,2,7,13,20,22,13/10/2023,Clasico
10118,14,15,16,22,26,13/10/2023,Clasico
10119,2,14,17,18,27,14/10/2023,Clasico
10120,4,14,17,24,26,14/10/2023,Clasico
10121,5,8,22,26,27,15/10/2023,Clasico
10122,2,11,19,20,26,15/10/2023,Clasico
10123,3,5,10,19,25,16/10/2023,Clasico
10124,7,8,18,20,22,16/10/2023,Clasico
10125,6,15,17,23,25,17/10/2023,Clasico
10126,5,8,14,24,25,17/10/2023,Clasico
10127,11,13,14,20,25,18/10/2023,Clasico
10128,6,9,11,23,24,18/10/2023,Clasico
10129,8,14,15,19,22,19/10/2023,Clasico
10130,2,3,4,6,24,19/10/2023,Clasico
10131,2,13,15,17,19,20/10/2023,Clasico
10132,3,4,5,11,21,20/10/2023,Clasico
10133,3,10,11,12,23,21/10/2023,Clasico
10134,9,10,11,15,28,21/10/2023,Clasico
10135,2,21,24,27,28,22/10/2023,Clasico
10136,16,18,22,23,25,22/10/2023,Clasico
10137,6,10,18,20,22,23/10/2023,Clasico
10138,1,6,11,15,26,23/10/2023,Clasico
10139,1,11,18,19,21,24/10/2023,Clasico
10140,8,9,16,20,22,24/10/2023,Clasico
10141,1,4,6,8,14,25/10/2023,Clasico
10142,2,4,25,26,27,25/10/2023,Clasico
10143,2,6,8,12,26,26/10/2023,Clasico
10144,1,2,10,17,18,26/10/2023,Clasico
10145,4,6,24,26,28,27/10/2023,Clasico
10146,4,10,14,15,16,27/10/2023,Clasico
10147,1,2,4,6,14,28/10/2023,Clasico
10148,3,19,20,21,26,28/10/2023,Clasico
10149,3,8,16,17,18,29/10/2023,Clasico
10150,5,12,15,16,26,29/10/2023,Clasico
10151,4,10,15,20,27,30/10/2023,Clasico
10152,12,14,19,22,28,30/10/2023,Clasico
10153,9,10,11,15,24,31/10/2023,Clasico
10154,4,5,14,24,26,31/10/2023,Clasico
10155,6,14,16,21,28,01/11/2023,Clasico
10156,17,23,24,25,26,01/11/2023,Clasico
10157,14,15,17,21,22,02/11/2023,Clasico
10158,1,2,15,18,23,02/11/2023,Clasico
10159,9,23,26,27,28,03/11/2023,Clasico
10160,1,6,11,21,25,03/11/2023,Clasico
10161,9,10,18,21,23,04/11/2023,Clasico
10162,8,16,18,25,26,04/11/2023,Clasico
10163,5,12,14,18,28,05/11/2023,Clasico
10164,5,7,16,25,28,05/11/2023,Clasico
10165,4,16,18,22,23,06/11/2023,Clasico
10166,7,9,11,17,18,06/11/2023,Clasico
10167,2,10,20,25,27,07/11/2023,Clasico
10168,1,4,8,16,26,07/11/2023,Clasico
10169,7,9,12,22,28,08/11/2023,Clasico
10170,2,6,7,20,23,08/11/2023,Clasico
10171,4,8,10,23,27,09/11/2023,Clasico
10172,7,9,15,20,23,09/11/2023,Clasico
10173,4,8,11,15,21,10/11/2023,Clasico
10174,6,15,16,23,24,10/11/2023,Clasico
10175,2,4,5,24,26,11/11/2023,Clasico
10176,11,20,24,27,28,11/11/2023,Clasico
10177,3,6,8,9,28,12/11/2023,Clasico
10178,5,8,10,26,28,12/11/2023,Clasico
10179,7,8,14,18,19,13/11/2023,Clasico
10180,6,8,10,11,13,13/11/2023,Clasico
10181,2,14,16,26,27,14/11/2023,Clasico
10182,3,8,9,11,19,14/11/2023,Clasico
10183,3,5,7,9,12,15/11/2023,Clasico
10184,13,16,17,24,27,15/11/2023,Clasico
10185,3,10,11,16,17,16/11/2023,Clasico
10186,2,4,15,16,21,16/11/2023,Clasico
10187,5,14,17,18,21,17/11/2023,Clasico
10188,11,16,19,21,28,17/11/2023,Clasico
10189,3,10,13,17,28,18/11/2023,Clasico
10190,1,3,11,24,25,18/11/2023,Clasico
10191,1,12,18,21,28,19/11/2023,Clasico
10192,4,5,7,16,17,19/11/2023,Clasico
10193,3,6,9,17,23,20/11/2023,Clasico
10194,1,4,7,14,25,20/11/2023,Clasico
10195,7,10,13,17,20,21/11/2023,Clasico
10196,2,4,9,11,23,21/11/2023,Clasico
10197,10,13,17,23,27,22/11/2023,Clasico
10198,10,11,14,18,19,22/11/2023,Clasico
10199,4,6,7,24,27,23/11/2023,Clasico
10200,3,5,7,17,27,23/11/2023,Clasico
10201,6,8,16,25,28,24/11/2023,Clasico
10202,1,9,10,17,20,24/11/2023,Clasico
10203,9,20,21,23,24,25/11/2023,Clasico
10204,1,3,5,20,26,25/11/2023,Clasico
10205,3,13,15,22,24,26/11/2023,Clasico
10206,1,2,5,17,26,26/11/2023,Clasico
10207,1,12,14,17,26,27/11/2023,Clasico
10208,3,6,9,10,28,27/11/2023,Clasico
10209,6,8,18,25,28,28/11/2023,Clasico
10210,3,10,18,19,25,28/11/2023,Clasico
10211,3,8,9,16,25,29/11/2023,Clasico
10212,2,9,11,14,19,29/11/2023,Clasico
10213,3,11,16,21,25,30/11/2023,Clasico
10214,5,12,15,23,28,30/11/2023,Clasico
10215,1,3,6,7,17,01/12/2023,Clasico
10216,3,9,11,17,21,01/12/2023,Clasico
10217,2,10,16,19,21,02/12/2023,Clasico
10218,5,8,19,26,28,02/12/2023,Clasico
10219,1,12,17,23,25,03/12/2023,Clasico
10220,9,11,12,15,26,03/12/2023,Clasico
10221,5,8,9,18,19,04/12/2023,Clasico
10222,2,8,17,19,25,04/12/2023,Clasico
10223,10,12,13,16,24,05/12/2023,Clasico
10224,3,6,8,15,26,05/12/2023,Clasico
10225,3,4,6,11,22,06/12/2023,Clasico
10226,2,18,19,23,28,06/12/2023,Clasico
10227,8,10,16,20,22,07/12/2023,Clasico
10228,3,10,11,22,25,07/12/2023,Clasico
10229,2,5,20,25,27,08/12/2023,Clasico
10230,1,2,7,19,25,08/12/2023,Clasico
10231,6,8,10,18,21,09/12/2023,Clasico
10232,2,4,6,12,22,09/12/2023,Clasico
10233,10,16,17,18,23,10/12/2023,Clasico
10234,1,5,6,26,27,10/12/2023,Clasico
10235,3,7,16,19,26,11/12/2023,Clasico
10236,9,12,15,26,27,11/12/2023,Clasico
10237,3,4,5,22,28,12/12/2023,Clasico
10238,8,10,16,26,28,12/12/2023,Clasico
10239,4,5,7,21,26,13/12/2023,Clasico
10240,6,8,9,10,18,13/12/2023,Clasico
10241,11,19,21,24,25,14/12/2023,Clasico
10242,9,14,18,21,27,14/12/2023,Clasico
10243,4,16,19,25,26,15/12/2023,Clasico
10244,13,17,21,26,27,15/12/2023,Clasico
10245,4,12,20,23,27,16/12/2023,Clasico
10246,2,17,21,22,27,16/12/2023,Clasico
10247,9,10,13,17,18,17/12/2023,Clasico
10248,1,2,4,9,28,17/12/2023,Clasico
10249,6,14,20,21,26,18/12/2023,Clasico
10250,3,6,15,16,20,18/12/2023,Clasico
10251,2,4,7,12,21,19/12/2023,Clasico
10252,4,5,7,14,17,19/12/2023,Clasico
10253,1,2,10,16,28,20/12/2023,Clasico
10254,3,10,18,19,24,20/12/2023,Clasico
10255,6,9,11,12,21,21/12/2023,Clasico
10256,2,4,10,11,26,21/12/2023,Clasico
10257,3,4,6,16,18,22/12/2023,Clasico
10258,7,14,16,26,27,22/12/2023,Clasico
10259,9,15,19,22,26,23/12/2023,Clasico
10260,3,8,22,25,26,23/12/2023,Clasico
10261,5,9,12,23,25,24/12/2023,Clasico
10262,4,13,16,18,23,24/12/2023,Clasico
10263,8,9,14,17,27,25/12/2023,Clasico
10264,5,6,13,17,18,25/12/2023,Clasico
10265,7,13,18,24,27,26/12/2023,Clasico
10266,1,7,18,19,20,26/12/2023,Clasico
10267,2,6,18,20,27,27/12/2023,Clasico
10268,14,16,18,25,28,27/12/2023,Clasico
10269,6,16,19,21,26,28/12/2023,Clasico
10270,2,14,16,21,26,28/12/2023,Clasico
10271,2,7,14,20,23,29/12/2023,Clasico
10272,9,10,13,23,27,29/12/2023,Clasico
10273,2,7,9,15,25,30/12/2023,Clasico
10274,7,15,19,21,28,30/12/2023,Clasico
10275,12,14,16,18,19,31/12/2023,Clasico
10276,5,12,13,20,26,31/12/2023,Clasico
10277,5,17,18,22,26,01/01/2024,Clasico
10278,4,7,12,13,24,01/01/2024,Clasico
10279,1,9,13,18,23,02/01/2024,Clasico
10280,3,7,11,18,25,02/01/2024,Clasico
10281,2,11,19,21,25,03/01/2024,Clasico
10282,8,13,16,22,24,03/01/2024,Clasico
10283,5,10,13,19,24,04/01/2024,Clasico
10284,1,5,9,13,25,04/01/2024,Clasico
10285,1,4,17,22,25,05/01/2024,Clasico
10286,2,8,15,23,28,05/01/2024,Clasico
10287,5,6,7,11,17,06/01/2024,Clasico
10288,9,10,13,15,18,06/01/2024,Clasico
10289,2,6,13,18,22,07/01/2024,Clasico
10290,5,6,8,9,25,07/01/2024,Clasico
10291,10,11,16,19,24,08/01/2024,Clasico
10292,6,7,9,13,27,08/01/2024,Clasico
10293,13,14,16,19,28,09/01/2024,Clasico
10294,10,15,22,24,27,09/01/2024,Clasico
10295,1,9,10,22,25,10/01/2024,Clasico
10296,3,6,8,9,23,10/01/2024,Clasico
10297,3,7,17,18,27,11/01/2024,Clasico
10298,8,11,15,24,25,11/01/2024,Clasico
10299,1,8,16,22,23,12/01/2024,Clasico
10300,4,6,15,17,27,12/01/2024,Clasico
10301,11,12,20,21,24,13/01/2024,Clasico
10302,3,6,7,8,11,13/01/2024,Clasico
10303,5,14,18,23,25,14/01/2024,Clasico
10304,8,9,14,22,27,14/01/2024,Clasico
10305,7,9,14,16,19,15/01/2024,Clasico
10306,3,8,14,15,17,15/01/2024,Clasico
10307,6,21,22,24,27,16/01/2024,Clasico
10308,5,7,8,12,17,16/01/2024,Clasico
10309,5,8,10,12,27,17/01/2024,Clasico
10310,11,12,20,21,22,17/01/2024,Clasico
10311,5,14,20,21,23,18/01/2024,Clasico
10312,1,11,14,21,26,18/01/2024,Clasico
10313,17,18,21,22,27,19/01/2024,Clasico
10314,3,4,5,23,27,19/01/2024,Clasico
10315,15,19,26,27,28,20/01/2024,Clasico
10316,4,7,12,15,25,20/01/2024,Clasico
10317,7,12,15,17,26,21/01/2024,Clasico
10318,1,7,11,14,27,21/01/2024,Clasico
10319,7,12,15,27,28,22/01/2024,Clasico
10320,2,4,10,19,20,22/01/2024,Clasico
10321,3,5,6,25,26,23/01/2024,Clasico
10322,2,18,21,24,27,23/01/2024,Clasico
10323,4,20,24,26,28,24/01/2024,Clasico
10324,9,19,20,22,24,24/01/2024,Clasico
10325,2,14,16,17,25,25/01/2024,Clasico
10326,4,7,14,23,25,25/01/2024,Clasico
10327,2,8,12,14,22,26/01/2024,Clasico
10328,3,11,18,22,28,26/01/2024,Clasico
10329,6,7,12,14,16,27/01/2024,Clasico
10330,8,12,13,21,23,27/01/2024,Clasico
10331,4,10,15,20,25,28/01/2024,Clasico
10332,3,15,19,21,27,28/01/2024,Clasico
10333,3,8,14,22,28,29/01/2024,Clasico
10334,2,5,14,19,27,29/01/2024,Clasico
10335,4,9,14,18,19,30/01/2024,Clasico
10336,17,19,20,26,27,30/01/2024,Clasico
10337,2,13,17,18,25,31/01/2024,Clasico
10338,12,14,16,21,26,31/01/2024,Clasico
10339,2,16,24,26,27,01/02/2024,Clasico
10340,2,11,13,14,28,01/02/2024,Clasico
10341,2,4,12,17,18,02/02/2024,Clasico
10342,8,13,17,18,21,02/02/2024,Clasico
10343,1,16,21,22,28,03/02/2024,Clasico
10344,2,5,10,11,23,03/02/2024,Clasico
10345,12,15,19,20,25,04/02/2024,Clasico
10346,4,11,15,16,22,04/02/2024,Clasico
10347,2,5,21,24,27,05/02/2024,Clasico
10348,2,9,18,25,27,05/02/2024,Clasico
10349,4,10,12,13,22,06/02/2024,Clasico
10350,2,3,15,16,26,06/02/2024,Clasico
10351,7,8,9,11,16,07/02/2024,Clasico
10352,2,6,17,22,24,07/02/2024,Clasico
10353,6,7,10,18,28,08/02/2024,Clasico
10354,4,7,11,17,24,08/02/2024,Clasico
10355,8,15,18,24,28,09/02/2024,Clasico
10356,4,7,12,13,20,09/02/2024,Clasico
10357,6,9,11,15,19,10/02/2024,Clasico
10358,5,10,15,16,18,10/02/2024,Clasico
10359,3,18,20,22,23,11/02/2024,Clasico
10360,1,5,9,14,19,11/02/2024,Clasico
10361,1,2,5,19,22,12/02/2024,Clasico
10362,5,18,21,25,27,12/02/2024,Clasico
10363,3,6,13,19,21,13/02/2024,Clasico
10364,12,18,19,20,28,13/02/2024,Clasico
10365,8,10,17,20,22,14/02/2024,Clasico
10366,2,10,15,21,27,14/02/2024,Clasico
10367,3,18,23,24,26,15/02/2024,Clasico
10368,5,10,13,14,19,15/02/2024,Clasico
10369,8,14,15,24,26,16/02/2024,Clasico
10370,10,12,20,23,28,16/02/2024,Clasico
10371,11,13,14,19,25,17/02/2024,Clasico
10372,1,7,13,15,26,17/02/2024,Clasico
10373,6,8,10,16,19,18/02/2024,Clasico
10374,11,12,18,20,23,18/02/2024,Clasico
10375,4,5,7,12,20,19/02/2024,Clasico
10376,1,2,23,25,26,19/02/2024,Clasico
10377,4,13,15,16,25,20/02/2024,Clasico
10378,9,10,11,19,27,20/02/2024,Clasico
10379,1,4,8,23,27,21/02/2024,Clasico
10380,1,3,14,17,26,21/02/2024,Clasico
10381,1,10,13,14,21,22/02/2024,Clasico
10382,1,3,13,22,28,22/02/2024,Clasico
10383,1,8,12,15,19,23/02/2024,Clasico
10384,1,2,9,24,25,23/02/2024,Clasico
10385,2,3,13,14,26,24/02/2024,Clasico
10386,1,11,15,21,25,24/02/2024,Clasico
10387,2,11,12,20,22,25/02/2024,Clasico
10388,3,10,16,18,28,25/02/2024,Clasico
10389,14,19,21,24,25,26/02/2024,Clasico
10390,4,9,10,17,19,26/02/2024,Clasico
10391,2,10,15,19,27,27/02/2024,Clasico
10392,2,6,11,24,27,27/02/2024,Clasico
10393,16,23,24,26,27,28/02/2024,Clasico
10394,1,3,8,23,25,28/02/2024,Clasico
10395,5,6,15,16,19,29/02/2024,Clasico
10396,2,8,13,15,20,29/02/2024,Clasico
10397,9,13,16,17,25,01/03/2024,Clasico
10398,1,7,10,23,28,01/03/2024,Clasico
10399,8,10,14,16,17,02/03/2024,Clasico
10400,1,6,9,10,13,02/03/2024,Clasico
10401,2,9,10,12,20,03/03/2024,Clasico
10402,2,5,12,15,25,03/03/2024,Clasico
10403,7,8,11,21,24,04/03/2024,Clasico
10404,3,4,9,10,24,04/03/2024,Clasico
10405,4,5,6,15,25,05/03/2024,Clasico
10406,12,13,15,23,26,05/03/2024,Clasico
10407,11,13,17,19,28,06/03/2024,Clasico
10408,6,9,12,19,25,06/03/2024,Clasico
10409,15,17,25,26,27,07/03/2024,Clasico
10410,2,7,8,17,25,07/03/2024,Clasico
10411,8,10,20,24,28,08/03/2024,Clasico
10412,9,10,24,26,28,08/03/2024,Clasico
10413,2,10,14,18,21,09/03/2024,Clasico
10414,1,4,9,25,28,09/03/2024,Clasico
10415,3,8,11,15,21,10/03/2024,Clasico
10416,3,11,14,18,23,10/03/2024,Clasico
10417,7,10,21,24,27,11/03/2024,Clasico
10418,2,7,9,13,16,11/03/2024,Clasico
10419,3,13,23,24,28,12/03/2024,Clasico
10420,6,15,20,25,27,12/03/2024,Clasico
10421,3,5,9,13,27,13/03/2024,Clasico
10422,2,4,7,17,26,13/03/2024,Clasico
10423,2,3,6,17,25,14/03/2024,Clasico
10424,4,7,9,12,25,14/03/2024,Clasico
10425,6,18,23,25,28,15/03/2024,Clasico
10426,2,5,13,16,26,15/03/2024,Clasico
10427,12,16,17,23,28,16/03/2024,Clasico
10428,1,3,8,9,10,16/03/2024,Clasico
10429,8,12,18,24,28,17/03/2024,Clasico
10430,5,15,20,24,26,17/03/2024,Clasico
10431,1,5,14,15,18,18/03/2024,Clasico
10432,4,5,6,15,26,18/03/2024,Clasico
10433,16,17,19,23,27,19/03/2024,Clasico
10434,4,7,18,25,28,19/03/2024,Clasico
10435,6,10,11,21,28,20/03/2024,Clasico
10436,3,6,9,17,27,20/03/2024,Clasico
10437,6,9,11,12,26,21/03/2024,Clasico
10438,1,3,7,14,16,21/03/2024,Clasico
10439,4,8,14,18,21,22/03/2024,Clasico
10440,5,11,17,21,23,22/03/2024,Clasico
10441,3,8,15,21,25,23/03/2024,Clasico
10442,13,14,15,21,22,23/03/2024,Clasico
10443,2,5,6,14,17,24/03/2024,Clasico
10444,2,8,9,11,27,24/03/2024,Clasico
10445,1,13,23,24,25,25/03/2024,Clasico
10446,10,12,14,23,26,25/03/2024,Clasico
10447,7,15,21,23,27,26/03/2024,Clasico
10448,1,8,15,16,25,26/03/2024,Clasico
10449,8,10,18,26,27,27/03/2024,Clasico
10450,5,9,15,20,27,27/03/2024,Clasico
10451,2,4,12,19,28,28/03/2024,Clasico
10452,6,9,16,19,23,28/03/2024,Clasico
10453,5,10,18,19,26,29/03/2024,Clasico
10454,1,5,12,15,18,29/03/2024,Clasico
10455,6,10,12,23,28,30/03/2024,Clasico
10456,6,14,21,23,28,30/03/2024,Clasico
10457,5,6,11,15,20,31/03/2024,Clasico
10458,6,8,10,17,27,31/03/2024,Clasico
10459,4,10,13,14,27,01/04/2024,Clasico
10460,22,24,25,26,27,01/04/2024,Clasico
10461,4,6,10,27,28,02/04/2024,Clasico
10462,1,3,4,25,27,02/04/2024,Clasico
10463,10,12,15,19,24,03/04/2024,Clasico
10464,10,12,13,17,18,03/04/2024,Clasico
10465,12,15,19,22,27,04/04/2024,Clasico
10466,2,15,19,23,27,04/04/2024,Clasico
10467,1,2,8,12,22,05/04/2024,Clasico
10468,10,13,22,23,25,05/04/2024,Clasico
10469,2,8,12,18,26,06/04/2024,Clasico
10470,5,6,17,20,21,06/04/2024,Clasico
10471,7,8,12,18,27,07/04/2024,Clasico
10472,4,12,14,25,28,07/04/2024,Clasico
10473,8,9,14,17,18,08/04/2024,Clasico
10474,1,8,14,24,28,08/04/2024,Clasico
10475,1,6,11,13,26,09/04/2024,Clasico
10476,3,6,10,25,27,09/04/2024,Clasico
10477,2,14,21,22,25,10/04/2024,Clasico
10478,9,15,20,23,25,10/04/2024,Clasico
10479,3,14,15,22,28,11/04/2024,Clasico
10480,5,7,11,14,16,11/04/2024,Clasico
10481,2,10,15,16,22,12/04/2024,Clasico
10482,19,24,25,27,28,12/04/2024,Clasico
10483,2,3,4,6,12,13/04/2024,Clasico
10484,1,12,18,24,25,13/04/2024,Clasico
10485,8,10,18,23,27,14/04/2024,Clasico
10486,3,4,18,20,22,14/04/2024,Clasico
10487,4,5,7,15,20,15/04/2024,Clasico
10488,5,10,11,21,27,15/04/2024,Clasico
10489,2,13,18,27,28,16/04/2024,Clasico
10490,12,17,18,23,26,16/04/2024,Clasico
10491,4,7,11,18,24,17/04/2024,Clasico
10492,4,12,15,17,18,17/04/2024,Clasico
10493,5,7,10,11,19,18/04/2024,Clasico
10494,1,2,9,12,17,18/04/2024,Clasico
10495,7,13,19,20,28,19/04/2024,Clasico
10496,2,5,18,22,25,19/04/2024,Clasico
10497,6,10,17,22,27,20/04/2024,Clasico
10498,5,11,16,17,18,20/04/2024,Clasico
10499,9,11,12,19,22,21/04/2024,Clasico
10500,1,8,19,24,27,21/04/2024,Clasico
10501,1,19,20,21,26,22/04/2024,Clasico
10502,1,12,16,19,23,22/04/2024,Clasico
10503,1,17,21,22,27,23/04/2024,Clasico
10504,3,5,17,18,21,23/04/2024,Clasico
10505,7,12,22,25,26,24/04/2024,Clasico
10506,3,16,20,21,23,24/04/2024,Clasico
10507,3,4,12,14,28,25/04/2024,Clasico
10508,4,12,19,21,26,25/04/2024,Clasico
10509,5,7,10,15,24,26/04/2024,Clasico
10510,2,5,14,21,25,26/04/2024,Clasico
10511,4,10,14,22,23,27/04/2024,Clasico
10512,8,10,23,24,28,27/04/2024,Clasico
10513,5,17,22,24,26,28/04/2024,Clasico
10514,9,15,21,22,25,28/04/2024,Clasico
10515,1,2,14,21,22,29/04/2024,Clasico
10516,1,8,9,12,15,29/04/2024,Clasico
10517,1,9,11,13,23,30/04/2024,Clasico
10518,11,14,21,23,25,30/04/2024,Clasico
10519,2,5,7,15,27,01/05/2024,Clasico
10520,3,6,17,18,21,01/05/2024,Clasico
10521,7,12,13,14,27,02/05/2024,Clasico
10522,10,11,17,22,26,02/05/2024,Clasico
10523,3,8,11,13,22,03/05/2024,Clasico
10524,1,2,3,4,26,03/05/2024,Clasico
10525,7,13,14,15,23,04/05/2024,Clasico
10526,4,16,17,23,24,04/05/2024,Clasico
10527,1,4,5,8,25,05/05/2024,Clasico
10528,1,11,19,26,27,05/05/2024,Clasico
10529,7,8,10,19,27,06/05/2024,Clasico
10530,2,11,15,19,21,06/05/2024,Clasico
10531,4,8,12,20,25,07/05/2024,Clasico
10532,4,6,15,18,19,07/05/2024,Clasico
10533,1,5,13,15,22,08/05/2024,Clasico
10534,4,5,8,11,19,08/05/2024,Clasico
10535,8,11,17,23,26,09/05/2024,Clasico
10536,7,12,21,26,28,09/05/2024,Clasico
10537,1,8,13,17,27,10/05/2024,Clasico
10538,7,15,17,20,25,10/05/2024,Clasico
10539,2,18,21,24,26,11/05/2024,Clasico
10540,7,8,12,16,23,11/05/2024,Clasico
10541,6,14,16,22,27,12/05/2024,Clasico
10542,11,12,14,19,21,12/05/2024,Clasico
10543,1,14,15,16,24,13/05/2024,Clasico
10544,1,14,18,24,28,13/05/2024,Clasico
10545,6,12,16,17,19,14/05/2024,Clasico
10546,3,9,13,14,25,14/05/2024,Clasico
10547,1,5,20,24,27,15/05/2024,Clasico
10548,1,4,12,15,24,15/05/2024,Clasico
10549,6,9,13,15,21,16/05/2024,Clasico
10550,2,11,12,15,26,16/05/2024,Clasico
10551,9,19,21,23,27,17/05/2024,Clasico
10552,8,9,11,20,28,17/05/2024,Clasico
10553,8,16,22,23,25,18/05/2024,Clasico
10554,1,3,9,22,25,18/05/2024,Clasico
10555,7,12,15,22,23,19/05/2024,Clasico
10556,4,6,9,12,25,19/05/2024,Clasico
10557,2,3,6,11,16,20/05/2024,Clasico
10558,3,13,16,21,24,20/05/2024,Clasico
10559,3,5,16,18,28,21/05/2024,Clasico
10560,3,5,13,19,25,21/05/2024,Clasico
10561,1,7,13,15,23,22/05/2024,Clasico
10562,3,5,9,14,18,22/05/2024,Clasico
10563,1,2,8,9,17,23/05/2024,Clasico
10564,4,10,11,15,21,23/05/2024,Clasico
10565,1,8,19,22,27,24/05/2024,Clasico
10566,6,8,10,13,28,24/05/2024,Clasico
10567,3,8,12,17,22,25/05/2024,Clasico
10568,1,2,6,10,25,25/05/2024,Clasico
10569,2,5,18,23,27,26/05/2024,Clasico
10570,1,5,10,13,20,26/05/2024,Clasico
10571,1,3,5,19,26,27/05/2024,Clasico
10572,3,5,13,20,23,27/05/2024,Clasico
10573,4,5,9,20,22,28/05/2024,Clasico
10574,9,10,13,22,23,28/05/2024,Clasico
10575,8,10,11,21,25,29/05/2024,Clasico
10576,3,7,12,16,18,29/05/2024,Clasico
10577,4,10,13,24,27,30/05/2024,Clasico
10578,1,10,17,21,28,30/05/2024,Clasico
10579,6,12,13,16,17,31/05/2024,Clasico
10580,6,13,22,25,27,31/05/2024,Clasico
10581,5,15,22,23,25,01/06/2024,Clasico
10582,12,22,25,26,27,01/06/2024,Clasico
10583,2,4,11,14,17,02/06/2024,Clasico
10584,12,18,19,22,28,02/06/2024,Clasico
10585,6,12,18,22,23,03/06/2024,Clasico
10586,6,12,24,25,26,03/06/2024,Clasico
10587,9,12,16,25,26,04/06/2024,Clasico
10588,2,4,18,23,28,04/06/2024,Clasico
10589,9,22,23,26,28,05/06/2024,Clasico
10590,10,13,16,18,23,05/06/2024,Clasico
10591,10,18,24,27,28,06/06/2024,Clasico
10592,7,12,16,17,18,06/06/2024,Clasico
10593,2,15,17,18,27,07/06/2024,Clasico
10594,2,7,9,19,22,07/06/2024,Clasico
10595,1,9,14,18,28,08/06/2024,Clasico
10596,4,9,15,22,28,08/06/2024,Clasico
10597,4,7,13,14,26,09/06/2024,Clasico
10598,2,11,15,21,25,09/06/2024,Clasico
10599,3,5,18,22,27,10/06/2024,Clasico
10600,18,22,23,25,28,10/06/2024,Clasico
10601,5,6,15,22,27,11/06/2024,Clasico
10602,8,12,13,15,25,11/06/2024,Clasico
10603,4,8,9,22,26,12/06/2024,Clasico
10604,7,13,14,22,23,12/06/2024,Clasico
10605,4,14,22,23,26,13/06/2024,Clasico
10606,2,11,22,25,26,13/06/2024,Clasico
10607,7,11,24,25,28,14/06/2024,Clasico
10608,2,6,11,12,28,14/06/2024,Clasico
10609,3,4,10,12,17,15/06/2024,Clasico
10610,6,17,19,24,26,15/06/2024,Clasico
10611,2,5,7,13,17,16/06/2024,Clasico
10612,2,4,9,15,27,16/06/2024,Clasico
10613,4,6,11,22,25,17/06/2024,Clasico
10614,2,6,10,23,28,17/06/2024,Clasico
10615,7,15,22,26,27,18/06/2024,Clasico
10616,11,12,13,19,25,18/06/2024,Clasico
10617,6,21,23,27,28,19/06/2024,Clasico
10618,5,9,18,24,27,19/06/2024,Clasico
10619,2,3,12,26,28,20/06/2024,Clasico
10620,5,8,13,22,23,20/06/2024,Clasico
10621,3,5,11,23,27,21/06/2024,Clasico
10622,5,14,15,18,26,21/06/2024,Clasico
10623,10,13,19,22,28,22/06/2024,Clasico
10624,5,8,10,14,17,22/06/2024,Clasico
10625,1,5,6,14,15,23/06/2024,Clasico
10626,9,10,15,17,19,23/06/2024,Clasico
10627,6,8,10,18,22,24/06/2024,Clasico
10628,1,5,7,8,17,24/06/2024,Clasico
10629,5,16,20,24,28,25/06/2024,Clasico
10630,1,3,5,17,18,25/06/2024,Clasico
10631,6,11,18,21,26,26/06/2024,Clasico
10632,1,3,17,23,24,26/06/2024,Clasico
10633,1,8,13,19,26,27/06/2024,Clasico
10634,3,9,12,14,22,27/06/2024,Clasico
10635,5,6,11,12,16,28/06/2024,Clasico
10636,13,21,24,27,28,28/06/2024,Clasico
10637,1,3,4,5,14,29/06/2024,Clasico
10638,4,17,21,22,23,29/06/2024,Clasico
10639,7,14,18,19,23,30/06/2024,Clasico
10640,6,15,19,20,28,30/06/2024,Clasico
10641,1,3,17,21,28,01/07/2024,Clasico
10642,2,3,5,11,18,01/07/2024,Clasico
10643,4,10,14,20,26,02/07/2024,Clasico
10644,4,8,16,24,25,02/07/2024,Clasico
10645,2,4,9,17,18,03/07/2024,Clasico
10646,5,10,18,24,26,03/07/2024,Clasico
10647,3,6,22,26,28,04/07/2024,Clasico
10648,6,12,22,25,26,04/07/2024,Clasico
10649,2,9,10,22,23,05/07/2024,Clasico
10650,4,13,14,19,25,05/07/2024,Clasico
10651,2,12,22,25,27,06/07/2024,Clasico
10652,1,5,14,19,28,06/07/2024,Clasico
10653,4,9,12,22,24,07/07/2024,Clasico
10654,3,9,19,24,27,07/07/2024,Clasico
10655,9,10,23,26,28,08/07/2024,Clasico
10656,9,10,14,20,25,08/07/2024,Clasico
10657,7,14,17,20,27,09/07/2024,Clasico
10658,7,10,21,22,25,09/07/2024,Clasico
10659,9,17,19,21,26,10/07/2024,Clasico
10660,1,8,15,16,20,10/07/2024,Clasico
10661,7,17,20,23,24,11/07/2024,Clasico
10662,5,13,21,23,25,11/07/2024,Clasico
10663,1,6,16,18,23,12/07/2024,Clasico
10664,11,18,20,22,24,12/07/2024,Clasico
10665,4,6,9,14,24,13/07/2024,Clasico
10666,3,6,17,22,27,13/07/2024,Clasico
10667,1,2,9,21,26,14/07/2024,Clasico
10668,9,10,14,16,26,14/07/2024,Clasico
10669,4,5,16,21,26,15/07/2024,Clasico
10670,7,10,11,17,18,15/07/2024,Clasico
10671,1,6,8,18,21,16/07/2024,Clasico
10672,9,12,15,22,27,16/07/2024,Clasico
10673,5,13,16,20,25,17/07/2024,Clasico
10674,1,17,18,22,28,17/07/2024,Clasico
10675,3,7,10,11,19,18/07/2024,Clasico
10676,1,3,10,14,26,18/07/2024,Clasico
10677,15,19,21,22,25,19/07/2024,Clasico
10678,2,5,10,12,22,19/07/2024,Clasico
10679,7,13,14,20,25,20/07/2024,Clasico
10680,8,10,15,18,20,20/07/2024,Clasico
10681,5,6,10,12,20,21/07/2024,Clasico
10682,4,6,13,27,28,21/07/2024,Clasico
10683,3,10,17,18,28,22/07/2024,Clasico
10684,1,8,14,26,28,22/07/2024,Clasico
10685,2,3,4,9,27,23/07/2024,Clasico
10686,1,5,9,22,27,23/07/2024,Clasico
10687,2,10,12,21,23,24/07/2024,Clasico
10688,4,5,11,25,28,24/07/2024,Clasico
10689,1,3,7,20,23,25/07/2024,Clasico
10690,2,8,15,18,19,25/07/2024,Clasico
10691,4,6,11,23,27,26/07/2024,Clasico
10692,2,10,18,20,27,26/07/2024,Clasico
10693,10,15,16,19,25,27/07/2024,Clasico
10694,4,15,17,19,21,27/07/2024,Clasico
10695,1,4,7,16,21,28/07/2024,Clasico
10696,7,10,14,15,16,28/07/2024,Clasico
10697,11,13,15,20,22,29/07/2024,Clasico
10698,3,9,15,24,25,29/07/2024,Clasico
10699,7,9,18,26,27,30/07/2024,Clasico
10700,12,15,18,23,27,30/07/2024,Clasico
10701,4,5,15,25,28,31/07/2024,Clasico
10702,3,11,16,23,24,31/07/2024,Clasico
10703,8,13,14,18,28,01/08/2024,Clasico
10704,1,8,12,24,26,01/08/2024,Clasico
10705,5,19,22,24,25,02/08/2024,Clasico
10706,4,6,15,18,28,02/08/2024,Clasico
10707,3,12,16,17,23,03/08/2024,Clasico
10708,1,2,6,9,23,03/08/2024,Clasico
10709,1,9,16,19,23,04/08/2024,Clasico
10710,1,9,13,20,26,04/08/2024,Clasico
10711,3,5,10,13,22,05/08/2024,Clasico
10712,2,6,7,11,21,05/08/2024,Clasico
10713,7,11,15,17,22,06/08/2024,Clasico
10714,1,8,17,24,27,06/08/2024,Clasico
10715,7,14,26,27,28,07/08/2024,Clasico
10716,1,8,9,15,24,07/08/2024,Clasico
10717,1,4,7,10,22,08/08/2024,Clasico
10718,10,14,15,17,18,08/08/2024,Clasico
10719,2,8,11,12,22,09/08/2024,Clasico
10720,5,9,12,16,23,09/08/2024,Clasico
10721,3,6,15,16,27,10/08/2024,Clasico
10722,3,9,14,23,25,10/08/2024,Clasico
10723,5,8,19,20,27,11/08/2024,Clasico
10724,8,14,16,23,25,11/08/2024,Clasico
10725,14,20,22,24,28,12/08/2024,Clasico
10726,18,20,23,24,28,12/08/2024,Clasico
10727,3,5,13,18,23,13/08/2024,Clasico
10728,2,5,9,12,19,13/08/2024,Clasico
10729,8,9,10,13,20,14/08/2024,Clasico
10730,4,7,17,22,23,14/08/2024,Clasico
10731,1,9,12,15,20,15/08/2024,Clasico
10732,3,14,15,16,23,15/08/2024,Clasico
10733,11,14,16,26,27,16/08/2024,Clasico
10734,6,9,10,15,21,16/08/2024,Clasico
10735,4,11,15,17,19,17/08/2024,Clasico
10736,10,14,16,22,28,17/08/2024,Clasico
10737,1,7,11,13,24,18/08/2024,Clasico
10738,3,4,17,22,23,18/08/2024,Clasico
10739,10,14,15,20,25,19/08/2024,Clasico
10740,10,17,19,23,28,19/08/2024,Clasico
10741,1,2,6,13,18,20/08/2024,Clasico
10742,3,9,10,15,28,20/08/2024,Clasico
10743,1,3,8,12,16,21/08/2024,Clasico
10744,2,11,13,14,20,21/08/2024,Clasico
10745,3,5,6,12,14,22/08/2024,Clasico
10746,4,17,19,20,26,22/08/2024,Clasico
10747,4,13,15,21,28,23/08/2024,Clasico
10748,1,13,17,19,22,23/08/2024,Clasico
10749,9,10,14,16,19,24/08/2024,Clasico
10750,9,12,13,17,23,24/08/2024,Clasico
10751,8,9,17,21,23,25/08/2024,Clasico
10752,2,10,12,17,18,25/08/2024,Clasico
10753,1,7,11,13,21,26/08/2024,Clasico
10754,5,14,17,18,24,26/08/2024,Clasico
10755,1,3,4,10,14,27/08/2024,Clasico
10756,1,2,10,12,21,27/08/2024,Clasico
10757,2,12,13,19,28,28/08/2024,Clasico
10758,3,11,14,16,25,28/08/2024,Clasico
10759,6,7,13,18,28,29/08/2024,Clasico
10760,13,20,25,26,27,29/08/2024,Clasico
10761,6,10,22,24,28,30/08/2024,Clasico
10762,1,3,4,10,12,30/08/2024,Clasico
10763,2,5,7,8,11,31/08/2024,Clasico
10764,12,13,17,21,23,31/08/2024,Clasico
10765,2,8,20,22,27,01/09/2024,Clasico
10766,1,10,16,25,26,01/09/2024,Clasico
10767,4,11,15,17,23,02/09/2024,Clasico
10768,2,10,22,23,27,02/09/2024,Clasico
10769,1,7,16,20,26,03/09/2024,Clasico
10770,7,8,12,23,25,03/09/2024,Clasico
10771,5,8,15,21,27,04/09/2024,Clasico
10772,1,8,14,17,25,04/09/2024,Clasico
10773,4,5,15,20,23,05/09/2024,Clasico
10774,7,13,16,18,26,05/09/2024,Clasico
10775,2,10,17,25,26,06/09/2024,Clasico
10776,5,9,12,16,20,06/09/2024,Clasico
10777,6,8,10,12,22,07/09/2024,Clasico
10778,5,7,9,12,20,07/09/2024,Clasico
10779,7,13,17,18,27,08/09/2024,Clasico
10780,2,15,17,22,28,08/09/2024,Clasico
10781,7,12,16,20,25,09/09/2024,Clasico
10782,7,17,24,26,28,09/09/2024,Clasico
10783,6,10,13,14,27,10/09/2024,Clasico
10784,3,5,14,18,22,10/09/2024,Clasico
10785,7,12,19,22,26,11/09/2024,Clasico
10786,3,8,16,27,28,11/09/2024,Clasico
10787,1,5,19,22,27,12/09/2024,Clasico
10788,6,12,15,21,28,12/09/2024,Clasico
10789,2,9,10,23,24,13/09/2024,Clasico
10790,7,17,19,22,24,13/09/2024,Clasico
10791,4,11,15,16,18,14/09/2024,Clasico
10792,5,14,19,26,28,14/09/2024,Clasico
10793,14,16,17,22,25,15/09/2024,Clasico
10794,1,2,9,15,17,15/09/2024,Clasico
10795,2,8,19,23,27,16/09/2024,Clasico
10796,14,17,20,22,24,16/09/2024,Clasico
10797,17,20,24,26,28,17/09/2024,Clasico
10798,10,15,23,25,27,17/09/2024,Clasico
10799,7,11,17,20,21,18/09/2024,Clasico
10800,3,7,9,14,23,18/09/2024,Clasico
10801,8,14,22,23,24,19/09/2024,Clasico
10802,4,7,9,13,14,19/09/2024,Clasico
10803,12,17,23,25,26,20/09/2024,Clasico
10804,2,3,7,10,25,20/09/2024,Clasico
10805,1,5,6,10,24,21/09/2024,Clasico
10806,5,9,16,20,23,21/09/2024,Clasico
10807,12,14,16,18,26,22/09/2024,Clasico
10808,1,3,8,17,20,22/09/2024,Clasico
10809,10,13,18,22,26,23/09/2024,Clasico
10810,6,7,9,10,22,23/09/2024,Clasico
10811,1,4,15,16,26,24/09/2024,Clasico
10812,19,20,23,25,27,24/09/2024,Clasico
10813,1,4,20,21,23,25/09/2024,Clasico
10814,1,7,11,24,28,25/09/2024,Clasico
10815,10,12,16,26,27,26/09/2024,Clasico
10816,5,7,8,16,19,26/09/2024,Clasico
10817,6,8,14,21,28,27/09/2024,Clasico
10818,2,12,16,19,27,27/09/2024,Clasico
10819,20,22,23,25,27,28/09/2024,Clasico
10820,6,18,19,20,23,28/09/2024,Clasico
10821,3,6,10,15,19,29/09/2024,Clasico
10822,8,15,16,22,25,29/09/2024,Clasico
10823,11,14,15,20,24,30/09/2024,Clasico
10824,5,7,9,15,28,30/09/2024,Clasico
10825,10,17,18,20,27,01/10/2024,Clasico
10826,14,19,22,24,28,01/10/2024,Clasico
10827,3,7,18,22,24,02/10/2024,Clasico
10828,7,8,21,23,25,02/10/2024,Clasico
10829,7,10,11,15,25,03/10/2024,Clasico
10830,8,12,14,27,28,03/10/2024,Clasico
10831,1,2,5,7,21,04/10/2024,Clasico
10832,2,16,20,25,27,04/10/2024,Clasico
10833,1,4,14,20,27,05/10/2024,Clasico
10834,1,3,8,17,27,05/10/2024,Clasico
10835,5,6,14,22,23,06/10/2024,Clasico
10836,1,2,10,15,23,06/10/2024,Clasico
10837,1,6,12,13,20,07/10/2024,Clasico
10838,3,11,15,19,26,07/10/2024,Clasico
10839,7,13,14,23,26,08/10/2024,Clasico
10840,3,10,11,15,17,08/10/2024,Clasico
10841,3,5,9,20,22,09/10/2024,Clasico
10842,4,6,9,15,27,09/10/2024,Clasico
10843,20,22,23,25,27,10/10/2024,Clasico
10844,8,9,12,16,28,10/10/2024,Clasico
10845,3,4,5,11,25,11/10/2024,Clasico
10846,10,14,15,20,27,11/10/2024,Clasico
10847,5,12,14,16,17,12/10/2024,Clasico
10848,1,4,5,18,22,12/10/2024,Clasico
10849,3,7,8,15,26,13/10/2024,Clasico
10850,6,11,18,21,25,13/10/2024,Clasico
10851,1,15,17,21,28,14/10/2024,Clasico
10852,4,9,14,19,23,14/10/2024,Clasico
10853,10,11,20,22,25,15/10/2024,Clasico
10854,3,4,15,17,19,15/10/2024,Clasico
10855,3,4,6,16,26,16/10/2024,Clasico
10856,11,15,17,21,27,16/10/2024,Clasico
10857,3,8,20,21,25,17/10/2024,Clasico
10858,8,10,23,25,27,17/10/2024,Clasico
10859,1,13,18,20,27,18/10/2024,Clasico
10860,2,5,9,17,21,18/10/2024,Clasico
10861,5,9,21,22,28,19/10/2024,Clasico
10862,5,6,22,25,28,19/10/2024,Clasico
10863,1,10,18,20,21,20/10/2024,Clasico
10864,5,9,10,21,27,20/10/2024,Clasico
10865,3,5,6,9,14,21/10/2024,Clasico
10866,2,6,13,16,27,21/10/2024,Clasico
10867,2,5,20,21,22,22/10/2024,Clasico
10868,1,5,13,25,26,22/10/2024,Clasico
10869,1,7,16,22,24,23/10/2024,Clasico
10870,1,2,9,15,21,23/10/2024,Clasico
10871,15,18,23,27,28,24/10/2024,Clasico
10872,1,10,12,16,23,24/10/2024,Clasico
10873,10,13,16,17,26,25/10/2024,Clasico
10874,10,14,16,22,24,25/10/2024,Clasico
10875,5,7,12,16,24,26/10/2024,Clasico
10876,4,18,20,21,28,26/10/2024,Clasico
10877,3,4,6,19,25,27/10/2024,Clasico
10878,1,8,12,14,21,27/10/2024,Clasico
10879,7,8,11,12,28,28/10/2024,Clasico
10880,2,4,9,17,22,28/10/2024,Clasico
10881,8,16,18,21,26,29/10/2024,Clasico
10882,9,10,14,18,20,29/10/2024,Clasico
10883,10,12,23,25,26,30/10/2024,Clasico
10884,1,19,21,24,26,30/10/2024,Clasico
10885,1,8,15,16,24,31/10/2024,Clasico
10886,7,9,12,18,24,31/10/2024,Clasico
10887,3,4,14,22,28,01/11/2024,Clasico
10888,1,9,17,19,20,01/11/2024,Clasico
10889,3,5,9,21,28,02/11/2024,Clasico
10890,3,6,12,22,23,02/11/2024,Clasico
10891,10,12,16,20,27,03/11/2024,Clasico
10892,2,3,11,17,21,03/11/2024,Clasico
10893,4,5,12,25,26,04/11/2024,Clasico
10894,2,16,17,18,21,04/11/2024,Clasico
10895,1,5,12,19,21,05/11/2024,Clasico
10896,3,5,8,12,23,05/11/2024,Clasico
10897,5,11,13,16,27,06/11/2024,Clasico
10898,2,9,11,21,23,06/11/2024,Clasico
10899,9,13,15,19,27,07/11/2024,Clasico
10900,4,5,10,14,25,07/11/2024,Clasico
10901,4,10,13,18,28,08/11/2024,Clasico
10902,6,9,13,17,18,08/11/2024,Clasico
10903,15,20,21,23,26,09/11/2024,Clasico
10904,4,8,10,15,25,09/11/2024,Clasico
10905,1,2,7,15,24,10/11/2024,Clasico
10906,5,6,14,27,28,10/11/2024,Clasico
10907,3,4,12,14,23,11/11/2024,Clasico
10908,5,6,8,16,19,11/11/2024,Clasico
10909,2,7,9,13,15,12/11/2024,Clasico
10910,11,15,18,25,27,12/11/2024,Clasico
10911,3,4,12,14,26,13/11/2024,Clasico
10912,2,3,4,22,23,13/11/2024,Clasico
10913,2,4,7,16,22,14/11/2024,Clasico
10914,5,6,8,9,17,14/11/2024,Clasico
10915,5,6,16,19,27,15/11/2024,Clasico
10916,3,6,11,17,18,15/11/2024,Clasico
10917,6,9,16,20,23,16/11/2024,Clasico
10918,1,2,3,10,11,16/11/2024,Clasico
10919,9,10,11,21,23,17/11/2024,Clasico
10920,2,11,17,18,23,17/11/2024,Clasico
10921,8,10,12,26,28,18/11/2024,Clasico
10922,2,12,14,21,22,18/11/2024,Clasico
10923,1,5,21,23,25,19/11/2024,Clasico
10924,5,7,8,22,24,19/11/2024,Clasico
10925,3,8,13,20,21,20/11/2024,Clasico
10926,6,17,20,23,24,20/11/2024,Clasico
10927,8,12,17,20,26,21/11/2024,Clasico
10928,1,3,12,20,23,21/11/2024,Clasico
10929,7,9,19,22,26,22/11/2024,Clasico
10930,2,10,13,16,23,22/11/2024,Clasico
10931,5,7,21,24,27,23/11/2024,Clasico
10932,8,10,13,23,27,23/11/2024,Clasico
10933,3,5,11,21,26,24/11/2024,Clasico
10934,1,2,4,12,26,24/11/2024,Clasico
10935,5,7,8,9,21,25/11/2024,Clasico
10936,2,11,19,25,27,25/11/2024,Clasico
10937,3,10,18,25,28,26/11/2024,Clasico
10938,1,3,5,17,19,26/11/2024,Clasico
10939,1,3,4,11,16,27/11/2024,Clasico
10940,1,3,5,6,8,27/11/2024,Clasico
10941,11,12,20,24,27,28/11/2024,Clasico
10942,14,15,22,25,26,28/11/2024,Clasico
10943,14,16,19,20,24,29/11/2024,Clasico
10944,2,18,21,24,27,29/11/2024,Clasico
10945,2,9,12,15,18,30/11/2024,Clasico
10946,6,8,17,20,26,30/11/2024,Clasico
10947,14,15,16,20,28,01/12/2024,Clasico
10948,8,11,13,22,28,01/12/2024,Clasico
10949,2,6,16,21,22,02/12/2024,Clasico
10950,3,11,15,19,25,02/12/2024,Clasico
10951,6,8,12,23,25,03/12/2024,Clasico
10952,8,10,11,16,22,03/12/2024,Clasico
10953,4,7,8,9,22,04/12/2024,Clasico
10954,2,9,13,21,26,04/12/2024,Clasico
10955,7,19,21,22,24,05/12/2024,Clasico
10956,2,14,22,25,28,05/12/2024,Clasico
10957,1,3,19,21,26,06/12/2024,Clasico
10958,4,10,16,24,25,06/12/2024,Clasico
10959,4,11,22,23,26,07/12/2024,Clasico
10960,4,15,22,23,28,07/12/2024,Clasico
10961,4,5,13,20,21,08/12/2024,Clasico
10962,6,9,13,15,16,08/12/2024,Clasico
10963,3,6,10,11,18,09/12/2024,Clasico
10964,1,5,8,17,25,09/12/2024,Clasico
10965,2,11,13,20,26,10/12/2024,Clasico
10966,1,11,13,24,28,10/12/2024,Clasico
10967,1,3,6,11,28,11/12/2024,Clasico
10968,6,12,15,16,23,11/12/2024,Clasico
10969,2,3,5,7,10,12/12/2024,Clasico
10970,8,10,20,24,25,12/12/2024,Clasico
10971,3,6,18,22,23,13/12/2024,Clasico
10972,2,20,21,26,28,13/12/2024,Clasico
10973,10,17,23,24,25,14/12/2024,Clasico
10974,2,5,14,21,23,14/12/2024,Clasico
10975,8,16,19,25,28,15/12/2024,Clasico
10976,1,10,17,19,24,15/12/2024,Clasico
10977,3,18,20,25,26,16/12/2024,Clasico
10978,6,7,10,14,15,16/12/2024,Clasico
10979,12,18,19,22,26,17/12/2024,Clasico
10980,7,12,20,25,28,17/12/2024,Clasico
10981,14,22,24,25,28,18/12/2024,Clasico
10982,7,16,23,25,27,18/12/2024,Clasico
10983,7,18,21,24,28,19/12/2024,Clasico
10984,4,8,9,22,24,19/12/2024,Clasico
10985,5,6,12,24,25,20/12/2024,Clasico
10986,4,7,9,13,28,20/12/2024,Clasico
10987,3,6,15,18,24,21/12/2024,Clasico
10988,9,14,18,19,27,21/12/2024,Clasico
10989,2,9,16,18,20,22/12/2024,Clasico
10990,1,8,17,26,27,22/12/2024,Clasico
10991,6,9,11,17,22,23/12/2024,Clasico
10992,12,19,21,24,25,23/12/2024,Clasico
10993,12,17,19,25,26,24/12/2024,Clasico
10994,4,7,12,22,24,24/12/2024,Clasico
10995,1,2,8,16,26,25/12/2024,Clasico
10996,4,5,12,15,17,25/12/2024,Clasico
10997,5,6,18,23,27,26/12/2024,Clasico
10998,4,8,10,21,22,26/12/2024,Clasico
10999,8,13,16,26,27,27/12/2024,Clasico
11000,2,5,9,19,21,27/12/2024,Clasico
11001,7,13,17,20,21,28/12/2024,Clasico
11002,10,14,16,22,27,28/12/2024,Clasico
11003,1,11,21,22,28,29/12/2024,Clasico
11004,2,9,20,23,27,29/12/2024,Clasico
11005,1,7,15,18,19,30/12/2024,Clasico
11006,6,11,21,27,28,30/12/2024,Clasico
11007,6,11,22,26,28,31/12/2024,Clasico
11008,2,19,22,25,28,31/12/2024,Clasico
11009,1,4,5,15,23,01/01/2025,Clasico
11010,5,11,12,14,27,01/01/2025,Clasico
11011,2,9,14,17,18,02/01/2025,Clasico
11012,1,13,18,22,28,02/01/2025,Clasico
11013,6,11,14,16,27,03/01/2025,Clasico
11014,9,12,24,25,28,03/01/2025,Clasico
11015,8,18,20,21,27,04/01/2025,Clasico
11016,1,2,10,18,21,04/01/2025,Clasico
11017,2,4,17,26,28,05/01/2025,Clasico
11018,14,16,20,21,25,05/01/2025,Clasico
11019,8,10,15,17,20,06/01/2025,Clasico
11020,6,7,9,16,22,06/01/2025,Clasico
11021,4,7,8,25,26,07/01/2025,Clasico
11022,4,6,10,16,28,07/01/2025,Clasico
11023,4,8,13,17,26,08/01/2025,Clasico
11024,2,17,23,26,27,08/01/2025,Clasico
11025,2,3,10,22,27,09/01/2025,Clasico
11026,1,9,19,22,25,09/01/2025,Clasico
11027,9,19,21,26,28,10/01/2025,Clasico
11028,7,11,15,24,26,10/01/2025,Clasico
11029,12,14,16,18,24,11/01/2025,Clasico
11030,2,11,13,20,21,11/01/2025,Clasico
11031,3,8,10,14,28,12/01/2025,Clasico
11032,4,13,21,26,28,12/01/2025,Clasico
11033,2,17,19,20,21,13/01/2025,Clasico
11034,1,3,4,9,26,13/01/2025,Clasico
11035,3,4,9,15,24,14/01/2025,Clasico
11036,3,4,22,24,26,14/01/2025,Clasico
11037,5,7,12,18,25,15/01/2025,Clasico
11038,3,5,12,25,27,15/01/2025,Clasico
11039,9,12,23,25,26,16/01/2025,Clasico
11040,5,6,10,19,27,16/01/2025,Clasico
11041,1,17,22,23,27,17/01/2025,Clasico
11042,1,3,12,14,21,17/01/2025,Clasico
11043,11,14,22,25,28,18/01/2025,Clasico
11044,3,7,20,21,27,18/01/2025,Clasico
11045,2,5,8,12,26,19/01/2025,Clasico
11046,7,11,16,17,26,19/01/2025,Clasico
11047,2,13,22,23,28,20/01/2025,Clasico
11048,6,16,23,26,27,20/01/2025,Clasico
11049,1,6,12,21,27,21/01/2025,Clasico
11050,6,12,16,20,22,21/01/2025,Clasico
11051,4,10,14,17,20,22/01/2025,Clasico
11052,3,6,9,20,22,22/01/2025,Clasico
11053,2,5,12,18,24,23/01/2025,Clasico
11054,5,7,8,10,20,23/01/2025,Clasico
11055,2,7,14,23,26,24/01/2025,Clasico
11056,2,12,14,22,28,24/01/2025,Clasico
11057,2,3,6,22,27,25/01/2025,Clasico
11058,1,9,23,24,27,25/01/2025,Clasico
11059,2,13,19,20,21,26/01/2025,Clasico
11060,5,6,14,22,23,26/01/2025,Clasico
11061,1,5,8,16,22,27/01/2025,Clasico
11062,1,3,14,22,23,27/01/2025,Clasico
11063,4,5,13,15,28,28/01/2025,Clasico
11064,4,6,17,20,23,28/01/2025,Clasico
11065,1,2,14,17,24,29/01/2025,Clasico
11066,1,6,10,14,28,29/01/2025,Clasico
11067,4,5,15,18,22,30/01/2025,Clasico
11068,7,10,15,26,28,30/01/2025,Clasico
11069,4,9,10,14,15,31/01/2025,Clasico
11070,1,4,15,23,25,31/01/2025,Clasico
11071,2,4,10,21,28,01/02/2025,Clasico
11072,1,4,10,19,27,01/02/2025,Clasico
11073,13,14,15,22,26,02/02/2025,Clasico
11074,4,17,21,22,25,02/02/2025,Clasico
11075,1,4,18,20,22,03/02/2025,Clasico
11076,1,2,10,16,24,03/02/2025,Clasico
11077,12,13,19,21,26,04/02/2025,Clasico
11078,2,11,21,22,23,04/02/2025,Clasico
11079,6,8,11,21,28,05/02/2025,Clasico
11080,2,12,15,26,27,05/02/2025,Clasico
11081,2,14,18,19,23,06/02/2025,Clasico
11082,6,12,15,18,28,06/02/2025,Clasico
11083,1,17,18,20,25,07/02/2025,Clasico
11084,4,9,13,15,24,07/02/2025,Clasico
11085,3,5,17,20,27,08/02/2025,Clasico
11086,7,8,14,20,25,08/02/2025,Clasico
11087,4,20,22,23,25,09/02/2025,Clasico
11088,7,14,15,16,21,09/02/2025,Clasico
11089,11,12,13,15,22,10/02/2025,Clasico
11090,4,8,13,21,26,10/02/2025,Clasico
11091,2,9,15,23,27,11/02/2025,Clasico
11092,2,4,6,15,26,11/02/2025,Clasico
11093,1,2,3,9,25,12/02/2025,Clasico
11094,7,10,11,24,25,12/02/2025,Clasico
11095,3,5,6,22,27,13/02/2025,Clasico
11096,1,2,3,13,14,13/02/2025,Clasico
11097,5,9,13,26,28,14/02/2025,Clasico
11098,1,10,12,14,18,14/02/2025,Clasico
11099,3,10,15,19,25,15/02/2025,Clasico
11100,5,11,18,24,25,15/02/2025,Clasico
11101,1,4,13,14,28,16/02/2025,Clasico
11102,6,14,24,25,27,16/02/2025,Clasico
11103,2,5,17,21,22,17/02/2025,Clasico
11104,1,3,5,19,23,17/02/2025,Clasico
11105,3,6,9,13,24,18/02/2025,Clasico
11106,2,5,13,14,21,18/02/2025,Clasico
11107,2,20,26,27,28,19/02/2025,Clasico
11108,1,9,11,16,28,19/02/2025,Clasico
11109,3,8,13,15,25,20/02/2025,Clasico
11110,12,13,14,20,26,20/02/2025,Clasico
11111,4,5,7,12,19,21/02/2025,Clasico
11112,4,8,9,11,15,21/02/2025,Clasico
11113,3,4,12,20,27,22/02/2025,Clasico
11114,2,4,13,24,27,22/02/2025,Clasico
11115,1,8,9,10,11,23/02/2025,Clasico
11116,4,6,7,16,27,23/02/2025,Clasico
11117,1,3,7,12,14,24/02/2025,Clasico
11118,9,13,16,17,21,24/02/2025,Clasico
11119,11,15,19,25,26,25/02/2025,Clasico
11120,10,15,21,24,27,25/02/2025,Clasico
11121,1,4,5,13,14,26/02/2025,Clasico
11122,5,13,16,21,24,26/02/2025,Clasico
11123,21,22,23,27,28,27/02/2025,Clasico
11124,8,13,24,27,28,27/02/2025,Clasico
11125,3,8,24,27,28,28/02/2025,Clasico
11126,1,8,9,12,14,28/02/2025,Clasico
11127,15,18,21,27,28,01/03/2025,Clasico
11128,2,3,5,13,17,01/03/2025,Clasico
11129,6,8,14,15,19,02/03/2025,Clasico
11130,1,2,6,8,20,02/03/2025,Clasico
11131,1,4,8,20,21,03/03/2025,Clasico
11132,1,4,9,13,27,03/03/2025,Clasico
11133,9,11,13,19,28,04/03/2025,Clasico
11134,12,22,25,26,28,04/03/2025,Clasico
11135,9,10,14,25,27,05/03/2025,Clasico
11136,1,8,15,26,28,05/03/2025,Clasico
11137,2,6,16,21,26,06/03/2025,Clasico
11138,1,12,13,16,27,06/03/2025,Clasico
11139,8,11,13,14,27,07/03/2025,Clasico
11140,14,15,16,20,23,07/03/2025,Clasico
11141,2,6,14,16,27,08/03/2025,Clasico
11142,6,16,22,27,28,08/03/2025,Clasico
11143,11,17,19,20,24,09/03/2025,Clasico
11144,11,16,20,23,27,09/03/2025,Clasico
11145,6,8,15,22,28,10/03/2025,Clasico
11146,3,8,10,15,28,10/03/2025,Clasico
11147,1,5,13,16,17,11/03/2025,Clasico
11148,5,8,12,14,24,11/03/2025,Clasico
11149,4,9,13,15,22,12/03/2025,Clasico
11150,8,13,16,22,26,12/03/2025,Clasico
11151,9,14,16,18,26,13/03/2025,Clasico
11152,8,10,13,18,22,13/03/2025,Clasico
11153,2,17,22,26,27,14/03/2025,Clasico
11154,9,13,17,22,27,14/03/2025,Clasico
11155,1,4,7,20,23,15/03/2025,Clasico
11156,5,10,13,24,26,15/03/2025,Clasico
11157,1,11,15,17,28,16/03/2025,Clasico
11158,10,19,22,24,26,16/03/2025,Clasico
11159,11,15,25,27,28,17/03/2025,Clasico
11160,1,5,7,13,19,17/03/2025,Clasico
11161,4,9,11,19,24,18/03/2025,Clasico
11162,3,4,6,19,28,18/03/2025,Clasico
11163,4,15,19,24,27,19/03/2025,Clasico
11164,2,5,8,21,28,19/03/2025,Clasico
11165,15,19,22,23,25,20/03/2025,Clasico
11166,2,8,15,18,28,20/03/2025,Clasico
11167,4,7,12,20,28,21/03/2025,Clasico
11168,5,12,17,19,28,21/03/2025,Clasico
11169,5,12,13,16,19,22/03/2025,Clasico
11170,2,14,17,26,28,22/03/2025,Clasico
11171,10,11,12,17,28,23/03/2025,Clasico
11172,4,18,19,21,28,23/03/2025,Clasico
11173,1,8,9,10,27,24/03/2025,Clasico
11174,7,16,22,27,28,24/03/2025,Clasico
11175,5,7,9,25,26,25/03/2025,Clasico
11176,2,7,8,10,13,25/03/2025,Clasico
11177,12,15,21,23,28,26/03/2025,Clasico
11178,6,10,13,16,17,26/03/2025,Clasico
11179,3,21,22,23,28,27/03/2025,Clasico
11180,3,9,12,17,22,27/03/2025,Clasico
11181,3,7,17,22,26,28/03/2025,Clasico
11182,7,14,19,21,28,28/03/2025,Clasico
11183,6,8,19,22,26,29/03/2025,Clasico
11184,9,10,12,20,26,29/03/2025,Clasico
11185,3,16,17,23,28,30/03/2025,Clasico
11186,3,8,21,23,27,30/03/2025,Clasico
11187,7,8,13,16,20,31/03/2025,Clasico
11188,1,20,21,23,25,31/03/2025,Clasico
11189,7,17,21,24,26,01/04/2025,Clasico
11190,17,19,21,26,27,01/04/2025,Clasico
11191,1,5,6,18,25,02/04/2025,Clasico
11192,1,3,7,14,21,02/04/2025,Clasico
11193,7,11,19,21,24,03/04/2025,Clasico
11194,8,17,18,21,25,03/04/2025,Clasico
11195,17,20,22,23,26,04/04/2025,Clasico
11196,2,3,9,17,19,04/04/2025,Clasico
11197,15,18,21,24,27,05/04/2025,Clasico
11198,2,3,19,25,28,05/04/2025,Clasico
11199,8,16,17,18,27,06/04/2025,Clasico
11200,2,3,17,19,25,06/04/2025,Clasico
11201,6,7,16,23,27,07/04/2025,Clasico
11202,3,4,10,16,18,07/04/2025,Clasico
11203,2,8,20,22,27,08/04/2025,Clasico
11204,5,8,17,19,21,08/04/2025,Clasico
11205,2,7,14,18,25,09/04/2025,Clasico
11206,6,8,11,12,24,09/04/2025,Clasico
11207,6,9,14,23,27,10/04/2025,Clasico
11208,3,8,18,20,22,10/04/2025,Clasico
11209,8,16,17,22,27,11/04/2025,Clasico
11210,4,10,15,24,26,11/04/2025,Clasico
11211,1,5,6,17,21,12/04/2025,Clasico
11212,18,19,22,23,25,12/04/2025,Clasico
11213,1,5,7,11,15,13/04/2025,Clasico
11214,6,7,14,21,22,13/04/2025,Clasico
11215,1,16,19,21,25,14/04/2025,Clasico
11216,3,9,12,19,23,14/04/2025,Clasico
11217,2,4,5,20,26,15/04/2025,Clasico
11218,3,6,17,22,24,15/04/2025,Clasico
11219,5,9,18,19,25,16/04/2025,Clasico
11220,1,8,11,16,17,16/04/2025,Clasico
11221,2,3,6,18,21,17/04/2025,Clasico
11222,3,5,10,12,22,17/04/2025,Clasico
11223,16,17,20,24,28,18/04/2025,Clasico
11224,3,4,9,15,24,18/04/2025,Clasico
11225,13,14,18,20,28,19/04/2025,Clasico
11226,2,3,8,9,22,19/04/2025,Clasico
11227,2,8,14,18,27,20/04/2025,Clasico
11228,5,12,19,20,28,20/04/2025,Clasico
11229,5,6,10,27,28,21/04/2025,Clasico
11230,7,9,10,22,23,21/04/2025,Clasico
11231,3,13,18,21,28,22/04/2025,Clasico
11232,1,6,11,14,20,22/04/2025,Clasico
11233,6,10,23,26,27,23/04/2025,Clasico
11234,6,18,19,22,24,23/04/2025,Clasico
11235,3,13,14,16,21,24/04/2025,Clasico
11236,5,11,15,16,23,24/04/2025,Clasico
11237,6,12,14,23,24,25/04/2025,Clasico
11238,5,15,21,27,28,25/04/2025,Clasico
11239,14,16,26,27,28,26/04/2025,Clasico
11240,4,9,14,20,24,26/04/2025,Clasico
11241,5,10,12,18,20,27/04/2025,Clasico
11242,6,7,12,20,24,27/04/2025,Clasico
11243,4,10,11,23,28,28/04/2025,Clasico
11244,7,15,19,23,25,28/04/2025,Clasico
11245,8,14,15,18,19,29/04/2025,Clasico
11246,6,9,10,19,24,29/04/2025,Clasico
11247,7,13,20,22,26,30/04/2025,Clasico
11248,3,7,13,15,16,30/04/2025,Clasico
11249,7,10,17,18,20,01/05/2025,Clasico
11250,3,8,11,16,27,01/05/2025,Clasico
11252,6,7,25,27,28,02/05/2025,Clasico
11253,6,9,17,20,22,03/05/2025,Clasico
11254,2,4,9,15,17,03/05/2025,Clasico
11255,6,8,15,19,26,04/05/2025,Clasico
11256,9,11,13,14,19,04/05/2025,Clasico
11257,4,14,17,20,24,05/05/2025,Clasico
11258,2,9,13,17,21,05/05/2025,Clasico
11259,3,6,9,24,27,06/05/2025,Clasico
11260,6,21,22,23,28,06/05/2025,Clasico
11261,4,8,9,14,26,07/05/2025,Clasico
11262,3,6,13,22,23,07/05/2025,Clasico
11263,5,15,19,23,27,08/05/2025,Clasico
11264,2,8,12,24,25,08/05/2025,Clasico
11265,5,12,15,19,25,09/05/2025,Clasico
11266,5,12,21,22,24,09/05/2025,Clasico
11267,5,13,19,21,24,10/05/2025,Clasico
11268,1,7,19,25,27,10/05/2025,Clasico
11269,10,11,15,23,25,11/05/2025,Clasico
11270,2,5,15,24,28,11/05/2025,Clasico
11271,6,8,10,21,23,12/05/2025,Clasico
11272,3,15,16,19,25,12/05/2025,Clasico
11273,9,10,13,19,22,13/05/2025,Clasico
11274,5,10,14,19,28,13/05/2025,Clasico
11275,2,3,15,20,25,14/05/2025,Clasico
11276,1,5,9,23,27,14/05/2025,Clasico
11277,14,19,22,24,25,15/05/2025,Clasico
11278,6,11,15,24,26,15/05/2025,Clasico
11279,3,16,19,20,23,16/05/2025,Clasico
11280,12,13,15,18,27,16/05/2025,Clasico
11281,1,6,23,24,25,17/05/2025,Clasico
11282,3,13,19,23,25,17/05/2025,Clasico
11283,1,12,19,21,24,18/05/2025,Clasico
11284,4,15,16,21,24,18/05/2025,Clasico
11285,2,3,7,8,25,19/05/2025,Clasico
11286,1,5,9,12,24,19/05/2025,Clasico
11287,4,6,11,20,26,20/05/2025,Clasico
11288,2,4,9,15,17,20/05/2025,Clasico
11289,7,13,15,19,20,21/05/2025,Clasico
11290,1,12,14,15,17,21/05/2025,Clasico
11291,8,9,11,19,26,22/05/2025,Clasico
11292,1,18,25,26,27,22/05/2025,Clasico
11293,1,12,22,25,26,23/05/2025,Clasico
11294,4,13,20,22,23,23/05/2025,Clasico
11295,2,20,26,27,28,24/05/2025,Clasico
11296,2,11,15,17,28,24/05/2025,Clasico
11297,12,16,19,22,26,25/05/2025,Clasico
11298,14,20,21,23,28,25/05/2025,Clasico
11299,1,5,13,16,24,26/05/2025,Clasico
11300,8,10,13,15,17,26/05/2025,Clasico
11301,11,12,17,22,23,27/05/2025,Clasico
11302,4,5,13,14,16,27/05/2025,Clasico
11303,2,5,7,15,18,28/05/2025,Clasico
11304,16,18,20,24,26,28/05/2025,Clasico
11305,2,7,15,20,22,29/05/2025,Clasico
11306,4,11,20,22,28,29/05/2025,Clasico
11307,1,4,8,17,26,30/05/2025,Clasico
11308,2,5,17,19,26,30/05/2025,Clasico
11309,9,17,20,21,27,31/05/2025,Clasico
11310,2,6,12,13,24,31/05/2025,Clasico
11311,1,4,9,11,14,01/06/2025,Clasico
11312,13,18,19,23,27,01/06/2025,Clasico
11313,8,9,10,18,23,02/06/2025,Clasico
11314,4,5,8,11,18,02/06/2025,Clasico
11315,1,2,5,8,19,03/06/2025,Clasico
11316,1,7,17,20,26,03/06/2025,Clasico
11317,2,4,6,8,19,04/06/2025,Clasico
11318,1,8,21,22,27,04/06/2025,Clasico
11319,1,10,16,18,28,05/06/2025,Clasico
11320,2,9,11,22,23,05/06/2025,Clasico
11321,7,14,23,25,27,06/06/2025,Clasico
11322,4,15,18,20,21,06/06/2025,Clasico
11323,1,5,11,15,17,07/06/2025,Clasico
11324,4,8,10,23,26,07/06/2025,Clasico
11325,3,5,13,17,28,08/06/2025,Clasico
11326,2,4,15,21,27,08/06/2025,Clasico
11327,2,7,15,18,26,09/06/2025,Clasico
11328,10,13,18,20,24,09/06/2025,Clasico
11329,2,9,12,13,22,10/06/2025,Clasico
11330,4,17,18,25,28,10/06/2025,Clasico
11331,2,12,13,15,18,11/06/2025,Clasico
11332,2,9,11,17,19,11/06/2025,Clasico
11333,3,11,16,25,26,12/06/2025,Clasico
11334,3,8,9,10,24,12/06/2025,Clasico
11335,11,12,14,18,25,13/06/2025,Clasico
11336,1,8,11,18,19,13/06/2025,Clasico
11337,1,3,6,8,17,14/06/2025,Clasico
11338,9,14,15,19,27,14/06/2025,Clasico
11339,8,23,25,27,28,15/06/2025,Clasico
11340,1,3,9,11,12,15/06/2025,Clasico
11341,1,6,8,19,20,16/06/2025,Clasico
11342,7,9,12,17,27,16/06/2025,Clasico
11343,5,10,13,17,23,17/06/2025,Clasico
11344,7,10,11,22,28,17/06/2025,Clasico
11345,6,12,14,17,24,18/06/2025,Clasico
11346,3,5,14,19,21,18/06/2025,Clasico
11347,4,5,7,17,22,19/06/2025,Clasico
11348,1,3,9,10,15,19/06/2025,Clasico
11349,4,6,12,15,19,20/06/2025,Clasico
11350,8,14,15,19,26,20/06/2025,Clasico
11351,11,12,14,17,26,21/06/2025,Clasico
11352,4,7,14,15,24,21/06/2025,Clasico
11353,2,7,18,26,28,22/06/2025,Clasico
11354,12,14,24,27,28,22/06/2025,Clasico
11355,7,8,10,11,19,23/06/2025,Clasico
11356,11,13,15,16,20,23/06/2025,Clasico
11357,4,11,15,17,27,24/06/2025,Clasico
11358,2,14,18,19,23,24/06/2025,Clasico
11359,4,18,23,24,26,25/06/2025,Clasico
11360,2,4,15,24,27,25/06/2025,Clasico
11361,4,6,9,12,21,26/06/2025,Clasico
11362,4,10,11,13,25,26/06/2025,Clasico
11363,1,4,6,11,16,27/06/2025,Clasico
11364,3,6,9,14,19,27/06/2025,Clasico
11365,1,7,20,24,28,28/06/2025,Clasico
11366,8,19,23,24,26,28/06/2025,Clasico
11367,12,16,20,24,26,29/06/2025,Clasico
11368,7,10,14,23,25,29/06/2025,Clasico
11369,3,5,9,17,19,30/06/2025,Clasico
11370,1,4,9,12,16,30/06/2025,Clasico
11371,7,16,21,25,27,01/07/2025,Clasico
11372,5,7,16,22,24,01/07/2025,Clasico
11373,1,5,21,24,28,02/07/2025,Clasico
11374,1,4,6,17,28,02/07/2025,Clasico
11375,6,8,10,22,26,03/07/2025,Clasico
11376,4,16,17,24,26,03/07/2025,Clasico
11377,8,13,17,20,24,04/07/2025,Clasico
11378,16,21,23,24,26,04/07/2025,Clasico
11379,1,3,14,20,24,05/07/2025,Clasico
11380,9,11,16,18,25,05/07/2025,Clasico
11381,11,15,16,18,24,06/07/2025,Clasico
11382,6,12,14,24,27,06/07/2025,Clasico
11383,1,3,17,23,26,07/07/2025,Clasico
11384,1,3,23,24,27,07/07/2025,Clasico
11385,3,7,14,26,28,08/07/2025,Clasico
11386,7,9,10,15,19,08/07/2025,Clasico
11387,3,11,19,25,27,09/07/2025,Clasico
11388,1,5,13,17,28,09/07/2025,Clasico
11389,1,10,14,17,25,10/07/2025,Clasico
11390,1,2,8,10,21,10/07/2025,Clasico
11391,7,10,13,16,17,11/07/2025,Clasico
11392,8,22,23,25,28,11/07/2025,Clasico
11393,5,16,17,20,24,12/07/2025,Clasico
11394,2,4,10,24,28,12/07/2025,Clasico
11395,13,19,22,23,24,13/07/2025,Clasico
11396,1,4,19,24,27,13/07/2025,Clasico
11397,1,4,17,22,25,14/07/2025,Clasico
11398,2,6,15,17,28,14/07/2025,Clasico
11399,1,6,12,23,26,15/07/2025,Clasico
11400,1,3,14,20,28,15/07/2025,Clasico
11401,3,6,9,12,15,16/07/2025,Clasico
11402,4,14,15,16,20,16/07/2025,Clasico
11403,8,9,12,18,21,17/07/2025,Clasico
11404,1,4,6,7,21,17/07/2025,Clasico
11405,7,11,21,23,24,18/07/2025,Clasico
11406,5,6,9,14,24,18/07/2025,Clasico
11407,1,8,13,21,25,19/07/2025,Clasico
11408,6,9,14,18,20,19/07/2025,Clasico
11409,1,4,10,21,23,20/07/2025,Clasico
11410,2,5,8,10,11,20/07/2025,Clasico
11411,3,5,8,10,18,21/07/2025,Clasico
11412,3,12,13,16,28,21/07/2025,Clasico
11413,1,10,15,21,27,22/07/2025,Clasico
11414,2,5,9,18,27,22/07/2025,Clasico
11415,4,15,20,22,23,23/07/2025,Clasico
11416,2,4,6,8,12,23/07/2025,Clasico
11417,7,11,14,21,23,24/07/2025,Clasico
11418,4,6,9,18,27,24/07/2025,Clasico
11419,4,10,22,23,28,25/07/2025,Clasico
11420,2,9,22,23,27,25/07/2025,Clasico
11421,5,10,12,13,23,26/07/2025,Clasico
11422,1,10,17,25,26,26/07/2025,Clasico
11423,13,14,19,22,28,27/07/2025,Clasico
11424,3,4,9,26,27,27/07/2025,Clasico
11425,1,7,14,18,20,28/07/2025,Clasico
11426,7,12,13,17,20,28/07/2025,Clasico
11427,5,13,20,21,23,29/07/2025,Clasico
11428,2,13,14,15,18,29/07/2025,Clasico
11429,1,8,11,15,20,30/07/2025,Clasico
11430,6,13,18,22,24,30/07/2025,Clasico
11431,1,3,4,21,26,31/07/2025,Clasico
11432,12,16,18,19,27,31/07/2025,Clasico
11433,9,10,22,26,27,01/08/2025,Clasico
11434,10,14,17,18,27,01/08/2025,Clasico
11435,6,7,8,11,20,02/08/2025,Clasico
11436,5,6,7,17,26,02/08/2025,Clasico
11437,2,4,8,19,28,03/08/2025,Clasico
11438,2,6,15,23,25,03/08/2025,Clasico
11439,6,13,15,18,22,04/08/2025,Clasico
11440,3,4,5,11,12,04/08/2025,Clasico
11441,1,10,11,23,24,05/08/2025,Clasico
11442,15,16,17,25,27,05/08/2025,Clasico
11443,9,10,14,26,28,06/08/2025,Clasico
11444,8,9,18,24,26,06/08/2025,Clasico
11445,9,13,21,26,28,07/08/2025,Clasico
11446,7,16,24,27,28,07/08/2025,Clasico
11447,11,14,15,16,24,08/08/2025,Clasico
11448,2,9,14,15,16,08/08/2025,Clasico
11449,3,9,17,20,24,09/08/2025,Clasico
11450,1,8,22,23,28,09/08/2025,Clasico
11451,1,8,9,23,27,10/08/2025,Clasico
11452,3,9,15,20,21,10/08/2025,Clasico
11453,5,9,15,27,28,11/08/2025,Clasico
11454,11,17,22,26,28,11/08/2025,Clasico
11455,2,4,7,14,27,12/08/2025,Clasico
11456,8,15,22,23,28,12/08/2025,Clasico
11457,7,10,12,13,16,13/08/2025,Clasico
11458,3,6,9,11,25,13/08/2025,Clasico
11459,7,13,15,17,25,14/08/2025,Clasico
11460,9,11,13,16,27,14/08/2025,Clasico
11461,4,6,9,14,23,15/08/2025,Clasico
11462,4,7,10,24,27,15/08/2025,Clasico
11463,7,10,11,12,14,16/08/2025,Clasico
11464,14,18,19,21,23,16/08/2025,Clasico
11465,1,12,13,14,25,17/08/2025,Clasico
11466,8,14,15,16,18,17/08/2025,Clasico
11467,3,6,10,17,28,18/08/2025,Clasico
11468,5,8,20,24,25,18/08/2025,Clasico
11469,3,6,18,20,24,19/08/2025,Clasico
11470,3,6,19,26,28,19/08/2025,Clasico
11471,7,10,11,20,23,20/08/2025,Clasico
11472,4,9,18,20,21,20/08/2025,Clasico
11473,10,13,17,19,20,21/08/2025,Clasico
11474,7,10,13,15,23,21/08/2025,Clasico
11475,8,14,15,19,24,22/08/2025,Clasico
11476,4,10,11,15,21,22/08/2025,Clasico
11477,3,11,22,24,27,23/08/2025,Clasico
11478,4,7,11,15,19,23/08/2025,Clasico
11479,5,12,18,21,26,24/08/2025,Clasico
11480,3,4,14,23,28,24/08/2025,Clasico
11481,7,8,9,15,21,25/08/2025,Clasico
11482,7,16,18,20,28,25/08/2025,Clasico
11483,6,8,16,19,22,26/08/2025,Clasico
11484,5,7,11,16,25,26/08/2025,Clasico
11485,3,4,13,21,28,27/08/2025,Clasico
11486,7,9,11,15,26,27/08/2025,Clasico
11487,3,9,12,15,23,28/08/2025,Clasico
11488,1,6,13,18,24,28/08/2025,Clasico
11489,1,6,8,15,25,29/08/2025,Clasico
11490,5,6,11,26,28,29/08/2025,Clasico
11491,3,10,11,12,19,30/08/2025,Clasico
11492,2,6,8,21,28,30/08/2025,Clasico
11493,9,10,11,19,28,31/08/2025,Clasico
11494,11,12,20,24,25,31/08/2025,Clasico
11495,4,22,24,26,28,01/09/2025,Clasico
11496,4,5,9,10,14,01/09/2025,Clasico
11497,4,8,19,22,27,02/09/2025,Clasico
11498,1,5,6,19,20,02/09/2025,Clasico
11499,3,12,14,16,20,03/09/2025,Clasico
11500,9,10,16,17,25,03/09/2025,Clasico
11501,7,11,19,23,24,04/09/2025,Clasico
11502,9,12,17,21,28,04/09/2025,Clasico
11503,11,13,16,19,26,05/09/2025,Clasico
11504,6,14,20,22,23,05/09/2025,Clasico
11505,2,6,8,25,26,06/09/2025,Clasico
11506,15,16,19,21,25,06/09/2025,Clasico
11507,1,16,19,22,23,07/09/2025,Clasico
11508,9,15,16,23,26,07/09/2025,Clasico
11509,1,3,7,20,21,08/09/2025,Clasico
11510,4,8,12,17,19,08/09/2025,Clasico
11511,19,20,23,24,25,09/09/2025,Clasico
11512,6,8,13,18,19,09/09/2025,Clasico
11513,5,11,12,25,26,10/09/2025,Clasico
11514,1,3,21,22,24,10/09/2025,Clasico
11515,9,19,21,24,25,11/09/2025,Clasico
11516,13,21,22,23,24,11/09/2025,Clasico
11517,2,10,23,24,28,12/09/2025,Clasico
11518,4,5,6,16,23,12/09/2025,Clasico
11519,1,11,12,14,27,13/09/2025,Clasico
11520,3,5,18,21,28,13/09/2025,Clasico
11521,8,11,19,26,28,14/09/2025,Clasico
11522,10,14,17,22,25,14/09/2025,Clasico
11523,2,3,8,18,23,15/09/2025,Clasico
11524,2,19,24,25,27,15/09/2025,Clasico
11525,2,9,17,18,25,16/09/2025,Clasico
11526,10,15,19,23,27,16/09/2025,Clasico
11527,1,10,14,22,28,17/09/2025,Clasico
11528,5,7,14,17,25,17/09/2025,Clasico
11529,10,11,16,18,20,18/09/2025,Clasico
11530,7,13,17,23,24,18/09/2025,Clasico
11531,9,13,15,20,21,19/09/2025,Clasico
11532,4,19,25,27,28,19/09/2025,Clasico
11533,1,19,20,21,28,20/09/2025,Clasico
11534,2,7,13,23,27,20/09/2025,Clasico
11535,7,10,13,14,18,21/09/2025,Clasico
11536,8,11,12,17,26,21/09/2025,Clasico
11537,1,2,15,16,28,22/09/2025,Clasico
11538,3,6,8,16,28,22/09/2025,Clasico
11539,2,7,15,19,27,23/09/2025,Clasico
11540,9,11,17,22,25,23/09/2025,Clasico
11541,8,9,18,21,24,24/09/2025,Clasico
11542,1,5,12,19,28,24/09/2025,Clasico
11543,2,4,14,16,19,25/09/2025,Clasico
11544,1,5,6,16,22,25/09/2025,Clasico
11545,2,3,5,9,10,26/09/2025,Clasico
11546,2,6,11,13,26,26/09/2025,Clasico
11547,5,6,9,23,27,27/09/2025,Clasico
11548,6,10,11,15,20,27/09/2025,Clasico
11549,3,15,20,24,28,28/09/2025,Clasico
11550,5,6,12,15,24,28/09/2025,Clasico
11551,2,4,22,23,25,29/09/2025,Clasico
11552,1,2,11,25,27,29/09/2025,Clasico
11553,4,5,8,16,22,30/09/2025,Clasico
11554,9,14,20,21,23,30/09/2025,Clasico
11555,3,15,19,26,28,01/10/2025,Clasico
11556,11,12,13,22,24,01/10/2025,Clasico
11557,12,15,24,27,28,02/10/2025,Clasico
11558,2,9,14,25,26,02/10/2025,Clasico
11559,1,11,18,21,26,03/10/2025,Clasico
11560,10,11,13,20,25,03/10/2025,Clasico
11561,1,2,13,19,21,04/10/2025,Clasico
11562,4,10,11,12,17,04/10/2025,Clasico
11563,2,13,20,22,27,05/10/2025,Clasico
11564,4,8,15,20,26,05/10/2025,Clasico
11565,9,12,16,24,27,06/10/2025,Clasico
11566,4,6,9,20,24,06/10/2025,Clasico
11567,4,15,17,20,22,07/10/2025,Clasico
11568,5,11,17,21,23,07/10/2025,Clasico
11569,1,2,6,14,16,08/10/2025,Clasico
11570,10,12,19,24,27,08/10/2025,Clasico
11571,2,3,5,13,17,09/10/2025,Clasico
11572,9,12,17,19,26,09/10/2025,Clasico
11573,10,11,22,23,25,10/10/2025,Clasico
11574,2,7,8,20,28,10/10/2025,Clasico
11575,1,14,18,20,23,11/10/2025,Clasico
11576,3,5,17,26,27,11/10/2025,Clasico
11577,2,14,17,20,26,12/10/2025,Clasico
11578,6,10,18,19,24,12/10/2025,Clasico
11579,4,7,13,15,20,13/10/2025,Clasico
11580,4,7,9,18,22,13/10/2025,Clasico
11581,2,4,10,22,27,14/10/2025,Clasico
11582,4,11,12,13,28,14/10/2025,Clasico
11583,1,2,16,22,27,15/10/2025,Clasico
11584,1,7,12,15,16,15/10/2025,Clasico
11585,2,3,19,23,26,16/10/2025,Clasico
11586,2,10,14,17,21,16/10/2025,Clasico
11587,4,11,15,16,28,17/10/2025,Clasico
11588,1,9,11,12,18,17/10/2025,Clasico
11589,6,14,17,20,22,18/10/2025,Clasico
11590,1,14,18,19,25,18/10/2025,Clasico
11591,6,12,15,21,27,19/10/2025,Clasico
11592,17,21,23,24,28,19/10/2025,Clasico
11593,1,10,11,15,27,20/10/2025,Clasico
11594,3,9,10,26,27,20/10/2025,Clasico
11595,2,7,10,11,18,21/10/2025,Clasico
11596,6,10,12,19,22,21/10/2025,Clasico
11597,3,7,9,10,11,22/10/2025,Clasico
11598,1,10,23,26,27,22/10/2025,Clasico
11599,6,11,20,23,24,23/10/2025,Clasico
11600,4,11,17,19,25,23/10/2025,Clasico
11601,13,16,19,20,21,24/10/2025,Clasico
11602,3,6,7,20,27,24/10/2025,Clasico
11603,4,6,16,18,20,25/10/2025,Clasico
11604,2,4,6,8,10,25/10/2025,Clasico
11605,2,20,22,26,27,26/10/2025,Clasico
11606,7,8,11,16,22,26/10/2025,Clasico
11607,5,17,18,19,28,27/10/2025,Clasico
11608,3,5,6,15,26,27/10/2025,Clasico
11609,9,11,17,19,24,28/10/2025,Clasico
11610,1,2,11,26,28,28/10/2025,Clasico
11611,4,6,15,27,28,29/10/2025,Clasico
11612,2,13,15,25,27,29/10/2025,Clasico
11613,4,8,12,14,18,30/10/2025,Clasico
11614,1,8,12,24,28,30/10/2025,Clasico
11615,1,7,8,23,26,31/10/2025,Clasico
11616,3,18,23,25,26,31/10/2025,Clasico
11617,4,6,11,24,26,01/11/2025,Clasico
11618,1,9,11,15,16,01/11/2025,Clasico
11619,6,12,16,20,28,02/11/2025,Clasico
11620,2,11,18,19,27,02/11/2025,Clasico
11621,3,5,7,13,19,03/11/2025,Clasico
11622,2,6,9,10,18,03/11/2025,Clasico
11623,1,14,15,20,28,04/11/2025,Clasico
11624,4,5,7,11,25,04/11/2025,Clasico
11625,12,19,21,26,27,05/11/2025,Clasico
11626,7,11,20,21,27,05/11/2025,Clasico
11627,2,5,11,19,24,06/11/2025,Clasico
11628,1,9,20,21,27,06/11/2025,Clasico
11629,3,6,15,16,22,07/11/2025,Clasico
11630,1,17,18,19,21,07/11/2025,Clasico
11631,2,14,19,20,26,08/11/2025,Clasico
11632,11,14,18,21,24,08/11/2025,Clasico
11633,2,4,11,23,27,09/11/2025,Clasico
11634,3,8,19,24,25,09/11/2025,Clasico
11635,11,16,18,26,27,10/11/2025,Clasico
11636,2,6,8,10,20,10/11/2025,Clasico
11637,2,5,10,13,20,11/11/2025,Clasico
11638,5,15,21,22,26,11/11/2025,Clasico
11639,9,11,16,21,26,12/11/2025,Clasico
11640,3,6,19,23,25,12/11/2025,Clasico
11641,10,13,17,18,27,13/11/2025,Clasico
11642,2,8,10,24,25,13/11/2025,Clasico
11643,1,10,11,26,28,14/11/2025,Clasico
11644,2,11,20,21,26,14/11/2025,Clasico
11645,8,14,18,21,28,15/11/2025,Clasico
11646,4,12,14,21,28,15/11/2025,Clasico
11647,6,16,18,21,27,16/11/2025,Clasico
11648,9,13,14,15,28,16/11/2025,Clasico
11649,4,11,15,17,27,17/11/2025,Clasico
11650,3,5,14,22,24,17/11/2025,Clasico
11651,2,6,13,15,24,18/11/2025,Clasico
11652,5,8,11,20,24,18/11/2025,Clasico
11653,3,5,13,15,24,19/11/2025,Clasico
11654,6,15,18,22,24,19/11/2025,Clasico
11655,1,7,10,15,21,20/11/2025,Clasico
11656,9,11,21,22,28,20/11/2025,Clasico
11657,2,3,8,12,26,21/11/2025,Clasico
11658,1,3,13,19,21,21/11/2025,Clasico
11659,7,12,14,15,24,22/11/2025,Clasico
11660,1,4,5,6,15,22/11/2025,Clasico
11661,1,4,7,13,26,23/11/2025,Clasico
11662,5,10,13,14,28,23/11/2025,Clasico
11663,3,6,16,22,26,24/11/2025,Clasico
11664,4,6,8,11,15,24/11/2025,Clasico
11665,3,4,6,9,22,25/11/2025,Clasico
11666,9,15,18,21,22,25/11/2025,Clasico
11667,15,23,24,26,28,26/11/2025,Clasico
11668,4,13,22,26,27,26/11/2025,Clasico
11669,1,10,19,21,26,27/11/2025,Clasico
11670,4,9,13,15,18,27/11/2025,Clasico
11671,2,8,19,21,25,28/11/2025,Clasico
11672,2,3,10,14,20,28/11/2025,Clasico
11673,2,9,10,14,23,29/11/2025,Clasico
11674,15,16,22,24,28,29/11/2025,Clasico
11675,7,12,13,17,24,30/11/2025,Clasico
11676,11,16,17,22,24,30/11/2025,Clasico
11677,2,3,10,20,23,01/12/2025,Clasico
11678,3,7,13,16,20,01/12/2025,Clasico
11679,10,11,14,18,25,02/12/2025,Clasico
11680,9,16,18,25,27,02/12/2025,Clasico
11681,4,6,17,20,23,03/12/2025,Clasico
11682,15,18,23,26,28,03/12/2025,Clasico
11683,6,8,11,23,26,04/12/2025,Clasico
11684,3,9,12,13,22,04/12/2025,Clasico
11685,14,16,20,22,27,05/12/2025,Clasico
11686,8,23,26,27,28,05/12/2025,Clasico
11687,2,21,23,26,28,06/12/2025,Clasico
11688,12,14,21,22,27,06/12/2025,Clasico
11689,2,6,10,12,13,07/12/2025,Clasico
11690,10,17,18,19,26,07/12/2025,Clasico
11691,3,4,15,18,28,08/12/2025,Clasico
11692,6,13,19,24,28,08/12/2025,Clasico
11693,2,6,7,21,27,09/12/2025,Clasico
11694,1,3,4,18,19,09/12/2025,Clasico
11695,4,6,17,21,24,10/12/2025,Clasico
11696,4,11,13,16,17,10/12/2025,Clasico
11697,5,13,21,26,27,11/12/2025,Clasico
11698,10,16,19,23,25,11/12/2025,Clasico
11699,1,7,8,17,22,12/12/2025,Clasico
11700,1,6,7,12,23,12/12/2025,Clasico
11701,6,15,19,20,28,13/12/2025,Clasico
11702,1,9,12,22,24,13/12/2025,Clasico
11703,2,6,11,18,24,14/12/2025,Clasico
11704,10,17,22,24,26,14/12/2025,Clasico
11705,1,3,8,15,28,15/12/2025,Clasico
11706,6,13,19,23,26,15/12/2025,Clasico
11707,1,3,20,21,25,16/12/2025,Clasico
11708,1,12,15,18,28,16/12/2025,Clasico
11709,5,8,9,12,22,17/12/2025,Clasico
11710,5,7,13,20,24,17/12/2025,Clasico
11711,9,11,19,24,27,18/12/2025,Clasico
11712,6,8,14,16,20,18/12/2025,Clasico
11713,4,8,17,18,23,19/12/2025,Clasico
11714,13,15,21,25,28,19/12/2025,Clasico
11715,11,12,17,21,24,20/12/2025,Clasico
11716,7,11,18,20,28,20/12/2025,Clasico
11717,4,6,13,18,21,21/12/2025,Clasico
11718,5,8,11,17,18,21/12/2025,Clasico
11719,5,8,20,22,26,22/12/2025,Clasico
11720,5,10,23,25,28,22/12/2025,Clasico
11721,5,11,12,15,19,23/12/2025,Clasico
11722,4,5,7,23,28,23/12/2025,Clasico
11723,5,14,15,16,23,24/12/2025,Clasico
11724,5,10,12,13,28,24/12/2025,Clasico
11725,10,16,17,22,25,25/12/2025,Clasico
11726,4,8,14,21,25,25/12/2025,Clasico
11727,7,11,16,17,19,26/12/2025,Clasico
11728,9,14,16,23,24,26/12/2025,Clasico
11729,11,18,19,21,22,27/12/2025,Clasico
11730,7,9,13,18,22,27/12/2025,Clasico
11731,3,7,16,25,28,28/12/2025,Clasico
11732,1,5,13,20,23,28/12/2025,Clasico
11733,5,6,11,16,20,29/12/2025,Clasico
11734,1,7,9,22,25,29/12/2025,Clasico
11735,13,17,23,25,26,30/12/2025,Clasico
11736,1,3,12,18,27,30/12/2025,Clasico
11737,5,7,8,9,14,31/12/2025,Clasico
11738,1,7,13,15,23,31/12/2025,Clasico
11739,2,6,14,20,22,01/01/2026,Clasico
11740,5,11,17,23,24,01/01/2026,Clasico
11741,2,10,11,15,17,02/01/2026,Clasico
11742,3,7,10,17,20,02/01/2026,Clasico
11743,6,7,16,21,28,03/01/2026,Clasico
11744,7,14,18,24,26,03/01/2026,Clasico
11745,16,17,20,25,26,04/01/2026,Clasico
11746,9,11,13,22,28,04/01/2026,Clasico
11747,3,5,15,21,25,05/01/2026,Clasico
11748,2,4,12,24,28,05/01/2026,Clasico
11749,2,5,6,16,19,06/01/2026,Clasico
11750,5,10,13,16,21,06/01/2026,Clasico
11751,3,14,21,22,24,07/01/2026,Clasico
11752,1,8,16,21,23,07/01/2026,Clasico
11753,2,5,7,11,26,08/01/2026,Clasico
11754,2,14,16,18,19,08/01/2026,Clasico
11755,4,5,6,14,28,09/01/2026,Clasico
11756,11,12,14,18,19,09/01/2026,Clasico
11757,6,7,8,22,28,10/01/2026,Clasico
11758,1,5,6,9,13,10/01/2026,Clasico
11759,5,10,22,24,27,11/01/2026,Clasico
11760,7,11,15,23,27,11/01/2026,Clasico
11761,7,8,10,20,27,12/01/2026,Clasico
11762,11,14,16,19,23,12/01/2026,Clasico
11763,1,9,12,18,26,13/01/2026,Clasico
11764,4,10,17,21,27,13/01/2026,Clasico
11765,3,8,21,22,26,14/01/2026,Clasico
11766,4,7,14,19,24,14/01/2026,Clasico
11767,10,19,24,26,27,15/01/2026,Clasico
11768,9,16,19,23,26,15/01/2026,Clasico
11769,3,10,12,16,25,16/01/2026,Clasico
11770,1,9,14,15,22,16/01/2026,Clasico
11771,6,17,19,22,27,17/01/2026,Clasico
11772,5,8,13,16,19,17/01/2026,Clasico
11773,6,8,10,11,16,18/01/2026,Clasico
11774,2,4,10,17,20,18/01/2026,Clasico
11775,4,5,6,9,13,19/01/2026,Clasico
11776,6,14,21,23,25,19/01/2026,Clasico
11777,7,19,20,22,23,20/01/2026,Clasico
11778,4,9,12,17,18,20/01/2026,Clasico
11779,10,13,15,19,28,21/01/2026,Clasico
11780,1,2,14,15,18,21/01/2026,Clasico
11781,11,16,23,24,27,22/01/2026,Clasico
11782,2,5,10,18,19,22/01/2026,Clasico
11783,3,6,8,16,24,23/01/2026,Clasico
11784,10,14,17,19,25,23/01/2026,Clasico
11785,1,2,6,7,23,24/01/2026,Clasico
11786,5,12,14,17,25,24/01/2026,Clasico
11787,7,14,20,24,28,25/01/2026,Clasico
11788,3,8,15,21,22,25/01/2026,Clasico
11789,9,13,14,15,24,26/01/2026,Clasico
11790,6,7,10,16,17,26/01/2026,Clasico
11791,5,8,9,11,17,27/01/2026,Clasico
11792,2,3,23,26,28,27/01/2026,Clasico
11793,5,8,12,17,24,28/01/2026,Clasico
11794,3,9,23,25,28,28/01/2026,Clasico
11795,8,9,16,25,28,29/01/2026,Clasico
11796,3,4,14,24,26,29/01/2026,Clasico
11797,3,5,11,18,23,30/01/2026,Clasico
11798,1,2,11,23,24,30/01/2026,Clasico
11799,9,11,17,21,27,31/01/2026,Clasico
11800,2,16,20,22,23,31/01/2026,Clasico
11801,5,14,19,22,27,01/02/2026,Clasico
11802,1,2,6,12,16,01/02/2026,Clasico
11803,12,16,19,22,26,02/02/2026,Clasico
11804,3,10,16,26,27,02/02/2026,Clasico
11805,8,11,17,19,26,03/02/2026,Clasico
11806,7,10,14,20,28,03/02/2026,Clasico
11807,9,18,21,24,26,04/02/2026,Clasico
11808,5,14,21,22,24,04/02/2026,Clasico
11809,5,10,12,17,22,05/02/2026,Clasico
11810,4,14,16,18,22,05/02/2026,Clasico
11811,4,5,11,15,24,06/02/2026,Clasico
11812,3,4,5,13,26,06/02/2026,Clasico
11813,3,6,11,17,22,07/02/2026,Clasico
11814,8,10,12,17,24,07/02/2026,Clasico
11815,2,4,5,14,27,08/02/2026,Clasico
11816,10,11,22,25,26,08/02/2026,Clasico
11817,14,20,21,25,28,09/02/2026,Clasico
11818,7,8,20,24,28,09/02/2026,Clasico
11819,3,5,14,15,22,10/02/2026,Clasico
11820,1,15,17,24,27,10/02/2026,Clasico
11821,8,11,16,17,19,11/02/2026,Clasico
11822,4,5,20,25,27,11/02/2026,Clasico
11823,3,11,18,25,26,12/02/2026,Clasico
11824,1,2,6,16,21,12/02/2026,Clasico
11825,3,9,10,17,18,13/02/2026,Clasico
11826,7,8,22,24,25,13/02/2026,Clasico
11827,3,10,13,16,17,14/02/2026,Clasico
11828,3,6,10,11,19,14/02/2026,Clasico
11829,2,17,20,22,26,15/02/2026,Clasico
11830,3,5,6,12,20,15/02/2026,Clasico
11831,14,16,20,21,27,16/02/2026,Clasico
11832,3,5,9,10,28,16/02/2026,Clasico
11833,3,7,16,17,18,17/02/2026,Clasico
11834,7,9,12,15,18,17/02/2026,Clasico
11835,1,2,14,24,26,18/02/2026,Clasico
11836,8,9,18,22,25,18/02/2026,Clasico
11837,2,4,7,10,14,19/02/2026,Clasico
11838,3,14,16,21,22,19/02/2026,Clasico
11839,12,14,18,19,20,20/02/2026,Clasico
11840,3,6,16,17,20,20/02/2026,Clasico
11841,2,5,17,26,27,21/02/2026,Clasico
11842,3,10,14,22,23,21/02/2026,Clasico
11843,4,6,9,17,21,22/02/2026,Clasico
11844,6,13,23,24,25,22/02/2026,Clasico
11845,5,14,18,24,25,23/02/2026,Clasico
11846,9,12,18,21,23,23/02/2026,Clasico
11847,4,6,18,25,26,24/02/2026,Clasico
11848,12,15,17,18,26,24/02/2026,Clasico
11849,3,6,16,26,28,25/02/2026,Clasico
11850,1,5,11,20,24,25/02/2026,Clasico
11851,7,8,10,12,18,26/02/2026,Clasico
11852,4,8,17,27,28,26/02/2026,Clasico
11853,3,7,10,15,24,27/02/2026,Clasico
11854,1,5,8,19,23,27/02/2026,Clasico
11855,3,14,17,23,24,28/02/2026,Clasico
11856,1,4,8,13,24,28/02/2026,Clasico
11857,1,3,10,15,22,01/03/2026,Clasico
11858,12,13,17,21,22,01/03/2026,Clasico
11859,6,10,11,14,22,02/03/2026,Clasico
11860,1,4,13,23,27,02/03/2026,Clasico
11861,9,10,13,17,18,03/03/2026,Clasico
11862,6,7,8,22,24,03/03/2026,Clasico
11863,11,13,16,21,28,04/03/2026,Clasico
11864,1,9,10,13,19,04/03/2026,Clasico
11865,1,8,9,20,28,05/03/2026,Clasico
11866,1,3,11,16,17,05/03/2026,Clasico
11867,1,4,9,18,27,06/03/2026,Clasico
11868,8,9,10,13,24,06/03/2026,Clasico
11869,1,4,13,14,28,07/03/2026,Clasico
11870,11,17,18,22,26,07/03/2026,Clasico
11871,3,4,9,22,24,08/03/2026,Clasico
11872,2,5,12,22,26,08/03/2026,Clasico
11873,1,8,11,22,26,09/03/2026,Clasico
11874,7,13,15,20,22,09/03/2026,Clasico
11875,8,16,19,21,27,10/03/2026,Clasico
11876,7,13,15,19,21,10/03/2026,Clasico
11877,5,6,10,16,21,11/03/2026,Clasico
11878,2,4,6,17,21,11/03/2026,Clasico
11879,2,8,12,18,19,12/03/2026,Clasico
11880,3,7,25,26,28,12/03/2026,Clasico
11881,1,12,18,22,27,13/03/2026,Clasico
11882,13,18,20,23,28,13/03/2026,Clasico
11883,5,12,14,17,21,14/03/2026,Clasico
11884,1,4,12,19,20,14/03/2026,Clasico
11885,4,6,7,14,21,15/03/2026,Clasico
11886,7,16,19,24,28,15/03/2026,Clasico
11887,2,20,22,24,28,16/03/2026,Clasico
11888,3,5,18,19,24,16/03/2026,Clasico
11889,12,13,16,19,28,17/03/2026,Clasico
11890,2,13,24,26,28,17/03/2026,Clasico
11891,3,6,20,22,27,18/03/2026,Clasico
11892,5,6,8,22,26,18/03/2026,Clasico
11893,18,19,21,23,24,19/03/2026,Clasico
11894,2,3,8,19,23,19/03/2026,Clasico
11895,1,11,18,20,28,20/03/2026,Clasico
11896,3,4,17,22,27,20/03/2026,Clasico
11897,4,5,7,27,28,21/03/2026,Clasico
11898,3,8,13,15,26,21/03/2026,Clasico
11899,3,4,11,19,24,22/03/2026,Clasico
11900,2,13,18,19,28,22/03/2026,Clasico
11901,1,8,19,20,27,23/03/2026,Clasico
11902,2,11,17,24,25,23/03/2026,Clasico
11903,8,12,17,21,27,24/03/2026,Clasico
11904,6,15,17,20,24,24/03/2026,Clasico
11905,2,15,19,22,23,25/03/2026,Clasico
11906,1,5,11,17,25,25/03/2026,Clasico
11907,5,7,13,23,27,26/03/2026,Clasico
11908,5,7,12,25,26,26/03/2026,Clasico
11909,6,12,19,24,27,27/03/2026,Clasico
11910,2,4,6,14,24,27/03/2026,Clasico
11911,1,9,15,16,26,28/03/2026,Clasico
11912,8,9,10,18,19,28/03/2026,Clasico
11913,1,5,13,16,24,29/03/2026,Clasico
11914,4,11,12,15,23,29/03/2026,Clasico
11915,1,6,21,25,28,30/03/2026,Clasico
11916,13,14,16,17,26,30/03/2026,Clasico
11917,10,14,15,24,26,31/03/2026,Clasico
11918,5,6,8,12,23,31/03/2026,Clasico
11919,2,6,18,23,25,01/04/2026,Clasico
11920,6,15,16,27,28,01/04/2026,Clasico
11921,7,10,12,15,20,02/04/2026,Clasico
11922,12,14,17,19,26,02/04/2026,Clasico
11923,11,13,19,25,27,03/04/2026,Clasico
11924,4,13,18,21,22,03/04/2026,Clasico
11925,1,4,5,8,28,04/04/2026,Clasico
11926,12,13,20,24,26,04/04/2026,Clasico
11927,13,17,21,22,28,05/04/2026,Clasico
11928,3,5,6,10,23,05/04/2026,Clasico
11929,5,8,13,24,28,06/04/2026,Clasico
11930,13,14,22,23,27,06/04/2026,Clasico
11931,4,8,19,25,26,07/04/2026,Clasico
11932,4,7,8,10,27,07/04/2026,Clasico
11933,3,6,9,15,19,08/04/2026,Clasico
11934,1,10,13,16,17,08/04/2026,Clasico
11935,6,12,18,23,26,09/04/2026,Clasico
11936,3,6,20,23,25,09/04/2026,Clasico
11937,8,9,11,27,28,10/04/2026,Clasico
11938,13,16,26,27,28,10/04/2026,Clasico
11939,3,8,16,17,27,11/04/2026,Clasico
11940,1,3,4,5,23,11/04/2026,Clasico
11941,3,7,8,18,24,12/04/2026,Clasico
11942,13,17,24,25,28,12/04/2026,Clasico
11943,2,6,10,15,19,13/04/2026,Clasico
11944,8,9,16,17,19,13/04/2026,Clasico
11945,1,13,16,17,26,14/04/2026,Clasico
11946,5,7,13,20,23,14/04/2026,Clasico
11947,3,4,14,21,25,15/04/2026,Clasico
11948,10,17,18,19,25,15/04/2026,Clasico
11949,3,6,7,11,22,16/04/2026,Clasico
11950,2,3,7,12,28,16/04/2026,Clasico
11951,1,13,15,17,18,17/04/2026,Clasico
11952,1,3,8,17,27,17/04/2026,Clasico
11953,7,15,17,23,27,18/04/2026,Clasico
11954,1,2,4,7,14,18/04/2026,Clasico
11955,3,8,12,19,23,19/04/2026,Clasico
11956,3,8,25,27,28,19/04/2026,Clasico
11957,2,3,6,8,22,20/04/2026,Clasico
11958,3,4,14,22,26,20/04/2026,Clasico
11959,14,15,17,24,28,21/04/2026,Clasico
11960,9,18,23,24,28,21/04/2026,Clasico
11961,3,5,8,9,22,22/04/2026,Clasico
11962,11,14,21,22,25,22/04/2026,Clasico
11963,5,10,20,21,22,23/04/2026,Clasico
11964,11,15,16,19,21,23/04/2026,Clasico
11965,6,9,10,19,20,24/04/2026,Clasico
11966,4,6,11,16,20,24/04/2026,Clasico
11967,2,5,8,14,18,25/04/2026,Clasico
11968,11,16,17,21,23,25/04/2026,Clasico
11969,4,5,14,16,19,26/04/2026,Clasico
11970,4,5,17,21,24,26/04/2026,Clasico
11971,3,4,8,21,25,27/04/2026,Clasico
11972,4,6,11,22,25,27/04/2026,Clasico
11973,1,14,17,22,28,28/04/2026,Clasico
11974,3,5,9,10,14,28/04/2026,Clasico
11975,4,8,10,12,23,29/04/2026,Clasico
11976,2,12,16,21,26,29/04/2026,Clasico
11977,2,9,10,24,27,30/04/2026,Clasico
11978,9,15,22,24,25,30/04/2026,Clasico
11979,11,14,17,20,28,01/05/2026,Clasico
11980,4,6,8,21,27,01/05/2026,Clasico
11981,2,8,9,17,22,02/05/2026,Clasico
11982,3,11,14,23,24,02/05/2026,Clasico
11983,3,4,7,13,18,03/05/2026,Clasico
11984,3,5,15,16,23,03/05/2026,Clasico
11985,5,10,15,21,27,04/05/2026,Clasico
11986,3,6,11,14,28,04/05/2026,Clasico
11987,2,9,10,16,24,05/05/2026,Clasico
11988,4,5,8,14,18,05/05/2026,Clasico
11989,2,6,8,18,19,06/05/2026,Clasico
11990,6,13,21,24,28,06/05/2026,Clasico
11991,13,14,19,22,24,07/05/2026,Clasico
11992,5,9,10,15,23,07/05/2026,Clasico
11993,3,15,16,23,24,08/05/2026,Clasico
11994,10,22,25,26,27,08/05/2026,Clasico
11995,3,6,10,14,22,09/05/2026,Clasico
11996,11,17,18,26,27,09/05/2026,Clasico
11997,5,12,20,22,24,10/05/2026,Clasico
11998,3,7,13,19,25,10/05/2026,Clasico
11999,4,13,15,22,27,11/05/2026,Clasico
12000,5,11,16,21,25,11/05/2026,Clasico
12001,4,7,10,12,23,12/05/2026,Clasico
12002,7,9,16,19,21,12/05/2026,Clasico
12003,1,4,7,22,28,13/05/2026,Clasico
12004,2,8,19,24,26,13/05/2026,Clasico
12005,6,8,14,20,23,14/05/2026,Clasico
12006,8,12,13,21,24,14/05/2026,Clasico
12007,8,12,16,21,27,15/05/2026,Clasico
12008,2,4,9,16,18,15/05/2026,Clasico
12009,8,11,13,17,21,16/05/2026,Clasico
12010,1,6,16,20,22,16/05/2026,Clasico
12011,1,10,11,16,23,17/05/2026,Clasico
12012,2,13,16,17,28,17/05/2026,Clasico
12013,8,9,15,21,26,18/05/2026,Clasico
12014,6,12,15,26,27,18/05/2026,Clasico
12015,12,14,17,23,28,19/05/2026,Clasico
12016,2,4,7,9,24,19/05/2026,Clasico
12017,6,13,16,18,20,20/05/2026,Clasico
12018,1,7,18,20,27,20/05/2026,Clasico
12019,6,14,20,21,28,21/05/2026,Clasico
12020,6,11,26,27,28,21/05/2026,Clasico
12021,3,7,22,24,28,22/05/2026,Clasico
12022,14,17,19,23,28,22/05/2026,Clasico
12023,1,3,7,16,27,23/05/2026,Clasico
12024,2,5,7,20,23,23/05/2026,Clasico
12025,14,15,16,20,26,24/05/2026,Clasico
12026,10,12,14,16,23,24/05/2026,Clasico
12027,6,10,12,13,28,25/05/2026,Clasico
12028,9,13,19,21,27,25/05/2026,Clasico
12029,10,16,20,24,26,26/05/2026,Clasico
12030,11,14,15,19,24,26/05/2026,Clasico
12031,3,6,8,22,25,27/05/2026,Clasico
12032,7,8,12,21,23,27/05/2026,Clasico
12033,4,9,20,21,28,28/05/2026,Clasico
12034,4,8,15,18,28,28/05/2026,Clasico
12035,1,3,11,14,22,29/05/2026,Clasico
12036,1,8,10,16,26,29/05/2026,Clasico
12037,5,11,15,20,24,30/05/2026,Clasico
12038,7,11,14,16,27,30/05/2026,Clasico
12039,1,3,8,18,21,31/05/2026,Clasico
12040,9,12,15,17,20,31/05/2026,Clasico
12041,12,16,18,22,25,01/06/2026,Clasico
12042,1,4,15,20,27,01/06/2026,Clasico
12043,5,13,16,19,27,02/06/2026,Clasico
12044,8,13,20,25,28,02/06/2026,Clasico
12045,8,11,18,19,28,03/06/2026,Clasico
12046,13,18,22,25,26,03/06/2026,Clasico
12047,6,11,12,21,23,04/06/2026,Clasico
12048,9,13,16,23,25,04/06/2026,Clasico
12049,4,9,14,24,27,05/06/2026,Clasico
12050,2,3,8,14,24,05/06/2026,Clasico
12051,1,5,9,15,28,06/06/2026,Clasico
12052,3,5,18,20,24,06/06/2026,Clasico
12053,4,5,13,20,25,07/06/2026,Clasico
12054,1,4,15,22,25,07/06/2026,Clasico
12055,2,9,19,23,28,08/06/2026,Clasico
12056,10,13,22,23,26,08/06/2026,Clasico
12057,4,10,13,14,28,09/06/2026,Clasico
12058,3,7,19,20,23,09/06/2026,Clasico
12059,7,16,21,24,27,10/06/2026,Clasico
12060,10,11,14,18,21,10/06/2026,Clasico
12061,6,15,22,27,28,11/06/2026,Clasico
12062,7,11,13,22,23,11/06/2026,Clasico
12063,6,7,9,11,15,12/06/2026,Clasico
12064,21,24,25,26,28,12/06/2026,Clasico
12065,14,15,18,19,27,13/06/2026,Clasico
12066,11,16,23,26,28,13/06/2026,Clasico
12067,1,10,11,12,16,14/06/2026,Clasico
12068,8,15,16,21,22,14/06/2026,Clasico
12069,3,9,14,17,26,15/06/2026,Clasico
12070,6,8,10,11,22,15/06/2026,Clasico
12071,4,18,23,25,28,16/06/2026,Clasico
12072,2,8,17,22,27,16/06/2026,Clasico
12073,6,7,14,17,23,17/06/2026,Clasico
12074,3,5,9,15,24,17/06/2026,Clasico
12075,5,7,15,20,25,18/06/2026,Clasico
12076,4,7,12,15,26,18/06/2026,Clasico
12077,3,11,14,20,22,19/06/2026,Clasico
12078,1,2,13,24,28,19/06/2026,Clasico
12079,6,15,17,23,26,20/06/2026,Clasico
12080,2,6,17,18,21,20/06/2026,Clasico
12081,6,7,11,19,24,21/06/2026,Clasico
12082,1,10,12,18,21,21/06/2026,Clasico
12083,9,10,14,17,26,22/06/2026,Clasico
12084,5,14,17,19,22,22/06/2026,Clasico
12085,10,12,14,16,22,23/06/2026,Clasico
12086,1,3,5,6,7,23/06/2026,Clasico
12087,9,14,19,20,21,24/06/2026,Clasico
12088,3,9,13,14,27,24/06/2026,Clasico
12089,4,5,10,23,26,25/06/2026,Clasico
12090,9,15,21,24,25,25/06/2026,Clasico
12091,2,5,12,18,21,26/06/2026,Clasico
12092,3,13,17,21,27,26/06/2026,Clasico
12093,2,12,16,21,28,27/06/2026,Clasico
12094,4,6,12,17,18,27/06/2026,Clasico
12095,1,8,10,17,23,28/06/2026,Clasico
12096,3,8,9,18,23,28/06/2026,Clasico
12097,1,3,6,14,24,29/06/2026,Clasico
12098,2,5,6,10,17,29/06/2026,Clasico
12099,15,20,24,26,27,30/06/2026,Clasico
12100,11,15,18,26,28,30/06/2026,Clasico
12101,2,4,12,13,27,01/07/2026,Clasico
12102,1,2,10,11,17,01/07/2026,Clasico
12103,10,16,24,26,28,02/07/2026,Clasico
12104,2,11,12,17,23,02/07/2026,Clasico
12105,4,5,23,24,25,03/07/2026,Clasico
12106,6,10,15,16,22,03/07/2026,Clasico
12107,1,4,10,17,23,04/07/2026,Clasico
12108,12,14,17,19,25,04/07/2026,Clasico
12109,1,3,13,17,20,05/07/2026,Clasico
12110,1,4,8,9,13,05/07/2026,Clasico
12111,6,7,11,17,28,06/07/2026,Clasico
12112,9,12,20,22,27,06/07/2026,Clasico
12113,4,18,19,24,27,07/07/2026,Clasico
12114,5,8,13,14,22,07/07/2026,Clasico
12115,3,13,19,24,27,08/07/2026,Clasico
12116,3,8,20,24,28,08/07/2026,Clasico
12117,12,16,17,19,21,09/07/2026,Clasico
12118,2,13,21,23,24,09/07/2026,Clasico
12119,6,14,21,23,26,10/07/2026,Clasico
12120,3,12,14,23,26,10/07/2026,Clasico
12121,5,9,10,19,27,11/07/2026,Clasico
12122,4,13,15,21,23,11/07/2026,Clasico
12123,2,15,22,25,28,12/07/2026,Clasico
12124,1,4,12,16,19,12/07/2026,Clasico
12125,2,8,14,22,23,13/07/2026,Clasico
12126,1,5,9,16,26,13/07/2026,Clasico
12127,13,14,17,20,26,14/07/2026,Clasico
12128,3,4,7,18,26,14/07/2026,Clasico
12129,10,13,14,15,16,15/07/2026,Clasico
12130,3,7,22,27,28,15/07/2026,Clasico
12131,1,10,21,25,26,16/07/2026,Clasico
12132,4,12,13,18,24,16/07/2026,Clasico
12133,4,8,14,19,23,17/07/2026,Clasico
12134,8,15,18,19,20,17/07/2026,Clasico
12135,4,7,10,20,26,18/07/2026,Clasico
12136,1,2,6,23,24,18/07/2026,Clasico
12137,4,7,9,13,25,19/07/2026,Clasico
12138,8,10,15,23,26,19/07/2026,Clasico
12139,1,8,9,10,26,20/07/2026,Clasico
12140,2,4,11,16,27,20/07/2026,Clasico
12141,6,15,17,19,23,21/07/2026,Clasico
12142,5,8,15,17,23,21/07/2026,Clasico
12143,1,9,13,20,28,22/07/2026,Clasico
12144,5,8,23,25,27,22/07/2026,Clasico
12145,2,3,14,24,27,23/07/2026,Clasico
12146,14,15,16,18,27,23/07/2026,Clasico
12147,2,5,22,23,27,24/07/2026,Clasico
12148,6,9,11,17,24,24/07/2026,Clasico
12149,6,7,14,21,28,25/07/2026,Clasico
12150,1,12,17,22,24,25/07/2026,Clasico
12151,14,16,20,22,25,26/07/2026,Clasico
12152,11,20,22,23,24,26/07/2026,Clasico
12153,2,6,9,13,14,27/07/2026,Clasico
12154,6,15,20,23,26,27/07/2026,Clasico
12155,1,17,18,21,28,28/07/2026,Clasico
12156,9,15,20,21,27,28/07/2026,Clasico
12157,2,11,13,16,26,29/07/2026,Clasico
12158,5,6,20,22,25,29/07/2026,Clasico
12159,5,9,10,11,24,30/07/2026,Clasico
12160,3,10,24,26,27,30/07/2026,Clasico
12161,9,18,19,26,27,31/07/2026,Clasico
12162,10,14,17,20,24,31/07/2026,Clasico
12163,3,6,14,15,18,01/08/2026,Clasico
12164,2,5,6,17,23,01/08/2026,Clasico
12165,14,15,16,23,28,02/08/2026,Clasico
12166,2,6,19,22,24,02/08/2026,Clasico
12167,5,11,18,22,27,03/08/2026,Clasico
12168,2,10,15,18,21,03/08/2026,Clasico
12169,6,14,17,22,27,04/08/2026,Clasico
12170,3,11,17,22,25,04/08/2026,Clasico
12171,4,5,7,15,18,05/08/2026,Clasico
12172,9,18,20,24,27,05/08/2026,Clasico
12173,3,7,19,20,24,06/08/2026,Clasico
12174,1,11,18,20,23,06/08/2026,Clasico
12175,5,10,17,18,21,07/08/2026,Clasico
12176,3,4,5,19,27,07/08/2026,Clasico
12177,4,16,20,22,26,08/08/2026,Clasico
12178,11,12,15,16,25,08/08/2026,Clasico
12179,2,15,20,23,28,09/08/2026,Clasico
12180,1,15,19,22,28,09/08/2026,Clasico
12181,2,11,13,24,27,10/08/2026,Clasico
12182,5,9,14,16,22,10/08/2026,Clasico
12183,3,10,22,26,27,11/08/2026,Clasico
12184,8,11,13,14,15,11/08/2026,Clasico
12185,3,13,17,18,25,12/08/2026,Clasico
12186,8,12,20,21,25,12/08/2026,Clasico
12187,13,14,15,23,25,13/08/2026,Clasico
12188,3,9,16,19,20,13/08/2026,Clasico
12189,7,11,13,14,15,14/08/2026,Clasico
12190,13,15,16,17,26,14/08/2026,Clasico
12191,2,15,19,22,23,15/08/2026,Clasico
12192,13,16,17,19,22,15/08/2026,Clasico
12193,13,15,16,20,25,16/08/2026,Clasico
12194,1,3,5,8,13,16/08/2026,Clasico
12195,5,8,22,26,27,17/08/2026,Clasico
12196,3,8,19,22,24,17/08/2026,Clasico
12197,7,22,23,24,28,18/08/2026,Clasico
12198,12,16,17,23,24,18/08/2026,Clasico
12199,1,6,7,15,22,19/08/2026,Clasico
12200,6,9,11,18,20,19/08/2026,Clasico
12201,5,14,15,17,25,20/08/2026,Clasico
12202,1,7,12,15,21,20/08/2026,Clasico
12203,2,5,17,23,25,21/08/2026,Clasico
12204,5,7,9,15,23,21/08/2026,Clasico
12205,5,7,12,15,21,22/08/2026,Clasico
12206,2,13,16,20,28,22/08/2026,Clasico
12207,3,5,10,18,24,23/08/2026,Clasico
12208,1,8,11,20,22,23/08/2026,Clasico
12209,9,12,15,17,25,24/08/2026,Clasico
12210,2,3,7,12,14,24/08/2026,Clasico
12211,3,4,7,8,23,25/08/2026,Clasico
12212,3,20,24,26,27,25/08/2026,Clasico
12213,7,8,18,25,26,26/08/2026,Clasico
12214,1,3,5,18,20,26/08/2026,Clasico
12215,2,10,17,19,22,27/08/2026,Clasico
12216,10,14,20,23,24,27/08/2026,Clasico
12217,1,5,16,19,21,28/08/2026,Clasico
12218,3,4,10,25,26,28/08/2026,Clasico
12219,7,10,14,21,28,29/08/2026,Clasico
12220,3,5,10,19,22,29/08/2026,Clasico
12221,9,12,23,26,28,30/08/2026,Clasico
12222,4,14,15,21,23,30/08/2026,Clasico
12223,1,2,5,7,16,31/08/2026,Clasico
12224,1,4,5,12,16,31/08/2026,Clasico
12225,11,14,18,23,25,01/09/2026,Clasico
12226,1,3,15,17,28,01/09/2026,Clasico
12227,7,10,12,26,27,02/09/2026,Clasico
12228,2,8,10,14,23,02/09/2026,Clasico
12229,6,7,12,22,26,03/09/2026,Clasico
12230,4,6,13,21,27,03/09/2026,Clasico
12231,4,9,11,15,24,04/09/2026,Clasico
12232,1,3,7,13,26,04/09/2026,Clasico
12233,5,6,10,16,22,05/09/2026,Clasico
12234,3,11,13,21,28,05/09/2026,Clasico
12235,5,7,8,10,15,06/09/2026,Clasico
12236,3,5,8,14,24,06/09/2026,Clasico
12237,3,4,10,20,27,07/09/2026,Clasico
12238,1,2,7,13,27,07/09/2026,Clasico
12239,6,8,11,13,19,08/09/2026,Clasico
12240,9,11,12,13,22,08/09/2026,Clasico
12241,5,7,10,26,27,09/09/2026,Clasico
12242,1,9,16,19,23,09/09/2026,Clasico
12243,2,7,10,12,14,10/09/2026,Clasico
12244,7,13,23,25,27,10/09/2026,Clasico
12245,3,4,6,14,18,11/09/2026,Clasico
12246,1,2,8,21,23,11/09/2026,Clasico
12247,5,6,8,16,25,12/09/2026,Clasico
12248,1,4,6,23,25,12/09/2026,Clasico
12249,4,6,17,19,21,13/09/2026,Clasico
12250,2,7,8,10,18,13/09/2026,Clasico
12251,6,10,14,19,21,14/09/2026,D
12251,6,10,14,19,21,14/09/2026,De las tres
12252,13,15,17,18,19,14/09/2026,Clasico
12253,2,10,14,27,28,15/09/2026,De las tres
12254,4,17,19,24,27,15/09/2026,Clasico
12255,12,17,20,22,23,16/09/2026,De las tres
12256,5,8,16,20,26,16/09/2026,Clasico
12257,2,4,12,22,26,17/09/2026,De las tres
12258,1,2,6,7,15,17/09/2026,Clasico
12259,2,3,8,24,26,18/09/2026,De las tres
12260,6,9,13,27,28,18/09/2026,Clasico
12261,3,13,14,15,17,19/09/2026,De las tres
12262,10,12,14,20,23,19/09/2026,Clasico
12263,3,11,16,19,21,20/09/2026,De las tres
12264,1,10,11,12,18,20/09/2026,Clasico
